Address:,USB0::0x0957::0x17BC::MY60101365::0::INSTR,,Time (s),Maximum(1) (V),Maximum(4) (V)
Model:,MSO-X 4154A,,2022-09-27 10:29:10.522,0.0070793,0.0038716
Serial Number:,MY60101365,,2022-09-27 10:29:11.023,0.0099245,0.0057126
Firmware Version:,07.31.2020012900,,2022-09-27 10:29:11.522,0.0080835,0.0052105
Start Time:,2022-09-27 10:29:10.522,,2022-09-27 10:29:12.022,0.0064098,0.0038716
Stop Time:,2022-09-27 10:44:10.521,,2022-09-27 10:29:12.523,0.0102592,0.004039
Sample Period:,0.5,,2022-09-27 10:29:13.020,0.0062425,0.0043737
,,,2022-09-27 10:29:13.521,0.0070793,0.0048758
,,,2022-09-27 10:29:14.021,0.0079161,0.0037042
,,,2022-09-27 10:29:14.521,0.0067446,0.0048758
,,,2022-09-27 10:29:15.021,0.0079161,0.004039
,,,2022-09-27 10:29:15.522,0.007414,0.004039
,,,2022-09-27 10:29:16.022,0.0067446,0.0047084
,,,2022-09-27 10:29:16.523,0.0077487,0.0033695
,,,2022-09-27 10:29:17.020,0.0089203,0.0055452
,,,2022-09-27 10:29:17.520,0.0085856,0.0035369
,,,2022-09-27 10:29:18.020,0.0060751,0.0052105
,,,2022-09-27 10:29:18.520,0.0084182,0.0045411
,,,2022-09-27 10:29:19.020,0.007414,0.004039
,,,2022-09-27 10:29:19.520,0.0085856,0.0045411
,,,2022-09-27 10:29:20.020,0.0070793,0.0053779
,,,2022-09-27 10:29:20.520,0.0079161,0.0042063
,,,2022-09-27 10:29:21.020,0.0069119,0.0042063
,,,2022-09-27 10:29:21.520,0.0084182,0.0045411
,,,2022-09-27 10:29:22.020,0.0090877,0.0050431
,,,2022-09-27 10:29:22.521,0.007414,0.0043737
,,,2022-09-27 10:29:23.021,0.0075814,0.0045411
,,,2022-09-27 10:29:23.521,0.0082508,0.0047084
,,,2022-09-27 10:29:24.021,0.0064098,0.0047084
,,,2022-09-27 10:29:24.521,0.0079161,0.0053779
,,,2022-09-27 10:29:25.022,0.0085856,0.0055452
,,,2022-09-27 10:29:25.521,0.0085856,0.0037042
,,,2022-09-27 10:29:26.021,0.007414,0.0037042
,,,2022-09-27 10:29:26.521,0.0069119,0.0033695
,,,2022-09-27 10:29:27.021,0.0050709,0.0047084
,,,2022-09-27 10:29:27.522,0.007414,0.0033695
,,,2022-09-27 10:29:28.022,0.0095897,0.0047084
,,,2022-09-27 10:29:28.521,0.0087529,0.0038716
,,,2022-09-27 10:29:29.021,0.0080835,0.0053779
,,,2022-09-27 10:29:29.521,0.0075814,0.0043737
,,,2022-09-27 10:29:30.022,0.0077487,0.0042063
,,,2022-09-27 10:29:30.521,0.0070793,0.0038716
,,,2022-09-27 10:29:31.021,0.0065772,0.0045411
,,,2022-09-27 10:29:31.521,0.0077487,0.0050431
,,,2022-09-27 10:29:32.021,0.0080835,0.0033695
,,,2022-09-27 10:29:32.522,0.0077487,0.0038716
,,,2022-09-27 10:29:33.021,0.009255,0.0048758
,,,2022-09-27 10:29:33.522,0.0084182,0.0047084
,,,2022-09-27 10:29:34.020,0.0077487,0.0042063
,,,2022-09-27 10:29:34.520,0.0094224,0.0052105
,,,2022-09-27 10:29:35.020,0.0085856,0.0045411
,,,2022-09-27 10:29:35.521,0.0075814,0.0042063
,,,2022-09-27 10:29:36.021,0.0069119,0.0038716
,,,2022-09-27 10:29:36.522,0.0077487,0.0053779
,,,2022-09-27 10:29:37.022,0.0097571,0.0045411
,,,2022-09-27 10:29:37.521,0.0082508,0.0045411
,,,2022-09-27 10:29:38.021,0.0065772,0.0038716
,,,2022-09-27 10:29:38.520,0.0080835,0.0042063
,,,2022-09-27 10:29:39.021,0.0070793,0.0045411
,,,2022-09-27 10:29:39.521,0.0072467,0.0043737
,,,2022-09-27 10:29:40.021,0.005573,0.0047084
,,,2022-09-27 10:29:40.522,0.0072467,0.004039
,,,2022-09-27 10:29:41.021,0.0085856,0.0043737
,,,2022-09-27 10:29:41.522,0.0067446,0.0043737
,,,2022-09-27 10:29:42.021,0.0085856,0.0043737
,,,2022-09-27 10:29:42.520,0.0064098,0.0050431
,,,2022-09-27 10:29:43.019,0.007414,0.004039
,,,2022-09-27 10:29:43.520,0.0079161,0.0043737
,,,2022-09-27 10:29:44.020,0.0089203,0.0043737
,,,2022-09-27 10:29:44.520,0.0069119,0.0057126
,,,2022-09-27 10:29:45.020,0.0085856,0.0035369
,,,2022-09-27 10:29:45.520,0.0064098,0.0048758
,,,2022-09-27 10:29:46.020,0.0067446,0.0038716
,,,2022-09-27 10:29:46.520,0.0087529,0.0035369
,,,2022-09-27 10:29:47.019,0.0090877,0.0035369
,,,2022-09-27 10:29:47.520,0.0077487,0.0045411
,,,2022-09-27 10:29:48.019,0.0087529,0.0035369
,,,2022-09-27 10:29:48.520,0.009255,0.0048758
,,,2022-09-27 10:29:49.021,0.0070793,0.00588
,,,2022-09-27 10:29:49.522,0.005573,0.004039
,,,2022-09-27 10:29:50.022,0.0080835,0.0047084
,,,2022-09-27 10:29:50.521,0.0060751,0.004039
,,,2022-09-27 10:29:51.022,0.0067446,0.0047084
,,,2022-09-27 10:29:51.520,0.0075814,0.004039
,,,2022-09-27 10:29:52.021,0.0089203,0.0037042
,,,2022-09-27 10:29:52.522,0.0075814,0.0038716
,,,2022-09-27 10:29:53.022,0.0072467,0.0042063
,,,2022-09-27 10:29:53.522,0.0100918,0.0037042
,,,2022-09-27 10:29:54.021,0.0079161,0.0037042
,,,2022-09-27 10:29:54.521,0.0080835,0.0047084
,,,2022-09-27 10:29:55.021,0.0094224,0.0033695
,,,2022-09-27 10:29:55.522,0.0065772,0.0042063
,,,2022-09-27 10:29:56.021,0.0072467,0.0043737
,,,2022-09-27 10:29:56.522,0.0070793,0.0038716
,,,2022-09-27 10:29:57.023,0.0099245,0.0038716
,,,2022-09-27 10:29:57.522,0.0080835,0.0045411
,,,2022-09-27 10:29:58.021,0.0089203,0.0043737
,,,2022-09-27 10:29:58.522,0.0065772,0.0045411
,,,2022-09-27 10:29:59.021,0.0077487,0.0053779
,,,2022-09-27 10:29:59.522,0.0077487,0.0062147
,,,2022-09-27 10:30:00.022,0.007414,0.0045411
,,,2022-09-27 10:30:00.521,0.0080835,0.0047084
,,,2022-09-27 10:30:01.021,0.0095897,0.0043737
,,,2022-09-27 10:30:01.521,0.0069119,0.0043737
,,,2022-09-27 10:30:02.021,0.0075814,0.0052105
,,,2022-09-27 10:30:02.521,0.0069119,0.0038716
,,,2022-09-27 10:30:03.021,0.0064098,0.0042063
,,,2022-09-27 10:30:03.520,0.0084182,0.0038716
,,,2022-09-27 10:30:04.020,0.0069119,0.0048758
,,,2022-09-27 10:30:04.520,0.0085856,0.0055452
,,,2022-09-27 10:30:05.020,0.0079161,0.0035369
,,,2022-09-27 10:30:05.520,0.0089203,0.0032021
,,,2022-09-27 10:30:06.021,0.0084182,0.0033695
,,,2022-09-27 10:30:06.522,0.0100918,0.0033695
,,,2022-09-27 10:30:07.022,0.0079161,0.004039
,,,2022-09-27 10:30:07.522,0.0079161,0.004039
,,,2022-09-27 10:30:08.022,0.0082508,0.0050431
,,,2022-09-27 10:30:08.523,0.0065772,0.0042063
,,,2022-09-27 10:30:09.022,0.007414,0.0047084
,,,2022-09-27 10:30:09.521,0.007414,0.0037042
,,,2022-09-27 10:30:10.022,0.0084182,0.0042063
,,,2022-09-27 10:30:10.522,0.0089203,0.0038716
,,,2022-09-27 10:30:11.022,0.0090877,0.0052105
,,,2022-09-27 10:30:11.521,0.0094224,0.0043737
,,,2022-09-27 10:30:12.022,0.0079161,0.0042063
,,,2022-09-27 10:30:12.521,0.0065772,0.0042063
,,,2022-09-27 10:30:13.021,0.0095897,0.0042063
,,,2022-09-27 10:30:13.521,0.0084182,0.0045411
,,,2022-09-27 10:30:14.021,0.005573,0.0048758
,,,2022-09-27 10:30:14.523,0.007414,0.0037042
,,,2022-09-27 10:30:15.021,0.0062425,0.0047084
,,,2022-09-27 10:30:15.522,0.0057404,0.0037042
,,,2022-09-27 10:30:16.022,0.0070793,0.0037042
,,,2022-09-27 10:30:16.522,0.0082508,0.0042063
,,,2022-09-27 10:30:17.022,0.0072467,0.0042063
,,,2022-09-27 10:30:17.521,0.0087529,0.0047084
,,,2022-09-27 10:30:18.021,0.0075814,0.00588
,,,2022-09-27 10:30:18.522,0.0087529,0.0052105
,,,2022-09-27 10:30:19.021,0.0072467,0.0063821
,,,2022-09-27 10:30:19.521,0.0070793,0.0045411
,,,2022-09-27 10:30:20.020,0.0075814,0.0047084
,,,2022-09-27 10:30:20.520,0.0084182,0.0052105
,,,2022-09-27 10:30:21.021,0.0067446,0.0042063
,,,2022-09-27 10:30:21.520,0.0072467,0.0050431
,,,2022-09-27 10:30:22.021,0.0087529,0.004039
,,,2022-09-27 10:30:22.521,0.0067446,0.0052105
,,,2022-09-27 10:30:23.021,0.0077487,0.0055452
,,,2022-09-27 10:30:23.521,0.0084182,0.0043737
,,,2022-09-27 10:30:24.022,0.0070793,0.0052105
,,,2022-09-27 10:30:24.523,0.0065772,0.004039
,,,2022-09-27 10:30:25.021,0.0097571,0.0047084
,,,2022-09-27 10:30:25.521,0.0077487,0.0047084
,,,2022-09-27 10:30:26.021,0.0070793,0.0048758
,,,2022-09-27 10:30:26.521,0.0062425,0.0043737
,,,2022-09-27 10:30:27.021,0.0087529,0.0038716
,,,2022-09-27 10:30:27.521,0.0079161,0.0043737
,,,2022-09-27 10:30:28.022,0.0079161,0.0045411
,,,2022-09-27 10:30:28.522,0.0080835,0.004039
,,,2022-09-27 10:30:29.022,0.0064098,0.0038716
,,,2022-09-27 10:30:29.520,0.0060751,0.0065494
,,,2022-09-27 10:30:30.021,0.0072467,0.0057126
,,,2022-09-27 10:30:30.521,0.0079161,0.0043737
,,,2022-09-27 10:30:31.021,0.0079161,0.0043737
,,,2022-09-27 10:30:31.521,0.0085856,0.0035369
,,,2022-09-27 10:30:32.023,0.0059077,0.0043737
,,,2022-09-27 10:30:32.524,0.0084182,0.0043737
,,,2022-09-27 10:30:33.021,0.0080835,0.0060473
,,,2022-09-27 10:30:33.521,0.007414,0.0047084
,,,2022-09-27 10:30:34.021,0.0080835,0.0042063
,,,2022-09-27 10:30:34.520,0.007414,0.0042063
,,,2022-09-27 10:30:35.021,0.0084182,0.0048758
,,,2022-09-27 10:30:35.523,0.0079161,0.0050431
,,,2022-09-27 10:30:36.023,0.0075814,0.0038716
,,,2022-09-27 10:30:36.521,0.0080835,0.0045411
,,,2022-09-27 10:30:37.022,0.009255,0.0045411
,,,2022-09-27 10:30:37.521,0.0062425,0.0037042
,,,2022-09-27 10:30:38.021,0.009255,0.0037042
,,,2022-09-27 10:30:38.523,0.0067446,0.0037042
,,,2022-09-27 10:30:39.022,0.0070793,0.0052105
,,,2022-09-27 10:30:39.522,0.0070793,0.0043737
,,,2022-09-27 10:30:40.022,0.007414,0.0043737
,,,2022-09-27 10:30:40.521,0.0077487,0.0042063
,,,2022-09-27 10:30:41.022,0.0077487,0.0052105
,,,2022-09-27 10:30:41.521,0.0072467,0.0038716
,,,2022-09-27 10:30:42.022,0.0065772,0.0042063
,,,2022-09-27 10:30:42.522,0.0079161,0.0037042
,,,2022-09-27 10:30:43.021,0.0089203,0.004039
,,,2022-09-27 10:30:43.523,0.0079161,0.0057126
,,,2022-09-27 10:30:44.022,0.005573,0.0035369
,,,2022-09-27 10:30:44.522,0.0080835,0.0038716
,,,2022-09-27 10:30:45.021,0.005573,0.0038716
,,,2022-09-27 10:30:45.522,0.0085856,0.0043737
,,,2022-09-27 10:30:46.022,0.0077487,0.0048758
,,,2022-09-27 10:30:46.522,0.0079161,0.0062147
,,,2022-09-27 10:30:47.022,0.0064098,0.0050431
,,,2022-09-27 10:30:47.521,0.0069119,0.0060473
,,,2022-09-27 10:30:48.022,0.0065772,0.0037042
,,,2022-09-27 10:30:48.522,0.0085856,0.004039
,,,2022-09-27 10:30:49.021,0.0087529,0.0037042
,,,2022-09-27 10:30:49.521,0.007414,0.0047084
,,,2022-09-27 10:30:50.022,0.0077487,0.0038716
,,,2022-09-27 10:30:50.521,0.0067446,0.0047084
,,,2022-09-27 10:30:51.022,0.0067446,0.0037042
,,,2022-09-27 10:30:51.522,0.0082508,0.0045411
,,,2022-09-27 10:30:52.022,0.0077487,0.0047084
,,,2022-09-27 10:30:52.521,0.007414,0.0038716
,,,2022-09-27 10:30:53.021,0.0077487,0.004039
,,,2022-09-27 10:30:53.521,0.0082508,0.0047084
,,,2022-09-27 10:30:54.021,0.0072467,0.0043737
,,,2022-09-27 10:30:54.520,0.0082508,0.0042063
,,,2022-09-27 10:30:55.021,0.0082508,0.0048758
,,,2022-09-27 10:30:55.521,0.0067446,0.0048758
,,,2022-09-27 10:30:56.021,0.0104266,0.0052105
,,,2022-09-27 10:30:56.522,0.0085856,0.0042063
,,,2022-09-27 10:30:57.022,0.0087529,0.0042063
,,,2022-09-27 10:30:57.522,0.0090877,0.0048758
,,,2022-09-27 10:30:58.021,0.0079161,0.0043737
,,,2022-09-27 10:30:58.522,0.0070793,0.0047084
,,,2022-09-27 10:30:59.022,0.0090877,0.0047084
,,,2022-09-27 10:30:59.522,0.0080835,0.00588
,,,2022-09-27 10:31:00.022,0.0095897,0.0038716
,,,2022-09-27 10:31:00.522,0.0067446,0.0052105
,,,2022-09-27 10:31:01.023,0.0087529,0.0042063
,,,2022-09-27 10:31:01.521,0.0080835,0.0037042
,,,2022-09-27 10:31:02.021,0.0079161,0.0037042
,,,2022-09-27 10:31:02.521,0.0080835,0.0057126
,,,2022-09-27 10:31:03.021,0.0067446,0.0043737
,,,2022-09-27 10:31:03.521,0.0052383,0.0043737
,,,2022-09-27 10:31:04.022,0.007414,0.0038716
,,,2022-09-27 10:31:04.522,0.0090877,0.0042063
,,,2022-09-27 10:31:05.021,0.0072467,0.0042063
,,,2022-09-27 10:31:05.521,0.0090877,0.0038716
,,,2022-09-27 10:31:06.021,0.0067446,0.004039
,,,2022-09-27 10:31:06.521,0.0064098,0.0048758
,,,2022-09-27 10:31:07.022,0.0065772,0.0042063
,,,2022-09-27 10:31:07.521,0.0077487,0.0052105
,,,2022-09-27 10:31:08.021,0.0072467,0.0045411
,,,2022-09-27 10:31:08.522,0.0067446,0.0042063
,,,2022-09-27 10:31:09.022,0.0072467,0.0037042
,,,2022-09-27 10:31:09.521,0.0087529,0.004039
,,,2022-09-27 10:31:10.022,0.005573,0.0057126
,,,2022-09-27 10:31:10.522,0.0084182,0.0045411
,,,2022-09-27 10:31:11.021,0.0089203,0.0038716
,,,2022-09-27 10:31:11.521,0.0065772,0.0047084
,,,2022-09-27 10:31:12.022,0.0079161,0.0037042
,,,2022-09-27 10:31:12.522,0.0082508,0.0035369
,,,2022-09-27 10:31:13.021,0.009255,0.0048758
,,,2022-09-27 10:31:13.521,0.009255,0.0050431
,,,2022-09-27 10:31:14.021,0.0085856,0.0033695
,,,2022-09-27 10:31:14.521,0.0064098,0.0055452
,,,2022-09-27 10:31:15.021,0.0065772,0.0043737
,,,2022-09-27 10:31:15.521,0.0075814,0.0038716
,,,2022-09-27 10:31:16.021,0.0077487,0.0042063
,,,2022-09-27 10:31:16.522,0.0072467,0.0053779
,,,2022-09-27 10:31:17.022,0.0085856,0.0048758
,,,2022-09-27 10:31:17.522,0.0084182,0.0037042
,,,2022-09-27 10:31:18.021,0.0082508,0.0038716
,,,2022-09-27 10:31:18.522,0.0067446,0.0038716
,,,2022-09-27 10:31:19.021,0.0060751,0.0042063
,,,2022-09-27 10:31:19.521,0.0104266,0.0037042
,,,2022-09-27 10:31:20.021,0.0079161,0.0050431
,,,2022-09-27 10:31:20.522,0.0060751,0.00588
,,,2022-09-27 10:31:21.021,0.0064098,0.0053779
,,,2022-09-27 10:31:21.521,0.0079161,0.0053779
,,,2022-09-27 10:31:22.022,0.0072467,0.0037042
,,,2022-09-27 10:31:22.520,0.0054056,0.0047084
,,,2022-09-27 10:31:23.020,0.0059077,0.0048758
,,,2022-09-27 10:31:23.520,0.0087529,0.0050431
,,,2022-09-27 10:31:24.020,0.0077487,0.0045411
,,,2022-09-27 10:31:24.520,0.0059077,0.0042063
,,,2022-09-27 10:31:25.019,0.0064098,0.0053779
,,,2022-09-27 10:31:25.519,0.0047362,0.0043737
,,,2022-09-27 10:31:26.019,0.0090877,0.0038716
,,,2022-09-27 10:31:26.520,0.0062425,0.0047084
,,,2022-09-27 10:31:27.019,0.0075814,0.0043737
,,,2022-09-27 10:31:27.519,0.0097571,0.0043737
,,,2022-09-27 10:31:28.019,0.0069119,0.0035369
,,,2022-09-27 10:31:28.519,0.007414,0.0038716
,,,2022-09-27 10:31:29.019,0.0064098,0.004039
,,,2022-09-27 10:31:29.519,0.0082508,0.0045411
,,,2022-09-27 10:31:30.019,0.0079161,0.0043737
,,,2022-09-27 10:31:30.519,0.0089203,0.0038716
,,,2022-09-27 10:31:31.021,0.0104266,0.0052105
,,,2022-09-27 10:31:31.522,0.0072467,0.0035369
,,,2022-09-27 10:31:32.022,0.0077487,0.0050431
,,,2022-09-27 10:31:32.523,0.0079161,0.0033695
,,,2022-09-27 10:31:33.022,0.0065772,0.0047084
,,,2022-09-27 10:31:33.520,0.0079161,0.0037042
,,,2022-09-27 10:31:34.021,0.0059077,0.0050431
,,,2022-09-27 10:31:34.521,0.0070793,0.0035369
,,,2022-09-27 10:31:35.022,0.0085856,0.0038716
,,,2022-09-27 10:31:35.523,0.0069119,0.0045411
,,,2022-09-27 10:31:36.022,0.0085856,0.0042063
,,,2022-09-27 10:31:36.521,0.0072467,0.0042063
,,,2022-09-27 10:31:37.022,0.007414,0.0053779
,,,2022-09-27 10:31:37.523,0.0075814,0.0052105
,,,2022-09-27 10:31:38.022,0.0064098,0.0048758
,,,2022-09-27 10:31:38.521,0.0075814,0.0048758
,,,2022-09-27 10:31:39.021,0.0075814,0.0042063
,,,2022-09-27 10:31:39.522,0.0072467,0.0047084
,,,2022-09-27 10:31:40.021,0.0067446,0.0047084
,,,2022-09-27 10:31:40.522,0.0084182,0.004039
,,,2022-09-27 10:31:41.022,0.0070793,0.0042063
,,,2022-09-27 10:31:41.521,0.0072467,0.0042063
,,,2022-09-27 10:31:42.021,0.0059077,0.0038716
,,,2022-09-27 10:31:42.522,0.0072467,0.0045411
,,,2022-09-27 10:31:43.023,0.0079161,0.0043737
,,,2022-09-27 10:31:43.522,0.0087529,0.0063821
,,,2022-09-27 10:31:44.021,0.0060751,0.0043737
,,,2022-09-27 10:31:44.522,0.0070793,0.004039
,,,2022-09-27 10:31:45.022,0.0075814,0.0035369
,,,2022-09-27 10:31:45.521,0.007414,0.0050431
,,,2022-09-27 10:31:46.022,0.0080835,0.0042063
,,,2022-09-27 10:31:46.521,0.0082508,0.0055452
,,,2022-09-27 10:31:47.021,0.0067446,0.0048758
,,,2022-09-27 10:31:47.521,0.0070793,0.004039
,,,2022-09-27 10:31:48.022,0.0072467,0.0043737
,,,2022-09-27 10:31:48.523,0.0067446,0.004039
,,,2022-09-27 10:31:49.022,0.0085856,0.0035369
,,,2022-09-27 10:31:49.521,0.0089203,0.0042063
,,,2022-09-27 10:31:50.021,0.0087529,0.0045411
,,,2022-09-27 10:31:50.520,0.0095897,0.0037042
,,,2022-09-27 10:31:51.021,0.007414,0.004039
,,,2022-09-27 10:31:51.521,0.007414,0.0047084
,,,2022-09-27 10:31:52.021,0.0072467,0.0053779
,,,2022-09-27 10:31:52.521,0.0065772,0.0047084
,,,2022-09-27 10:31:53.021,0.0069119,0.0035369
,,,2022-09-27 10:31:53.522,0.0072467,0.004039
,,,2022-09-27 10:31:54.022,0.0082508,0.0043737
,,,2022-09-27 10:31:54.522,0.0099245,0.0045411
,,,2022-09-27 10:31:55.021,0.0060751,0.0050431
,,,2022-09-27 10:31:55.523,0.0070793,0.0043737
,,,2022-09-27 10:31:56.021,0.0094224,0.0043737
,,,2022-09-27 10:31:56.521,0.0069119,0.004039
,,,2022-09-27 10:31:57.021,0.0077487,0.0042063
,,,2022-09-27 10:31:57.522,0.0090877,0.0037042
,,,2022-09-27 10:31:58.020,0.0082508,0.0038716
,,,2022-09-27 10:31:58.520,0.0059077,0.0038716
,,,2022-09-27 10:31:59.021,0.0065772,0.0037042
,,,2022-09-27 10:31:59.521,0.0069119,0.0047084
,,,2022-09-27 10:32:00.023,0.007414,0.0038716
,,,2022-09-27 10:32:00.522,0.0077487,0.0045411
,,,2022-09-27 10:32:01.022,0.0094224,0.0050431
,,,2022-09-27 10:32:01.521,0.0062425,0.0042063
,,,2022-09-27 10:32:02.023,0.0072467,0.0047084
,,,2022-09-27 10:32:02.522,0.0067446,0.00588
,,,2022-09-27 10:32:03.021,0.0079161,0.004039
,,,2022-09-27 10:32:03.522,0.0082508,0.0042063
,,,2022-09-27 10:32:04.022,0.0070793,0.0038716
,,,2022-09-27 10:32:04.521,0.0075814,0.0052105
,,,2022-09-27 10:32:05.021,0.0054056,0.0048758
,,,2022-09-27 10:32:05.521,0.0059077,0.0043737
,,,2022-09-27 10:32:06.022,0.0069119,0.0037042
,,,2022-09-27 10:32:06.521,0.0067446,0.0042063
,,,2022-09-27 10:32:07.022,0.007414,0.0042063
,,,2022-09-27 10:32:07.520,0.0094224,0.0047084
,,,2022-09-27 10:32:08.020,0.0090877,0.0043737
,,,2022-09-27 10:32:08.520,0.0072467,0.0035369
,,,2022-09-27 10:32:09.021,0.007414,0.0050431
,,,2022-09-27 10:32:09.520,0.0080835,0.0055452
,,,2022-09-27 10:32:10.021,0.0075814,0.0052105
,,,2022-09-27 10:32:10.521,0.0059077,0.0043737
,,,2022-09-27 10:32:11.021,0.007414,0.0043737
,,,2022-09-27 10:32:11.520,0.0090877,0.0042063
,,,2022-09-27 10:32:12.020,0.0067446,0.0047084
,,,2022-09-27 10:32:12.520,0.0094224,0.004039
,,,2022-09-27 10:32:13.020,0.0080835,0.0042063
,,,2022-09-27 10:32:13.520,0.0077487,0.0047084
,,,2022-09-27 10:32:14.019,0.009255,0.0048758
,,,2022-09-27 10:32:14.520,0.0080835,0.0047084
,,,2022-09-27 10:32:15.020,0.0079161,0.004039
,,,2022-09-27 10:32:15.521,0.007414,0.0045411
,,,2022-09-27 10:32:16.023,0.0077487,0.0045411
,,,2022-09-27 10:32:16.523,0.0070793,0.0037042
,,,2022-09-27 10:32:17.023,0.0075814,0.0048758
,,,2022-09-27 10:32:17.521,0.0075814,0.0033695
,,,2022-09-27 10:32:18.022,0.0089203,0.00588
,,,2022-09-27 10:32:18.522,0.0077487,0.0048758
,,,2022-09-27 10:32:19.022,0.0084182,0.0053779
,,,2022-09-27 10:32:19.523,0.0070793,0.0035369
,,,2022-09-27 10:32:20.022,0.0079161,0.0033695
,,,2022-09-27 10:32:20.522,0.0104266,0.004039
,,,2022-09-27 10:32:21.021,0.0054056,0.0047084
,,,2022-09-27 10:32:21.522,0.0067446,0.0042063
,,,2022-09-27 10:32:22.022,0.0072467,0.0037042
,,,2022-09-27 10:32:22.522,0.0069119,0.0043737
,,,2022-09-27 10:32:23.021,0.0082508,0.0033695
,,,2022-09-27 10:32:23.521,0.0064098,0.0048758
,,,2022-09-27 10:32:24.021,0.0085856,0.0042063
,,,2022-09-27 10:32:24.521,0.0060751,0.0047084
,,,2022-09-27 10:32:25.022,0.0062425,0.0037042
,,,2022-09-27 10:32:25.523,0.0079161,0.00588
,,,2022-09-27 10:32:26.022,0.0087529,0.0060473
,,,2022-09-27 10:32:26.522,0.0084182,0.0072189
,,,2022-09-27 10:32:27.021,0.0054056,0.0042063
,,,2022-09-27 10:32:27.521,0.0089203,0.0042063
,,,2022-09-27 10:32:28.021,0.0079161,0.0047084
,,,2022-09-27 10:32:28.522,0.0060751,0.0038716
,,,2022-09-27 10:32:29.023,0.0069119,0.0047084
,,,2022-09-27 10:32:29.521,0.0070793,0.0045411
,,,2022-09-27 10:32:30.021,0.0062425,0.0050431
,,,2022-09-27 10:32:30.522,0.0062425,0.0037042
,,,2022-09-27 10:32:31.023,0.0084182,0.0048758
,,,2022-09-27 10:32:31.521,0.0070793,0.0043737
,,,2022-09-27 10:32:32.022,0.0070793,0.0060473
,,,2022-09-27 10:32:32.521,0.0077487,0.0047084
,,,2022-09-27 10:32:33.021,0.0099245,0.0047084
,,,2022-09-27 10:32:33.521,0.009255,0.0037042
,,,2022-09-27 10:32:34.021,0.0075814,0.0038716
,,,2022-09-27 10:32:34.521,0.0082508,0.0042063
,,,2022-09-27 10:32:35.022,0.0085856,0.0062147
,,,2022-09-27 10:32:35.522,0.0069119,0.0047084
,,,2022-09-27 10:32:36.021,0.0079161,0.0035369
,,,2022-09-27 10:32:36.521,0.0067446,0.0035369
,,,2022-09-27 10:32:37.021,0.0072467,0.0037042
,,,2022-09-27 10:32:37.522,0.0087529,0.0053779
,,,2022-09-27 10:32:38.021,0.0085856,0.0052105
,,,2022-09-27 10:32:38.521,0.0100918,0.0043737
,,,2022-09-27 10:32:39.022,0.0072467,0.0037042
,,,2022-09-27 10:32:39.522,0.0067446,0.004039
,,,2022-09-27 10:32:40.021,0.0069119,0.0047084
,,,2022-09-27 10:32:40.522,0.0070793,0.004039
,,,2022-09-27 10:32:41.021,0.0070793,0.0042063
,,,2022-09-27 10:32:41.522,0.0075814,0.0047084
,,,2022-09-27 10:32:42.021,0.0065772,0.0045411
,,,2022-09-27 10:32:42.521,0.0072467,0.0045411
,,,2022-09-27 10:32:43.022,0.0065772,0.004039
,,,2022-09-27 10:32:43.522,0.0070793,0.0037042
,,,2022-09-27 10:32:44.022,0.0084182,0.0035369
,,,2022-09-27 10:32:44.521,0.0075814,0.0038716
,,,2022-09-27 10:32:45.020,0.0075814,0.0050431
,,,2022-09-27 10:32:45.520,0.0069119,0.0043737
,,,2022-09-27 10:32:46.021,0.0059077,0.0052105
,,,2022-09-27 10:32:46.521,0.0080835,0.0038716
,,,2022-09-27 10:32:47.022,0.0095897,0.0053779
,,,2022-09-27 10:32:47.522,0.0079161,0.0038716
,,,2022-09-27 10:32:48.022,0.0065772,0.0052105
,,,2022-09-27 10:32:48.521,0.0080835,0.0042063
,,,2022-09-27 10:32:49.022,0.0067446,0.0052105
,,,2022-09-27 10:32:49.522,0.0070793,0.0042063
,,,2022-09-27 10:32:50.022,0.0085856,0.0037042
,,,2022-09-27 10:32:50.521,0.0067446,0.0045411
,,,2022-09-27 10:32:51.021,0.0075814,0.0035369
,,,2022-09-27 10:32:51.521,0.0072467,0.0047084
,,,2022-09-27 10:32:52.021,0.0070793,0.0037042
,,,2022-09-27 10:32:52.522,0.0062425,0.0050431
,,,2022-09-27 10:32:53.022,0.0087529,0.0052105
,,,2022-09-27 10:32:53.523,0.007414,0.0047084
,,,2022-09-27 10:32:54.021,0.0077487,0.0055452
,,,2022-09-27 10:32:54.521,0.0064098,0.0043737
,,,2022-09-27 10:32:55.022,0.0069119,0.004039
,,,2022-09-27 10:32:55.522,0.0082508,0.0042063
,,,2022-09-27 10:32:56.021,0.0065772,0.004039
,,,2022-09-27 10:32:56.522,0.0094224,0.0047084
,,,2022-09-27 10:32:57.023,0.0079161,0.0055452
,,,2022-09-27 10:32:57.520,0.0075814,0.0042063
,,,2022-09-27 10:32:58.020,0.0094224,0.004039
,,,2022-09-27 10:32:58.521,0.0070793,0.004039
,,,2022-09-27 10:32:59.021,0.0077487,0.0045411
,,,2022-09-27 10:32:59.521,0.0079161,0.0047084
,,,2022-09-27 10:33:00.021,0.0077487,0.004039
,,,2022-09-27 10:33:00.521,0.0090877,0.0045411
,,,2022-09-27 10:33:01.021,0.0089203,0.004039
,,,2022-09-27 10:33:01.522,0.0069119,0.0048758
,,,2022-09-27 10:33:02.023,0.0067446,0.0042063
,,,2022-09-27 10:33:02.522,0.0075814,0.004039
,,,2022-09-27 10:33:03.022,0.0077487,0.0035369
,,,2022-09-27 10:33:03.521,0.0087529,0.0055452
,,,2022-09-27 10:33:04.021,0.0065772,0.004039
,,,2022-09-27 10:33:04.521,0.0072467,0.0048758
,,,2022-09-27 10:33:05.021,0.0089203,0.0037042
,,,2022-09-27 10:33:05.521,0.0075814,0.0042063
,,,2022-09-27 10:33:06.021,0.0060751,0.0043737
,,,2022-09-27 10:33:06.521,0.0090877,0.0050431
,,,2022-09-27 10:33:07.022,0.0077487,0.0045411
,,,2022-09-27 10:33:07.523,0.005573,0.0045411
,,,2022-09-27 10:33:08.023,0.0102592,0.0062147
,,,2022-09-27 10:33:08.522,0.0085856,0.0043737
,,,2022-09-27 10:33:09.023,0.0085856,0.0048758
,,,2022-09-27 10:33:09.522,0.0064098,0.0048758
,,,2022-09-27 10:33:10.022,0.0084182,0.0038716
,,,2022-09-27 10:33:10.522,0.0080835,0.0047084
,,,2022-09-27 10:33:11.023,0.0085856,0.0043737
,,,2022-09-27 10:33:11.522,0.0070793,0.0043737
,,,2022-09-27 10:33:12.021,0.0080835,0.0037042
,,,2022-09-27 10:33:12.522,0.0080835,0.0047084
,,,2022-09-27 10:33:13.022,0.0075814,0.0045411
,,,2022-09-27 10:33:13.522,0.0067446,0.0052105
,,,2022-09-27 10:33:14.021,0.0064098,0.0047084
,,,2022-09-27 10:33:14.521,0.0079161,0.0033695
,,,2022-09-27 10:33:15.022,0.0082508,0.0048758
,,,2022-09-27 10:33:15.522,0.0097571,0.004039
,,,2022-09-27 10:33:16.023,0.0077487,0.0042063
,,,2022-09-27 10:33:16.522,0.0090877,0.0038716
,,,2022-09-27 10:33:17.022,0.007414,0.0042063
,,,2022-09-27 10:33:17.522,0.0072467,0.0042063
,,,2022-09-27 10:33:18.021,0.0087529,0.0048758
,,,2022-09-27 10:33:18.522,0.0064098,0.0042063
,,,2022-09-27 10:33:19.023,0.009255,0.0050431
,,,2022-09-27 10:33:19.521,0.0077487,0.0050431
,,,2022-09-27 10:33:20.022,0.0057404,0.004039
,,,2022-09-27 10:33:20.522,0.0085856,0.0048758
,,,2022-09-27 10:33:21.021,0.0072467,0.0042063
,,,2022-09-27 10:33:21.522,0.0065772,0.004039
,,,2022-09-27 10:33:22.023,0.0099245,0.0035369
,,,2022-09-27 10:33:22.521,0.0060751,0.0042063
,,,2022-09-27 10:33:23.022,0.0089203,0.004039
,,,2022-09-27 10:33:23.522,0.0075814,0.0042063
,,,2022-09-27 10:33:24.022,0.0075814,0.004039
,,,2022-09-27 10:33:24.522,0.0077487,0.0048758
,,,2022-09-27 10:33:25.022,0.0102592,0.0042063
,,,2022-09-27 10:33:25.521,0.0082508,0.0038716
,,,2022-09-27 10:33:26.022,0.0077487,0.0048758
,,,2022-09-27 10:33:26.521,0.0079161,0.0035369
,,,2022-09-27 10:33:27.021,0.0079161,0.0037042
,,,2022-09-27 10:33:27.521,0.007414,0.0037042
,,,2022-09-27 10:33:28.021,0.0060751,0.0042063
,,,2022-09-27 10:33:28.521,0.007414,0.0042063
,,,2022-09-27 10:33:29.021,0.0095897,0.0038716
,,,2022-09-27 10:33:29.521,0.0079161,0.0038716
,,,2022-09-27 10:33:30.022,0.009255,0.0045411
,,,2022-09-27 10:33:30.523,0.0089203,0.0035369
,,,2022-09-27 10:33:31.022,0.0089203,0.0043737
,,,2022-09-27 10:33:31.522,0.0075814,0.0037042
,,,2022-09-27 10:33:32.022,0.0062425,0.0035369
,,,2022-09-27 10:33:32.521,0.0072467,0.0045411
,,,2022-09-27 10:33:33.022,0.0079161,0.0035369
,,,2022-09-27 10:33:33.522,0.0075814,0.0042063
,,,2022-09-27 10:33:34.020,0.0075814,0.004039
,,,2022-09-27 10:33:34.520,0.0077487,0.0043737
,,,2022-09-27 10:33:35.021,0.0065772,0.0042063
,,,2022-09-27 10:33:35.521,0.0072467,0.0037042
,,,2022-09-27 10:33:36.021,0.0067446,0.0042063
,,,2022-09-27 10:33:36.522,0.007414,0.0055452
,,,2022-09-27 10:33:37.022,0.0072467,0.0048758
,,,2022-09-27 10:33:37.521,0.0075814,0.0043737
,,,2022-09-27 10:33:38.022,0.0097571,0.0038716
,,,2022-09-27 10:33:38.522,0.007414,0.0067168
,,,2022-09-27 10:33:39.022,0.0070793,0.0042063
,,,2022-09-27 10:33:39.522,0.0080835,0.0053779
,,,2022-09-27 10:33:40.021,0.0072467,0.0038716
,,,2022-09-27 10:33:40.522,0.0080835,0.0037042
,,,2022-09-27 10:33:41.022,0.0075814,0.0042063
,,,2022-09-27 10:33:41.522,0.0069119,0.0055452
,,,2022-09-27 10:33:42.020,0.0102592,0.004039
,,,2022-09-27 10:33:42.521,0.0065772,0.0035369
,,,2022-09-27 10:33:43.022,0.0080835,0.0050431
,,,2022-09-27 10:33:43.522,0.0084182,0.0048758
,,,2022-09-27 10:33:44.021,0.0089203,0.0050431
,,,2022-09-27 10:33:44.521,0.0069119,0.0048758
,,,2022-09-27 10:33:45.021,0.0084182,0.0048758
,,,2022-09-27 10:33:45.520,0.0080835,0.0042063
,,,2022-09-27 10:33:46.021,0.0082508,0.004039
,,,2022-09-27 10:33:46.521,0.0070793,0.004039
,,,2022-09-27 10:33:47.022,0.0075814,0.004039
,,,2022-09-27 10:33:47.521,0.0079161,0.0045411
,,,2022-09-27 10:33:48.021,0.0069119,0.004039
,,,2022-09-27 10:33:48.522,0.0084182,0.0053779
,,,2022-09-27 10:33:49.021,0.0072467,0.0043737
,,,2022-09-27 10:33:49.521,0.0069119,0.0055452
,,,2022-09-27 10:33:50.021,0.0080835,0.0050431
,,,2022-09-27 10:33:50.521,0.0079161,0.0047084
,,,2022-09-27 10:33:51.021,0.0100918,0.004039
,,,2022-09-27 10:33:51.521,0.0067446,0.0042063
,,,2022-09-27 10:33:52.021,0.0064098,0.0043737
,,,2022-09-27 10:33:52.521,0.0072467,0.0042063
,,,2022-09-27 10:33:53.021,0.0075814,0.004039
,,,2022-09-27 10:33:53.521,0.0090877,0.0043737
,,,2022-09-27 10:33:54.021,0.0089203,0.0047084
,,,2022-09-27 10:33:54.521,0.0082508,0.0037042
,,,2022-09-27 10:33:55.021,0.0085856,0.0042063
,,,2022-09-27 10:33:55.523,0.0069119,0.0045411
,,,2022-09-27 10:33:56.021,0.0059077,0.0050431
,,,2022-09-27 10:33:56.523,0.0077487,0.0043737
,,,2022-09-27 10:33:57.023,0.0084182,0.0052105
,,,2022-09-27 10:33:57.522,0.0085856,0.0047084
,,,2022-09-27 10:33:58.024,0.0075814,0.0047084
,,,2022-09-27 10:33:58.520,0.0072467,0.0042063
,,,2022-09-27 10:33:59.020,0.0062425,0.0045411
,,,2022-09-27 10:33:59.521,0.0067446,0.004039
,,,2022-09-27 10:34:00.023,0.0077487,0.0048758
,,,2022-09-27 10:34:00.522,0.0079161,0.0050431
,,,2022-09-27 10:34:01.022,0.0080835,0.004039
,,,2022-09-27 10:34:01.522,0.0075814,0.0045411
,,,2022-09-27 10:34:02.021,0.009255,0.0050431
,,,2022-09-27 10:34:02.522,0.0065772,0.0047084
,,,2022-09-27 10:34:03.021,0.0082508,0.0043737
,,,2022-09-27 10:34:03.522,0.0077487,0.004039
,,,2022-09-27 10:34:04.022,0.0077487,0.0043737
,,,2022-09-27 10:34:04.521,0.0067446,0.00588
,,,2022-09-27 10:34:05.021,0.0079161,0.0048758
,,,2022-09-27 10:34:05.521,0.0089203,0.0043737
,,,2022-09-27 10:34:06.022,0.0077487,0.0045411
,,,2022-09-27 10:34:06.521,0.0084182,0.0037042
,,,2022-09-27 10:34:07.021,0.0089203,0.0050431
,,,2022-09-27 10:34:07.522,0.0077487,0.0048758
,,,2022-09-27 10:34:08.021,0.0087529,0.0037042
,,,2022-09-27 10:34:08.522,0.0067446,0.0052105
,,,2022-09-27 10:34:09.022,0.0095897,0.0047084
,,,2022-09-27 10:34:09.521,0.0079161,0.0037042
,,,2022-09-27 10:34:10.022,0.0065772,0.0033695
,,,2022-09-27 10:34:10.522,0.0084182,0.0043737
,,,2022-09-27 10:34:11.021,0.007414,0.0047084
,,,2022-09-27 10:34:11.522,0.0079161,0.0052105
,,,2022-09-27 10:34:12.021,0.0089203,0.0033695
,,,2022-09-27 10:34:12.521,0.0082508,0.0038716
,,,2022-09-27 10:34:13.021,0.0085856,0.0050431
,,,2022-09-27 10:34:13.522,0.0077487,0.0062147
,,,2022-09-27 10:34:14.023,0.0085856,0.0043737
,,,2022-09-27 10:34:14.520,0.0072467,0.0037042
,,,2022-09-27 10:34:15.020,0.009255,0.0043737
,,,2022-09-27 10:34:15.521,0.0075814,0.0048758
,,,2022-09-27 10:34:16.021,0.0082508,0.0048758
,,,2022-09-27 10:34:16.522,0.0082508,0.0042063
,,,2022-09-27 10:34:17.022,0.0080835,0.0033695
,,,2022-09-27 10:34:17.522,0.009255,0.0038716
,,,2022-09-27 10:34:18.023,0.0099245,0.0038716
,,,2022-09-27 10:34:18.521,0.0070793,0.0052105
,,,2022-09-27 10:34:19.022,0.0102592,0.0043737
,,,2022-09-27 10:34:19.522,0.0079161,0.004039
,,,2022-09-27 10:34:20.021,0.0072467,0.0047084
,,,2022-09-27 10:34:20.522,0.0084182,0.0042063
,,,2022-09-27 10:34:21.022,0.0082508,0.0038716
,,,2022-09-27 10:34:21.522,0.0085856,0.0055452
,,,2022-09-27 10:34:22.021,0.009255,0.004039
,,,2022-09-27 10:34:22.522,0.0089203,0.0053779
,,,2022-09-27 10:34:23.021,0.0084182,0.0063821
,,,2022-09-27 10:34:23.522,0.0079161,0.0042063
,,,2022-09-27 10:34:24.021,0.0080835,0.004039
,,,2022-09-27 10:34:24.522,0.0089203,0.00588
,,,2022-09-27 10:34:25.022,0.0054056,0.0043737
,,,2022-09-27 10:34:25.522,0.0085856,0.0050431
,,,2022-09-27 10:34:26.021,0.0070793,0.0055452
,,,2022-09-27 10:34:26.521,0.007414,0.0042063
,,,2022-09-27 10:34:27.021,0.0082508,0.0035369
,,,2022-09-27 10:34:27.521,0.0075814,0.0050431
,,,2022-09-27 10:34:28.022,0.0069119,0.0037042
,,,2022-09-27 10:34:28.523,0.009255,0.0045411
,,,2022-09-27 10:34:29.022,0.0057404,0.0047084
,,,2022-09-27 10:34:29.522,0.0084182,0.0037042
,,,2022-09-27 10:34:30.022,0.0077487,0.0037042
,,,2022-09-27 10:34:30.521,0.0077487,0.0045411
,,,2022-09-27 10:34:31.021,0.0067446,0.00588
,,,2022-09-27 10:34:31.521,0.0079161,0.0045411
,,,2022-09-27 10:34:32.022,0.0062425,0.004039
,,,2022-09-27 10:34:32.522,0.0059077,0.0050431
,,,2022-09-27 10:34:33.021,0.0077487,0.0038716
,,,2022-09-27 10:34:33.521,0.0069119,0.0057126
,,,2022-09-27 10:34:34.020,0.0065772,0.0037042
,,,2022-09-27 10:34:34.521,0.007414,0.0037042
,,,2022-09-27 10:34:35.023,0.0075814,0.0047084
,,,2022-09-27 10:34:35.522,0.0067446,0.0048758
,,,2022-09-27 10:34:36.021,0.0079161,0.0038716
,,,2022-09-27 10:34:36.521,0.0060751,0.0037042
,,,2022-09-27 10:34:37.022,0.0072467,0.0038716
,,,2022-09-27 10:34:37.522,0.0082508,0.0050431
,,,2022-09-27 10:34:38.021,0.0080835,0.0038716
,,,2022-09-27 10:34:38.521,0.0064098,0.0053779
,,,2022-09-27 10:34:39.021,0.0080835,0.0053779
,,,2022-09-27 10:34:39.521,0.0070793,0.0037042
,,,2022-09-27 10:34:40.022,0.0060751,0.0032021
,,,2022-09-27 10:34:40.522,0.0077487,0.0033695
,,,2022-09-27 10:34:41.021,0.0072467,0.0047084
,,,2022-09-27 10:34:41.521,0.007414,0.0035369
,,,2022-09-27 10:34:42.022,0.0070793,0.0045411
,,,2022-09-27 10:34:42.521,0.0072467,0.0042063
,,,2022-09-27 10:34:43.022,0.0077487,0.0042063
,,,2022-09-27 10:34:43.523,0.0067446,0.0042063
,,,2022-09-27 10:34:44.022,0.0072467,0.0043737
,,,2022-09-27 10:34:44.522,0.0062425,0.00588
,,,2022-09-27 10:34:45.021,0.0067446,0.0043737
,,,2022-09-27 10:34:45.521,0.0084182,0.0045411
,,,2022-09-27 10:34:46.021,0.0097571,0.0043737
,,,2022-09-27 10:34:46.520,0.009255,0.0043737
,,,2022-09-27 10:34:47.021,0.0085856,0.004039
,,,2022-09-27 10:34:47.522,0.0084182,0.004039
,,,2022-09-27 10:34:48.022,0.0059077,0.0035369
,,,2022-09-27 10:34:48.523,0.0109287,0.0042063
,,,2022-09-27 10:34:49.021,0.0070793,0.0033695
,,,2022-09-27 10:34:49.521,0.0100918,0.0035369
,,,2022-09-27 10:34:50.022,0.0070793,0.0037042
,,,2022-09-27 10:34:50.522,0.0064098,0.0052105
,,,2022-09-27 10:34:51.022,0.0080835,0.0037042
,,,2022-09-27 10:34:51.523,0.007414,0.004039
,,,2022-09-27 10:34:52.022,0.0090877,0.0035369
,,,2022-09-27 10:34:52.521,0.0069119,0.0038716
,,,2022-09-27 10:34:53.022,0.0072467,0.0035369
,,,2022-09-27 10:34:53.522,0.007414,0.0052105
,,,2022-09-27 10:34:54.021,0.0085856,0.0048758
,,,2022-09-27 10:34:54.522,0.0077487,0.004039
,,,2022-09-27 10:34:55.021,0.0077487,0.0045411
,,,2022-09-27 10:34:55.522,0.0089203,0.0053779
,,,2022-09-27 10:34:56.022,0.0064098,0.0037042
,,,2022-09-27 10:34:56.522,0.0064098,0.0047084
,,,2022-09-27 10:34:57.023,0.0084182,0.0048758
,,,2022-09-27 10:34:57.521,0.0085856,0.0037042
,,,2022-09-27 10:34:58.021,0.0084182,0.0047084
,,,2022-09-27 10:34:58.521,0.0079161,0.0037042
,,,2022-09-27 10:34:59.023,0.0079161,0.0037042
,,,2022-09-27 10:34:59.521,0.0080835,0.004039
,,,2022-09-27 10:35:00.022,0.0079161,0.0038716
,,,2022-09-27 10:35:00.523,0.0065772,0.0050431
,,,2022-09-27 10:35:01.022,0.0077487,0.0052105
,,,2022-09-27 10:35:01.522,0.0077487,0.0048758
,,,2022-09-27 10:35:02.022,0.0079161,0.0043737
,,,2022-09-27 10:35:02.521,0.0079161,0.0043737
,,,2022-09-27 10:35:03.021,0.0084182,0.0057126
,,,2022-09-27 10:35:03.522,0.0072467,0.0038716
,,,2022-09-27 10:35:04.023,0.0072467,0.00588
,,,2022-09-27 10:35:04.521,0.0087529,0.0045411
,,,2022-09-27 10:35:05.021,0.0075814,0.0052105
,,,2022-09-27 10:35:05.522,0.007414,0.0043737
,,,2022-09-27 10:35:06.023,0.007414,0.0052105
,,,2022-09-27 10:35:06.521,0.0072467,0.0033695
,,,2022-09-27 10:35:07.023,0.0067446,0.0045411
,,,2022-09-27 10:35:07.523,0.0065772,0.0037042
,,,2022-09-27 10:35:08.022,0.0080835,0.0042063
,,,2022-09-27 10:35:08.521,0.0064098,0.0045411
,,,2022-09-27 10:35:09.021,0.0090877,0.0038716
,,,2022-09-27 10:35:09.522,0.0075814,0.0042063
,,,2022-09-27 10:35:10.022,0.0095897,0.0053779
,,,2022-09-27 10:35:10.521,0.0080835,0.0047084
,,,2022-09-27 10:35:11.022,0.009255,0.004039
,,,2022-09-27 10:35:11.521,0.0077487,0.0037042
,,,2022-09-27 10:35:12.021,0.0075814,0.0048758
,,,2022-09-27 10:35:12.522,0.0072467,0.0042063
,,,2022-09-27 10:35:13.021,0.0072467,0.0043737
,,,2022-09-27 10:35:13.521,0.0059077,0.0060473
,,,2022-09-27 10:35:14.021,0.007414,0.0037042
,,,2022-09-27 10:35:14.521,0.0070793,0.0038716
,,,2022-09-27 10:35:15.022,0.0082508,0.0043737
,,,2022-09-27 10:35:15.521,0.0057404,0.0048758
,,,2022-09-27 10:35:16.022,0.0069119,0.0047084
,,,2022-09-27 10:35:16.521,0.0072467,0.0053779
,,,2022-09-27 10:35:17.021,0.007414,0.0052105
,,,2022-09-27 10:35:17.521,0.007414,0.0048758
,,,2022-09-27 10:35:18.022,0.0089203,0.0035369
,,,2022-09-27 10:35:18.522,0.0077487,0.0043737
,,,2022-09-27 10:35:19.022,0.0095897,0.0037042
,,,2022-09-27 10:35:19.522,0.0094224,0.004039
,,,2022-09-27 10:35:20.020,0.0067446,0.0043737
,,,2022-09-27 10:35:20.519,0.0077487,0.0035369
,,,2022-09-27 10:35:21.020,0.0084182,0.004039
,,,2022-09-27 10:35:21.520,0.0087529,0.0042063
,,,2022-09-27 10:35:22.020,0.0080835,0.0037042
,,,2022-09-27 10:35:22.520,0.0067446,0.0043737
,,,2022-09-27 10:35:23.019,0.0080835,0.0053779
,,,2022-09-27 10:35:23.521,0.0087529,0.0047084
,,,2022-09-27 10:35:24.021,0.0075814,0.0037042
,,,2022-09-27 10:35:24.522,0.0069119,0.0033695
,,,2022-09-27 10:35:25.021,0.0075814,0.0047084
,,,2022-09-27 10:35:25.522,0.0080835,0.0038716
,,,2022-09-27 10:35:26.021,0.0104266,0.0052105
,,,2022-09-27 10:35:26.521,0.0070793,0.0045411
,,,2022-09-27 10:35:27.022,0.0085856,0.0053779
,,,2022-09-27 10:35:27.521,0.0067446,0.0045411
,,,2022-09-27 10:35:28.022,0.0065772,0.0042063
,,,2022-09-27 10:35:28.522,0.0095897,0.0038716
,,,2022-09-27 10:35:29.021,0.0067446,0.0052105
,,,2022-09-27 10:35:29.521,0.0094224,0.0037042
,,,2022-09-27 10:35:30.021,0.0087529,0.0045411
,,,2022-09-27 10:35:30.521,0.0080835,0.0043737
,,,2022-09-27 10:35:31.022,0.0075814,0.0045411
,,,2022-09-27 10:35:31.522,0.0090877,0.0042063
,,,2022-09-27 10:35:32.021,0.0065772,0.0052105
,,,2022-09-27 10:35:32.522,0.007414,0.0035369
,,,2022-09-27 10:35:33.023,0.0087529,0.0047084
,,,2022-09-27 10:35:33.522,0.0080835,0.0042063
,,,2022-09-27 10:35:34.021,0.0079161,0.0045411
,,,2022-09-27 10:35:34.521,0.0079161,0.0043737
,,,2022-09-27 10:35:35.021,0.0067446,0.0057126
,,,2022-09-27 10:35:35.521,0.0079161,0.0035369
,,,2022-09-27 10:35:36.021,0.0077487,0.0050431
,,,2022-09-27 10:35:36.522,0.0069119,0.0037042
,,,2022-09-27 10:35:37.022,0.0070793,0.0038716
,,,2022-09-27 10:35:37.521,0.007414,0.004039
,,,2022-09-27 10:35:38.021,0.0057404,0.0038716
,,,2022-09-27 10:35:38.523,0.0089203,0.004039
,,,2022-09-27 10:35:39.023,0.007414,0.0060473
,,,2022-09-27 10:35:39.522,0.0085856,0.004039
,,,2022-09-27 10:35:40.023,0.0077487,0.0052105
,,,2022-09-27 10:35:40.521,0.009255,0.0057126
,,,2022-09-27 10:35:41.022,0.0102592,0.0042063
,,,2022-09-27 10:35:41.522,0.007414,0.0037042
,,,2022-09-27 10:35:42.022,0.0067446,0.0055452
,,,2022-09-27 10:35:42.523,0.0079161,0.0047084
,,,2022-09-27 10:35:43.023,0.0080835,0.0038716
,,,2022-09-27 10:35:43.521,0.0064098,0.0035369
,,,2022-09-27 10:35:44.022,0.0069119,0.004039
,,,2022-09-27 10:35:44.521,0.0084182,0.0037042
,,,2022-09-27 10:35:45.021,0.0052383,0.0052105
,,,2022-09-27 10:35:45.522,0.0075814,0.0043737
,,,2022-09-27 10:35:46.023,0.0080835,0.0043737
,,,2022-09-27 10:35:46.522,0.0062425,0.0038716
,,,2022-09-27 10:35:47.021,0.0067446,0.004039
,,,2022-09-27 10:35:47.521,0.0069119,0.0043737
,,,2022-09-27 10:35:48.022,0.0069119,0.0045411
,,,2022-09-27 10:35:48.522,0.0084182,0.0048758
,,,2022-09-27 10:35:49.023,0.0079161,0.0052105
,,,2022-09-27 10:35:49.522,0.0087529,0.0043737
,,,2022-09-27 10:35:50.021,0.0065772,0.0043737
,,,2022-09-27 10:35:50.521,0.0070793,0.0047084
,,,2022-09-27 10:35:51.022,0.0090877,0.0050431
,,,2022-09-27 10:35:51.522,0.0079161,0.004039
,,,2022-09-27 10:35:52.024,0.0079161,0.0037042
,,,2022-09-27 10:35:52.524,0.0082508,0.0053779
,,,2022-09-27 10:35:53.023,0.0070793,0.0042063
,,,2022-09-27 10:35:53.523,0.0087529,0.0042063
,,,2022-09-27 10:35:54.022,0.0072467,0.0050431
,,,2022-09-27 10:35:54.521,0.0079161,0.0038716
,,,2022-09-27 10:35:55.021,0.0082508,0.0042063
,,,2022-09-27 10:35:55.521,0.0070793,0.0048758
,,,2022-09-27 10:35:56.021,0.0069119,0.0055452
,,,2022-09-27 10:35:56.522,0.0082508,0.0043737
,,,2022-09-27 10:35:57.022,0.0087529,0.0050431
,,,2022-09-27 10:35:57.522,0.007414,0.0042063
,,,2022-09-27 10:35:58.022,0.0079161,0.0042063
,,,2022-09-27 10:35:58.521,0.0084182,0.0047084
,,,2022-09-27 10:35:59.021,0.0080835,0.0047084
,,,2022-09-27 10:35:59.521,0.0077487,0.0043737
,,,2022-09-27 10:36:00.021,0.0075814,0.0053779
,,,2022-09-27 10:36:00.522,0.0097571,0.0048758
,,,2022-09-27 10:36:01.023,0.0060751,0.0038716
,,,2022-09-27 10:36:01.522,0.0084182,0.0042063
,,,2022-09-27 10:36:02.021,0.0077487,0.0037042
,,,2022-09-27 10:36:02.521,0.0064098,0.0055452
,,,2022-09-27 10:36:03.020,0.0085856,0.0037042
,,,2022-09-27 10:36:03.521,0.0079161,0.0048758
,,,2022-09-27 10:36:04.022,0.0049036,0.0043737
,,,2022-09-27 10:36:04.522,0.0069119,0.0042063
,,,2022-09-27 10:36:05.022,0.0077487,0.0043737
,,,2022-09-27 10:36:05.522,0.0087529,0.0062147
,,,2022-09-27 10:36:06.022,0.0094224,0.0047084
,,,2022-09-27 10:36:06.520,0.0059077,0.0047084
,,,2022-09-27 10:36:07.021,0.0075814,0.0045411
,,,2022-09-27 10:36:07.521,0.0070793,0.004039
,,,2022-09-27 10:36:08.021,0.0072467,0.0038716
,,,2022-09-27 10:36:08.521,0.0075814,0.0052105
,,,2022-09-27 10:36:09.021,0.0057404,0.0045411
,,,2022-09-27 10:36:09.521,0.0080835,0.0050431
,,,2022-09-27 10:36:10.021,0.0075814,0.0045411
,,,2022-09-27 10:36:10.520,0.007414,0.0045411
,,,2022-09-27 10:36:11.020,0.0082508,0.0033695
,,,2022-09-27 10:36:11.520,0.0089203,0.0037042
,,,2022-09-27 10:36:12.021,0.0085856,0.004039
,,,2022-09-27 10:36:12.521,0.0069119,0.0055452
,,,2022-09-27 10:36:13.021,0.0077487,0.0060473
,,,2022-09-27 10:36:13.521,0.0067446,0.0035369
,,,2022-09-27 10:36:14.021,0.0070793,0.0038716
,,,2022-09-27 10:36:14.520,0.0067446,0.0047084
,,,2022-09-27 10:36:15.020,0.0080835,0.0053779
,,,2022-09-27 10:36:15.520,0.0062425,0.0052105
,,,2022-09-27 10:36:16.020,0.0060751,0.004039
,,,2022-09-27 10:36:16.521,0.0072467,0.0053779
,,,2022-09-27 10:36:17.020,0.0084182,0.0038716
,,,2022-09-27 10:36:17.521,0.0085856,0.0035369
,,,2022-09-27 10:36:18.020,0.0072467,0.0038716
,,,2022-09-27 10:36:18.520,0.0079161,0.0062147
,,,2022-09-27 10:36:19.020,0.0077487,0.0043737
,,,2022-09-27 10:36:19.520,0.0084182,0.0043737
,,,2022-09-27 10:36:20.020,0.0079161,0.0045411
,,,2022-09-27 10:36:20.521,0.009255,0.0042063
,,,2022-09-27 10:36:21.022,0.0079161,0.0043737
,,,2022-09-27 10:36:21.522,0.0060751,0.0052105
,,,2022-09-27 10:36:22.020,0.0067446,0.0042063
,,,2022-09-27 10:36:22.521,0.0087529,0.0047084
,,,2022-09-27 10:36:23.022,0.0077487,0.0035369
,,,2022-09-27 10:36:23.522,0.0062425,0.0047084
,,,2022-09-27 10:36:24.022,0.0067446,0.0048758
,,,2022-09-27 10:36:24.521,0.0087529,0.0037042
,,,2022-09-27 10:36:25.021,0.0064098,0.0042063
,,,2022-09-27 10:36:25.520,0.0079161,0.004039
,,,2022-09-27 10:36:26.020,0.0075814,0.0043737
,,,2022-09-27 10:36:26.520,0.0100918,0.004039
,,,2022-09-27 10:36:27.021,0.0067446,0.004039
,,,2022-09-27 10:36:27.521,0.007414,0.0053779
,,,2022-09-27 10:36:28.020,0.0089203,0.0035369
,,,2022-09-27 10:36:28.521,0.0075814,0.0047084
,,,2022-09-27 10:36:29.021,0.0065772,0.0050431
,,,2022-09-27 10:36:29.521,0.0057404,0.0035369
,,,2022-09-27 10:36:30.023,0.0080835,0.0053779
,,,2022-09-27 10:36:30.523,0.0082508,0.0038716
,,,2022-09-27 10:36:31.022,0.0075814,0.0035369
,,,2022-09-27 10:36:31.522,0.0060751,0.0057126
,,,2022-09-27 10:36:32.022,0.0072467,0.0042063
,,,2022-09-27 10:36:32.522,0.0077487,0.0033695
,,,2022-09-27 10:36:33.021,0.0085856,0.0052105
,,,2022-09-27 10:36:33.523,0.0082508,0.0050431
,,,2022-09-27 10:36:34.022,0.0065772,0.0048758
,,,2022-09-27 10:36:34.521,0.0087529,0.004039
,,,2022-09-27 10:36:35.022,0.0075814,0.004039
,,,2022-09-27 10:36:35.521,0.0094224,0.004039
,,,2022-09-27 10:36:36.022,0.0084182,0.0048758
,,,2022-09-27 10:36:36.522,0.0070793,0.0038716
,,,2022-09-27 10:36:37.021,0.0089203,0.0035369
,,,2022-09-27 10:36:37.521,0.007414,0.00588
,,,2022-09-27 10:36:38.021,0.0075814,0.004039
,,,2022-09-27 10:36:38.522,0.007414,0.0035369
,,,2022-09-27 10:36:39.022,0.0079161,0.0045411
,,,2022-09-27 10:36:39.522,0.0067446,0.004039
,,,2022-09-27 10:36:40.021,0.0090877,0.0037042
,,,2022-09-27 10:36:40.523,0.007414,0.0053779
,,,2022-09-27 10:36:41.022,0.0079161,0.0050431
,,,2022-09-27 10:36:41.521,0.0082508,0.0060473
,,,2022-09-27 10:36:42.022,0.0065772,0.0047084
,,,2022-09-27 10:36:42.522,0.0069119,0.0037042
,,,2022-09-27 10:36:43.022,0.0084182,0.0045411
,,,2022-09-27 10:36:43.521,0.0070793,0.0042063
,,,2022-09-27 10:36:44.022,0.0072467,0.0037042
,,,2022-09-27 10:36:44.521,0.0079161,0.0048758
,,,2022-09-27 10:36:45.021,0.009255,0.0060473
,,,2022-09-27 10:36:45.522,0.0072467,0.0037042
,,,2022-09-27 10:36:46.021,0.0072467,0.0043737
,,,2022-09-27 10:36:46.522,0.0079161,0.0045411
,,,2022-09-27 10:36:47.021,0.0059077,0.004039
,,,2022-09-27 10:36:47.522,0.0067446,0.0053779
,,,2022-09-27 10:36:48.021,0.007414,0.0048758
,,,2022-09-27 10:36:48.522,0.0064098,0.0035369
,,,2022-09-27 10:36:49.022,0.0085856,0.0047084
,,,2022-09-27 10:36:49.521,0.0072467,0.0047084
,,,2022-09-27 10:36:50.021,0.0069119,0.0052105
,,,2022-09-27 10:36:50.521,0.0070793,0.0042063
,,,2022-09-27 10:36:51.022,0.0082508,0.0047084
,,,2022-09-27 10:36:51.522,0.0065772,0.0043737
,,,2022-09-27 10:36:52.022,0.0084182,0.0038716
,,,2022-09-27 10:36:52.522,0.007414,0.0043737
,,,2022-09-27 10:36:53.021,0.0064098,0.0047084
,,,2022-09-27 10:36:53.521,0.007414,0.0048758
,,,2022-09-27 10:36:54.022,0.0052383,0.0043737
,,,2022-09-27 10:36:54.521,0.0070793,0.0038716
,,,2022-09-27 10:36:55.020,0.0094224,0.0037042
,,,2022-09-27 10:36:55.521,0.0072467,0.0047084
,,,2022-09-27 10:36:56.020,0.0085856,0.0048758
,,,2022-09-27 10:36:56.520,0.0075814,0.0038716
,,,2022-09-27 10:36:57.021,0.0072467,0.0037042
,,,2022-09-27 10:36:57.522,0.0065772,0.0047084
,,,2022-09-27 10:36:58.022,0.0072467,0.0050431
,,,2022-09-27 10:36:58.521,0.0075814,0.0053779
,,,2022-09-27 10:36:59.021,0.0065772,0.0042063
,,,2022-09-27 10:36:59.522,0.0067446,0.0038716
,,,2022-09-27 10:37:00.022,0.0085856,0.0048758
,,,2022-09-27 10:37:00.521,0.0085856,0.0045411
,,,2022-09-27 10:37:01.021,0.0070793,0.0038716
,,,2022-09-27 10:37:01.521,0.0085856,0.0048758
,,,2022-09-27 10:37:02.020,0.007414,0.0035369
,,,2022-09-27 10:37:02.520,0.0080835,0.0042063
,,,2022-09-27 10:37:03.020,0.0105939,0.0042063
,,,2022-09-27 10:37:03.520,0.0084182,0.0043737
,,,2022-09-27 10:37:04.021,0.0084182,0.0060473
,,,2022-09-27 10:37:04.521,0.0084182,0.0045411
,,,2022-09-27 10:37:05.020,0.0059077,0.0048758
,,,2022-09-27 10:37:05.520,0.009255,0.004039
,,,2022-09-27 10:37:06.022,0.0094224,0.0037042
,,,2022-09-27 10:37:06.521,0.0072467,0.0052105
,,,2022-09-27 10:37:07.022,0.0087529,0.0037042
,,,2022-09-27 10:37:07.521,0.0087529,0.004039
,,,2022-09-27 10:37:08.021,0.0105939,0.0048758
,,,2022-09-27 10:37:08.521,0.0090877,0.004039
,,,2022-09-27 10:37:09.021,0.0080835,0.0035369
,,,2022-09-27 10:37:09.521,0.0070793,0.0038716
,,,2022-09-27 10:37:10.021,0.0079161,0.0047084
,,,2022-09-27 10:37:10.521,0.0085856,0.004039
,,,2022-09-27 10:37:11.022,0.0070793,0.0042063
,,,2022-09-27 10:37:11.521,0.0072467,0.004039
,,,2022-09-27 10:37:12.021,0.0080835,0.0047084
,,,2022-09-27 10:37:12.521,0.0082508,0.0038716
,,,2022-09-27 10:37:13.021,0.0070793,0.0042063
,,,2022-09-27 10:37:13.521,0.0080835,0.00588
,,,2022-09-27 10:37:14.020,0.0079161,0.0060473
,,,2022-09-27 10:37:14.520,0.0084182,0.0037042
,,,2022-09-27 10:37:15.020,0.0087529,0.0060473
,,,2022-09-27 10:37:15.520,0.0075814,0.0048758
,,,2022-09-27 10:37:16.020,0.0067446,0.00588
,,,2022-09-27 10:37:16.521,0.007414,0.0053779
,,,2022-09-27 10:37:17.021,0.0070793,0.0052105
,,,2022-09-27 10:37:17.522,0.0075814,0.0037042
,,,2022-09-27 10:37:18.021,0.0079161,0.0055452
,,,2022-09-27 10:37:18.522,0.007414,0.0042063
,,,2022-09-27 10:37:19.021,0.0060751,0.0033695
,,,2022-09-27 10:37:19.523,0.0115981,0.0038716
,,,2022-09-27 10:37:20.023,0.0080835,0.0032021
,,,2022-09-27 10:37:20.523,0.0077487,0.0052105
,,,2022-09-27 10:37:21.023,0.0087529,0.0042063
,,,2022-09-27 10:37:21.521,0.0089203,0.0047084
,,,2022-09-27 10:37:22.022,0.0072467,0.0048758
,,,2022-09-27 10:37:22.522,0.0090877,0.00588
,,,2022-09-27 10:37:23.022,0.009255,0.0052105
,,,2022-09-27 10:37:23.523,0.0070793,0.0048758
,,,2022-09-27 10:37:24.022,0.0079161,0.0048758
,,,2022-09-27 10:37:24.523,0.0084182,0.0042063
,,,2022-09-27 10:37:25.021,0.0089203,0.0053779
,,,2022-09-27 10:37:25.522,0.0080835,0.0038716
,,,2022-09-27 10:37:26.023,0.0090877,0.0053779
,,,2022-09-27 10:37:26.521,0.0062425,0.0042063
,,,2022-09-27 10:37:27.022,0.0090877,0.0048758
,,,2022-09-27 10:37:27.523,0.0085856,0.0055452
,,,2022-09-27 10:37:28.023,0.0059077,0.0053779
,,,2022-09-27 10:37:28.522,0.007414,0.0037042
,,,2022-09-27 10:37:29.021,0.0070793,0.004039
,,,2022-09-27 10:37:29.521,0.0070793,0.0052105
,,,2022-09-27 10:37:30.022,0.0065772,0.0060473
,,,2022-09-27 10:37:30.522,0.0075814,0.0048758
,,,2022-09-27 10:37:31.022,0.0054056,0.0055452
,,,2022-09-27 10:37:31.522,0.0077487,0.0042063
,,,2022-09-27 10:37:32.021,0.0085856,0.0042063
,,,2022-09-27 10:37:32.521,0.0062425,0.0042063
,,,2022-09-27 10:37:33.022,0.005573,0.0048758
,,,2022-09-27 10:37:33.522,0.0065772,0.0048758
,,,2022-09-27 10:37:34.021,0.0082508,0.0038716
,,,2022-09-27 10:37:34.522,0.007414,0.0045411
,,,2022-09-27 10:37:35.021,0.0077487,0.0042063
,,,2022-09-27 10:37:35.522,0.0084182,0.0053779
,,,2022-09-27 10:37:36.021,0.0057404,0.0047084
,,,2022-09-27 10:37:36.523,0.0080835,0.004039
,,,2022-09-27 10:37:37.021,0.0077487,0.0047084
,,,2022-09-27 10:37:37.522,0.0079161,0.0047084
,,,2022-09-27 10:37:38.021,0.0084182,0.0045411
,,,2022-09-27 10:37:38.521,0.0064098,0.0052105
,,,2022-09-27 10:37:39.022,0.0085856,0.004039
,,,2022-09-27 10:37:39.522,0.007414,0.0038716
,,,2022-09-27 10:37:40.020,0.0077487,0.0037042
,,,2022-09-27 10:37:40.521,0.0069119,0.004039
,,,2022-09-27 10:37:41.021,0.0089203,0.0038716
,,,2022-09-27 10:37:41.522,0.0072467,0.0043737
,,,2022-09-27 10:37:42.021,0.0084182,0.0050431
,,,2022-09-27 10:37:42.522,0.0059077,0.004039
,,,2022-09-27 10:37:43.022,0.0064098,0.0037042
,,,2022-09-27 10:37:43.522,0.0075814,0.0045411
,,,2022-09-27 10:37:44.022,0.0090877,0.0055452
,,,2022-09-27 10:37:44.521,0.0064098,0.0052105
,,,2022-09-27 10:37:45.022,0.0087529,0.0048758
,,,2022-09-27 10:37:45.522,0.0080835,0.0052105
,,,2022-09-27 10:37:46.021,0.0089203,0.0045411
,,,2022-09-27 10:37:46.521,0.0082508,0.0038716
,,,2022-09-27 10:37:47.021,0.0060751,0.004039
,,,2022-09-27 10:37:47.522,0.0075814,0.0037042
,,,2022-09-27 10:37:48.022,0.0079161,0.0042063
,,,2022-09-27 10:37:48.521,0.0087529,0.0047084
,,,2022-09-27 10:37:49.021,0.0062425,0.0052105
,,,2022-09-27 10:37:49.520,0.005573,0.0035369
,,,2022-09-27 10:37:50.021,0.0072467,0.0043737
,,,2022-09-27 10:37:50.520,0.0069119,0.0042063
,,,2022-09-27 10:37:51.021,0.0094224,0.004039
,,,2022-09-27 10:37:51.521,0.0090877,0.0045411
,,,2022-09-27 10:37:52.021,0.0084182,0.0050431
,,,2022-09-27 10:37:52.522,0.0065772,0.0038716
,,,2022-09-27 10:37:53.023,0.0079161,0.0043737
,,,2022-09-27 10:37:53.521,0.0107613,0.0057126
,,,2022-09-27 10:37:54.021,0.0085856,0.0047084
,,,2022-09-27 10:37:54.521,0.0079161,0.0042063
,,,2022-09-27 10:37:55.021,0.0097571,0.0038716
,,,2022-09-27 10:37:55.522,0.0099245,0.0042063
,,,2022-09-27 10:37:56.021,0.0077487,0.004039
,,,2022-09-27 10:37:56.520,0.0067446,0.0037042
,,,2022-09-27 10:37:57.020,0.0089203,0.0045411
,,,2022-09-27 10:37:57.521,0.007414,0.0057126
,,,2022-09-27 10:37:58.021,0.0084182,0.004039
,,,2022-09-27 10:37:58.521,0.0084182,0.0043737
,,,2022-09-27 10:37:59.021,0.0070793,0.0055452
,,,2022-09-27 10:37:59.522,0.0077487,0.0057126
,,,2022-09-27 10:38:00.022,0.0079161,0.0037042
,,,2022-09-27 10:38:00.521,0.0064098,0.0048758
,,,2022-09-27 10:38:01.021,0.0085856,0.0043737
,,,2022-09-27 10:38:01.521,0.0084182,0.004039
,,,2022-09-27 10:38:02.021,0.0069119,0.0037042
,,,2022-09-27 10:38:02.520,0.0069119,0.004039
,,,2022-09-27 10:38:03.020,0.0090877,0.0042063
,,,2022-09-27 10:38:03.521,0.0072467,0.0057126
,,,2022-09-27 10:38:04.021,0.0077487,0.0050431
,,,2022-09-27 10:38:04.521,0.0070793,0.004039
,,,2022-09-27 10:38:05.021,0.0072467,0.0038716
,,,2022-09-27 10:38:05.520,0.0075814,0.0050431
,,,2022-09-27 10:38:06.021,0.0059077,0.0048758
,,,2022-09-27 10:38:06.520,0.0070793,0.0042063
,,,2022-09-27 10:38:07.020,0.0084182,0.0043737
,,,2022-09-27 10:38:07.522,0.0082508,0.0043737
,,,2022-09-27 10:38:08.022,0.0077487,0.0047084
,,,2022-09-27 10:38:08.521,0.0064098,0.0043737
,,,2022-09-27 10:38:09.021,0.0064098,0.004039
,,,2022-09-27 10:38:09.520,0.0079161,0.0045411
,,,2022-09-27 10:38:10.020,0.0075814,0.0042063
,,,2022-09-27 10:38:10.520,0.0070793,0.0052105
,,,2022-09-27 10:38:11.019,0.007414,0.0050431
,,,2022-09-27 10:38:11.520,0.0069119,0.0042063
,,,2022-09-27 10:38:12.021,0.0065772,0.0038716
,,,2022-09-27 10:38:12.522,0.007414,0.0045411
,,,2022-09-27 10:38:13.023,0.0090877,0.0037042
,,,2022-09-27 10:38:13.524,0.0067446,0.0043737
,,,2022-09-27 10:38:14.022,0.0079161,0.004039
,,,2022-09-27 10:38:14.523,0.0070793,0.0048758
,,,2022-09-27 10:38:15.021,0.0089203,0.0035369
,,,2022-09-27 10:38:15.521,0.0090877,0.0043737
,,,2022-09-27 10:38:16.022,0.0065772,0.0047084
,,,2022-09-27 10:38:16.522,0.0065772,0.0045411
,,,2022-09-27 10:38:17.022,0.0075814,0.0048758
,,,2022-09-27 10:38:17.521,0.0077487,0.0048758
,,,2022-09-27 10:38:18.021,0.0059077,0.0053779
,,,2022-09-27 10:38:18.521,0.0105939,0.0038716
,,,2022-09-27 10:38:19.022,0.0062425,0.0043737
,,,2022-09-27 10:38:19.522,0.0089203,0.0048758
,,,2022-09-27 10:38:20.022,0.0065772,0.0043737
,,,2022-09-27 10:38:20.522,0.0085856,0.0050431
,,,2022-09-27 10:38:21.023,0.0070793,0.0035369
,,,2022-09-27 10:38:21.520,0.0085856,0.0045411
,,,2022-09-27 10:38:22.020,0.007414,0.0035369
,,,2022-09-27 10:38:22.520,0.0089203,0.0042063
,,,2022-09-27 10:38:23.021,0.009255,0.004039
,,,2022-09-27 10:38:23.521,0.0072467,0.0043737
,,,2022-09-27 10:38:24.021,0.0069119,0.0048758
,,,2022-09-27 10:38:24.520,0.0077487,0.0037042
,,,2022-09-27 10:38:25.021,0.0069119,0.0042063
,,,2022-09-27 10:38:25.521,0.0065772,0.0035369
,,,2022-09-27 10:38:26.021,0.0069119,0.0037042
,,,2022-09-27 10:38:26.521,0.0060751,0.0047084
,,,2022-09-27 10:38:27.021,0.0075814,0.0037042
,,,2022-09-27 10:38:27.520,0.0077487,0.0037042
,,,2022-09-27 10:38:28.022,0.0079161,0.0055452
,,,2022-09-27 10:38:28.522,0.0079161,0.004039
,,,2022-09-27 10:38:29.021,0.0070793,0.0055452
,,,2022-09-27 10:38:29.521,0.0069119,0.0043737
,,,2022-09-27 10:38:30.021,0.0075814,0.0048758
,,,2022-09-27 10:38:30.521,0.0084182,0.0045411
,,,2022-09-27 10:38:31.022,0.0075814,0.0043737
,,,2022-09-27 10:38:31.521,0.0072467,0.00588
,,,2022-09-27 10:38:32.021,0.0095897,0.0043737
,,,2022-09-27 10:38:32.521,0.0070793,0.0053779
,,,2022-09-27 10:38:33.021,0.0062425,0.0052105
,,,2022-09-27 10:38:33.520,0.0072467,0.0063821
,,,2022-09-27 10:38:34.021,0.0082508,0.0038716
,,,2022-09-27 10:38:34.522,0.0069119,0.0047084
,,,2022-09-27 10:38:35.022,0.0085856,0.0047084
,,,2022-09-27 10:38:35.521,0.0085856,0.0043737
,,,2022-09-27 10:38:36.021,0.0070793,0.0042063
,,,2022-09-27 10:38:36.522,0.0047362,0.0042063
,,,2022-09-27 10:38:37.022,0.0067446,0.0037042
,,,2022-09-27 10:38:37.522,0.0072467,0.0047084
,,,2022-09-27 10:38:38.022,0.0087529,0.0057126
,,,2022-09-27 10:38:38.522,0.0090877,0.0045411
,,,2022-09-27 10:38:39.022,0.0075814,0.0042063
,,,2022-09-27 10:38:39.521,0.0082508,0.0043737
,,,2022-09-27 10:38:40.022,0.0070793,0.0047084
,,,2022-09-27 10:38:40.521,0.0089203,0.0038716
,,,2022-09-27 10:38:41.021,0.0079161,0.0043737
,,,2022-09-27 10:38:41.521,0.005573,0.0037042
,,,2022-09-27 10:38:42.022,0.0077487,0.0042063
,,,2022-09-27 10:38:42.522,0.0062425,0.0045411
,,,2022-09-27 10:38:43.021,0.0067446,0.004039
,,,2022-09-27 10:38:43.521,0.0075814,0.0043737
,,,2022-09-27 10:38:44.021,0.0085856,0.0037042
,,,2022-09-27 10:38:44.521,0.0077487,0.0038716
,,,2022-09-27 10:38:45.022,0.0084182,0.0035369
,,,2022-09-27 10:38:45.522,0.0072467,0.0055452
,,,2022-09-27 10:38:46.022,0.007414,0.0043737
,,,2022-09-27 10:38:46.522,0.0084182,0.0047084
,,,2022-09-27 10:38:47.022,0.0087529,0.0037042
,,,2022-09-27 10:38:47.522,0.0077487,0.0038716
,,,2022-09-27 10:38:48.022,0.0079161,0.004039
,,,2022-09-27 10:38:48.521,0.0085856,0.004039
,,,2022-09-27 10:38:49.021,0.0085856,0.0048758
,,,2022-09-27 10:38:49.522,0.0085856,0.0037042
,,,2022-09-27 10:38:50.020,0.0077487,0.0037042
,,,2022-09-27 10:38:50.521,0.0062425,0.0037042
,,,2022-09-27 10:38:51.020,0.009255,0.0045411
,,,2022-09-27 10:38:51.521,0.0080835,0.004039
,,,2022-09-27 10:38:52.022,0.007414,0.0048758
,,,2022-09-27 10:38:52.522,0.0075814,0.0052105
,,,2022-09-27 10:38:53.021,0.0087529,0.0045411
,,,2022-09-27 10:38:53.521,0.0077487,0.0057126
,,,2022-09-27 10:38:54.021,0.0087529,0.004039
,,,2022-09-27 10:38:54.521,0.0089203,0.0062147
,,,2022-09-27 10:38:55.021,0.0072467,0.0037042
,,,2022-09-27 10:38:55.521,0.0077487,0.0052105
,,,2022-09-27 10:38:56.021,0.0084182,0.0063821
,,,2022-09-27 10:38:56.521,0.0065772,0.0045411
,,,2022-09-27 10:38:57.021,0.0087529,0.004039
,,,2022-09-27 10:38:57.521,0.0077487,0.0047084
,,,2022-09-27 10:38:58.022,0.0077487,0.0037042
,,,2022-09-27 10:38:58.520,0.0100918,0.0037042
,,,2022-09-27 10:38:59.020,0.0087529,0.0033695
,,,2022-09-27 10:38:59.521,0.0069119,0.0048758
,,,2022-09-27 10:39:00.022,0.0080835,0.004039
,,,2022-09-27 10:39:00.521,0.0085856,0.0032021
,,,2022-09-27 10:39:01.023,0.0089203,0.0065494
,,,2022-09-27 10:39:01.523,0.0065772,0.0052105
,,,2022-09-27 10:39:02.022,0.007414,0.0038716
,,,2022-09-27 10:39:02.523,0.007414,0.0047084
,,,2022-09-27 10:39:03.021,0.0087529,0.0035369
,,,2022-09-27 10:39:03.522,0.0080835,0.004039
,,,2022-09-27 10:39:04.022,0.0064098,0.0045411
,,,2022-09-27 10:39:04.522,0.0075814,0.0048758
,,,2022-09-27 10:39:05.022,0.0080835,0.0042063
,,,2022-09-27 10:39:05.522,0.0094224,0.0048758
,,,2022-09-27 10:39:06.022,0.007414,0.004039
,,,2022-09-27 10:39:06.522,0.0069119,0.0042063
,,,2022-09-27 10:39:07.022,0.0084182,0.004039
,,,2022-09-27 10:39:07.522,0.0084182,0.0035369
,,,2022-09-27 10:39:08.021,0.0077487,0.004039
,,,2022-09-27 10:39:08.522,0.0084182,0.0037042
,,,2022-09-27 10:39:09.022,0.0079161,0.0043737
,,,2022-09-27 10:39:09.521,0.0080835,0.0055452
,,,2022-09-27 10:39:10.022,0.007414,0.0038716
,,,2022-09-27 10:39:10.523,0.0065772,0.0055452
,,,2022-09-27 10:39:11.021,0.0075814,0.004039
,,,2022-09-27 10:39:11.522,0.0072467,0.0047084
,,,2022-09-27 10:39:12.023,0.0094224,0.0035369
,,,2022-09-27 10:39:12.521,0.0062425,0.0035369
,,,2022-09-27 10:39:13.022,0.0070793,0.0045411
,,,2022-09-27 10:39:13.521,0.0084182,0.0047084
,,,2022-09-27 10:39:14.021,0.0079161,0.004039
,,,2022-09-27 10:39:14.521,0.0070793,0.0052105
,,,2022-09-27 10:39:15.020,0.0077487,0.0035369
,,,2022-09-27 10:39:15.521,0.0080835,0.0043737
,,,2022-09-27 10:39:16.021,0.007414,0.0037042
,,,2022-09-27 10:39:16.522,0.0069119,0.0048758
,,,2022-09-27 10:39:17.022,0.0067446,0.0037042
,,,2022-09-27 10:39:17.522,0.0070793,0.0043737
,,,2022-09-27 10:39:18.023,0.0082508,0.0043737
,,,2022-09-27 10:39:18.520,0.0075814,0.0042063
,,,2022-09-27 10:39:19.020,0.0067446,0.0047084
,,,2022-09-27 10:39:19.521,0.0070793,0.0042063
,,,2022-09-27 10:39:20.022,0.0065772,0.0037042
,,,2022-09-27 10:39:20.522,0.0064098,0.0043737
,,,2022-09-27 10:39:21.022,0.0079161,0.0038716
,,,2022-09-27 10:39:21.521,0.0084182,0.0047084
,,,2022-09-27 10:39:22.022,0.0087529,0.004039
,,,2022-09-27 10:39:22.522,0.0072467,0.0042063
,,,2022-09-27 10:39:23.023,0.005573,0.0048758
,,,2022-09-27 10:39:23.521,0.0070793,0.0037042
,,,2022-09-27 10:39:24.021,0.0080835,0.004039
,,,2022-09-27 10:39:24.522,0.0069119,0.0037042
,,,2022-09-27 10:39:25.023,0.0064098,0.0045411
,,,2022-09-27 10:39:25.522,0.0057404,0.0048758
,,,2022-09-27 10:39:26.022,0.0084182,0.0038716
,,,2022-09-27 10:39:26.521,0.0094224,0.0060473
,,,2022-09-27 10:39:27.022,0.0082508,0.0045411
,,,2022-09-27 10:39:27.522,0.0079161,0.0057126
,,,2022-09-27 10:39:28.023,0.0077487,0.004039
,,,2022-09-27 10:39:28.521,0.0065772,0.0053779
,,,2022-09-27 10:39:29.021,0.0075814,0.0038716
,,,2022-09-27 10:39:29.521,0.0075814,0.0052105
,,,2022-09-27 10:39:30.021,0.0070793,0.0037042
,,,2022-09-27 10:39:30.523,0.0084182,0.0042063
,,,2022-09-27 10:39:31.021,0.0075814,0.0062147
,,,2022-09-27 10:39:31.521,0.0072467,0.004039
,,,2022-09-27 10:39:32.022,0.009255,0.0060473
,,,2022-09-27 10:39:32.522,0.0059077,0.0047084
,,,2022-09-27 10:39:33.021,0.0064098,0.0045411
,,,2022-09-27 10:39:33.521,0.0097571,0.0035369
,,,2022-09-27 10:39:34.021,0.0077487,0.0037042
,,,2022-09-27 10:39:34.521,0.0072467,0.0048758
,,,2022-09-27 10:39:35.020,0.0094224,0.0038716
,,,2022-09-27 10:39:35.520,0.0090877,0.0048758
,,,2022-09-27 10:39:36.021,0.0065772,0.0042063
,,,2022-09-27 10:39:36.521,0.0077487,0.0038716
,,,2022-09-27 10:39:37.021,0.0070793,0.0042063
,,,2022-09-27 10:39:37.520,0.007414,0.004039
,,,2022-09-27 10:39:38.022,0.0085856,0.0048758
,,,2022-09-27 10:39:38.522,0.0067446,0.0038716
,,,2022-09-27 10:39:39.022,0.0069119,0.0052105
,,,2022-09-27 10:39:39.521,0.0065772,0.004039
,,,2022-09-27 10:39:40.021,0.0084182,0.0048758
,,,2022-09-27 10:39:40.522,0.0084182,0.0048758
,,,2022-09-27 10:39:41.021,0.0064098,0.0045411
,,,2022-09-27 10:39:41.521,0.0069119,0.0050431
,,,2022-09-27 10:39:42.021,0.0075814,0.004039
,,,2022-09-27 10:39:42.521,0.0077487,0.0042063
,,,2022-09-27 10:39:43.021,0.0065772,0.0042063
,,,2022-09-27 10:39:43.521,0.0067446,0.004039
,,,2022-09-27 10:39:44.022,0.0070793,0.0052105
,,,2022-09-27 10:39:44.521,0.0075814,0.0042063
,,,2022-09-27 10:39:45.021,0.0104266,0.0043737
,,,2022-09-27 10:39:45.521,0.007414,0.004039
,,,2022-09-27 10:39:46.021,0.0080835,0.0057126
,,,2022-09-27 10:39:46.521,0.0067446,0.0035369
,,,2022-09-27 10:39:47.022,0.0082508,0.0047084
,,,2022-09-27 10:39:47.521,0.0070793,0.0042063
,,,2022-09-27 10:39:48.022,0.0087529,0.004039
,,,2022-09-27 10:39:48.522,0.0090877,0.0038716
,,,2022-09-27 10:39:49.022,0.0082508,0.0033695
,,,2022-09-27 10:39:49.520,0.0064098,0.0038716
,,,2022-09-27 10:39:50.020,0.0067446,0.0043737
,,,2022-09-27 10:39:50.520,0.0064098,0.0045411
,,,2022-09-27 10:39:51.019,0.0094224,0.0048758
,,,2022-09-27 10:39:51.520,0.0075814,0.0037042
,,,2022-09-27 10:39:52.020,0.0085856,0.004039
,,,2022-09-27 10:39:52.520,0.0100918,0.0057126
,,,2022-09-27 10:39:53.020,0.0084182,0.004039
,,,2022-09-27 10:39:53.519,0.0067446,0.0042063
,,,2022-09-27 10:39:54.019,0.0079161,0.0038716
,,,2022-09-27 10:39:54.519,0.0069119,0.0055452
,,,2022-09-27 10:39:55.019,0.0070793,0.004039
,,,2022-09-27 10:39:55.519,0.005573,0.0042063
,,,2022-09-27 10:39:56.019,0.0072467,0.0042063
,,,2022-09-27 10:39:56.520,0.0072467,0.004039
,,,2022-09-27 10:39:57.021,0.0089203,0.0048758
,,,2022-09-27 10:39:57.522,0.0060751,0.004039
,,,2022-09-27 10:39:58.022,0.0065772,0.0043737
,,,2022-09-27 10:39:58.522,0.0075814,0.0033695
,,,2022-09-27 10:39:59.021,0.0085856,0.0035369
,,,2022-09-27 10:39:59.522,0.0067446,0.0053779
,,,2022-09-27 10:40:00.020,0.005573,0.0038716
,,,2022-09-27 10:40:00.521,0.0082508,0.0048758
,,,2022-09-27 10:40:01.021,0.0087529,0.0038716
,,,2022-09-27 10:40:01.522,0.0075814,0.0052105
,,,2022-09-27 10:40:02.022,0.0065772,0.00588
,,,2022-09-27 10:40:02.522,0.0069119,0.0042063
,,,2022-09-27 10:40:03.022,0.009255,0.0032021
,,,2022-09-27 10:40:03.522,0.0082508,0.0043737
,,,2022-09-27 10:40:04.022,0.0079161,0.0047084
,,,2022-09-27 10:40:04.522,0.0060751,0.0048758
,,,2022-09-27 10:40:05.022,0.0075814,0.0043737
,,,2022-09-27 10:40:05.522,0.0089203,0.0045411
,,,2022-09-27 10:40:06.021,0.0065772,0.0038716
,,,2022-09-27 10:40:06.522,0.0070793,0.0060473
,,,2022-09-27 10:40:07.022,0.0072467,0.0042063
,,,2022-09-27 10:40:07.522,0.0065772,0.0045411
,,,2022-09-27 10:40:08.022,0.0059077,0.004039
,,,2022-09-27 10:40:08.521,0.0072467,0.0050431
,,,2022-09-27 10:40:09.022,0.0072467,0.0055452
,,,2022-09-27 10:40:09.520,0.0069119,0.0048758
,,,2022-09-27 10:40:10.020,0.0075814,0.004039
,,,2022-09-27 10:40:10.520,0.0077487,0.0033695
,,,2022-09-27 10:40:11.020,0.0075814,0.0047084
,,,2022-09-27 10:40:11.521,0.0077487,0.0047084
,,,2022-09-27 10:40:12.021,0.0080835,0.0048758
,,,2022-09-27 10:40:12.521,0.0082508,0.0045411
,,,2022-09-27 10:40:13.022,0.0069119,0.0042063
,,,2022-09-27 10:40:13.523,0.0095897,0.0038716
,,,2022-09-27 10:40:14.022,0.0089203,0.0037042
,,,2022-09-27 10:40:14.523,0.0069119,0.0060473
,,,2022-09-27 10:40:15.023,0.0070793,0.0042063
,,,2022-09-27 10:40:15.521,0.0072467,0.0050431
,,,2022-09-27 10:40:16.021,0.0069119,0.0052105
,,,2022-09-27 10:40:16.522,0.0070793,0.0043737
,,,2022-09-27 10:40:17.022,0.0070793,0.0047084
,,,2022-09-27 10:40:17.521,0.0075814,0.0043737
,,,2022-09-27 10:40:18.022,0.0087529,0.0043737
,,,2022-09-27 10:40:18.522,0.0067446,0.0048758
,,,2022-09-27 10:40:19.021,0.0077487,0.0048758
,,,2022-09-27 10:40:19.522,0.0080835,0.0050431
,,,2022-09-27 10:40:20.022,0.0080835,0.0033695
,,,2022-09-27 10:40:20.521,0.007414,0.0042063
,,,2022-09-27 10:40:21.021,0.0064098,0.0053779
,,,2022-09-27 10:40:21.521,0.0079161,0.0052105
,,,2022-09-27 10:40:22.021,0.0082508,0.0052105
,,,2022-09-27 10:40:22.521,0.0075814,0.0053779
,,,2022-09-27 10:40:23.021,0.0099245,0.0050431
,,,2022-09-27 10:40:23.520,0.0060751,0.0043737
,,,2022-09-27 10:40:24.022,0.0080835,0.0045411
,,,2022-09-27 10:40:24.523,0.0079161,0.004039
,,,2022-09-27 10:40:25.021,0.0062425,0.0045411
,,,2022-09-27 10:40:25.522,0.0072467,0.004039
,,,2022-09-27 10:40:26.022,0.0095897,0.0045411
,,,2022-09-27 10:40:26.521,0.0069119,0.0047084
,,,2022-09-27 10:40:27.022,0.0085856,0.0050431
,,,2022-09-27 10:40:27.521,0.0075814,0.0038716
,,,2022-09-27 10:40:28.022,0.0065772,0.0038716
,,,2022-09-27 10:40:28.522,0.0085856,0.0035369
,,,2022-09-27 10:40:29.021,0.0085856,0.0035369
,,,2022-09-27 10:40:29.520,0.0069119,0.0042063
,,,2022-09-27 10:40:30.020,0.0094224,0.004039
,,,2022-09-27 10:40:30.521,0.007414,0.0047084
,,,2022-09-27 10:40:31.021,0.0077487,0.0042063
,,,2022-09-27 10:40:31.522,0.0069119,0.0047084
,,,2022-09-27 10:40:32.021,0.0079161,0.0047084
,,,2022-09-27 10:40:32.521,0.0075814,0.004039
,,,2022-09-27 10:40:33.021,0.0087529,0.0047084
,,,2022-09-27 10:40:33.522,0.007414,0.0045411
,,,2022-09-27 10:40:34.021,0.0080835,0.0055452
,,,2022-09-27 10:40:34.521,0.0062425,0.0053779
,,,2022-09-27 10:40:35.021,0.0067446,0.0037042
,,,2022-09-27 10:40:35.522,0.0079161,0.0037042
,,,2022-09-27 10:40:36.023,0.0057404,0.0042063
,,,2022-09-27 10:40:36.521,0.0079161,0.0042063
,,,2022-09-27 10:40:37.020,0.0087529,0.0047084
,,,2022-09-27 10:40:37.521,0.0085856,0.0042063
,,,2022-09-27 10:40:38.020,0.0080835,0.0053779
,,,2022-09-27 10:40:38.519,0.0069119,0.0037042
,,,2022-09-27 10:40:39.019,0.0084182,0.0043737
,,,2022-09-27 10:40:39.519,0.0070793,0.0037042
,,,2022-09-27 10:40:40.019,0.007414,0.0050431
,,,2022-09-27 10:40:40.520,0.0087529,0.0050431
,,,2022-09-27 10:40:41.019,0.0075814,0.0038716
,,,2022-09-27 10:40:41.520,0.0080835,0.0048758
,,,2022-09-27 10:40:42.020,0.0064098,0.004039
,,,2022-09-27 10:40:42.520,0.0084182,0.0045411
,,,2022-09-27 10:40:43.020,0.009255,0.0043737
,,,2022-09-27 10:40:43.520,0.007414,0.0043737
,,,2022-09-27 10:40:44.022,0.0084182,0.0035369
,,,2022-09-27 10:40:44.522,0.0085856,0.0052105
,,,2022-09-27 10:40:45.022,0.0085856,0.0052105
,,,2022-09-27 10:40:45.522,0.0072467,0.0038716
,,,2022-09-27 10:40:46.021,0.0069119,0.0038716
,,,2022-09-27 10:40:46.523,0.0104266,0.0053779
,,,2022-09-27 10:40:47.023,0.007414,0.0033695
,,,2022-09-27 10:40:47.521,0.0089203,0.004039
,,,2022-09-27 10:40:48.021,0.0079161,0.0035369
,,,2022-09-27 10:40:48.521,0.0070793,0.0042063
,,,2022-09-27 10:40:49.022,0.009255,0.0042063
,,,2022-09-27 10:40:49.523,0.0084182,0.0042063
,,,2022-09-27 10:40:50.022,0.005573,0.0043737
,,,2022-09-27 10:40:50.522,0.007414,0.004039
,,,2022-09-27 10:40:51.022,0.0087529,0.0035369
,,,2022-09-27 10:40:51.521,0.0070793,0.0038716
,,,2022-09-27 10:40:52.022,0.0084182,0.004039
,,,2022-09-27 10:40:52.522,0.0070793,0.0048758
,,,2022-09-27 10:40:53.022,0.0079161,0.0050431
,,,2022-09-27 10:40:53.521,0.0069119,0.0050431
,,,2022-09-27 10:40:54.021,0.0067446,0.0048758
,,,2022-09-27 10:40:54.522,0.007414,0.004039
,,,2022-09-27 10:40:55.022,0.0065772,0.0047084
,,,2022-09-27 10:40:55.522,0.0072467,0.0043737
,,,2022-09-27 10:40:56.022,0.0095897,0.0043737
,,,2022-09-27 10:40:56.521,0.0089203,0.0035369
,,,2022-09-27 10:40:57.022,0.0082508,0.0050431
,,,2022-09-27 10:40:57.521,0.007414,0.0037042
,,,2022-09-27 10:40:58.022,0.0072467,0.0053779
,,,2022-09-27 10:40:58.523,0.0072467,0.0042063
,,,2022-09-27 10:40:59.022,0.0095897,0.0047084
,,,2022-09-27 10:40:59.520,0.0105939,0.0050431
,,,2022-09-27 10:41:00.022,0.007414,0.0043737
,,,2022-09-27 10:41:00.522,0.0065772,0.0043737
,,,2022-09-27 10:41:01.021,0.0085856,0.0042063
,,,2022-09-27 10:41:01.522,0.0089203,0.0047084
,,,2022-09-27 10:41:02.022,0.0065772,0.0038716
,,,2022-09-27 10:41:02.521,0.0077487,0.0048758
,,,2022-09-27 10:41:03.022,0.0079161,0.0043737
,,,2022-09-27 10:41:03.523,0.0082508,0.0045411
,,,2022-09-27 10:41:04.023,0.0102592,0.0045411
,,,2022-09-27 10:41:04.521,0.0064098,0.0060473
,,,2022-09-27 10:41:05.021,0.0065772,0.0042063
,,,2022-09-27 10:41:05.522,0.0062425,0.0048758
,,,2022-09-27 10:41:06.022,0.0069119,0.0048758
,,,2022-09-27 10:41:06.522,0.0080835,0.0038716
,,,2022-09-27 10:41:07.022,0.007414,0.0042063
,,,2022-09-27 10:41:07.522,0.0072467,0.0035369
,,,2022-09-27 10:41:08.022,0.0094224,0.0050431
,,,2022-09-27 10:41:08.522,0.0079161,0.0055452
,,,2022-09-27 10:41:09.022,0.0072467,0.0033695
,,,2022-09-27 10:41:09.522,0.0084182,0.004039
,,,2022-09-27 10:41:10.022,0.0057404,0.0043737
,,,2022-09-27 10:41:10.521,0.007414,0.0042063
,,,2022-09-27 10:41:11.022,0.0095897,0.0032021
,,,2022-09-27 10:41:11.522,0.0062425,0.0050431
,,,2022-09-27 10:41:12.021,0.0090877,0.0038716
,,,2022-09-27 10:41:12.521,0.0064098,0.0048758
,,,2022-09-27 10:41:13.021,0.0080835,0.0042063
,,,2022-09-27 10:41:13.522,0.0072467,0.0035369
,,,2022-09-27 10:41:14.021,0.0072467,0.0053779
,,,2022-09-27 10:41:14.521,0.0075814,0.0050431
,,,2022-09-27 10:41:15.021,0.0085856,0.0038716
,,,2022-09-27 10:41:15.521,0.0070793,0.0037042
,,,2022-09-27 10:41:16.021,0.0085856,0.0057126
,,,2022-09-27 10:41:16.521,0.0089203,0.0042063
,,,2022-09-27 10:41:17.020,0.0077487,0.004039
,,,2022-09-27 10:41:17.521,0.0072467,0.0038716
,,,2022-09-27 10:41:18.021,0.0089203,0.0050431
,,,2022-09-27 10:41:18.522,0.0062425,0.0050431
,,,2022-09-27 10:41:19.021,0.0064098,0.0033695
,,,2022-09-27 10:41:19.522,0.0075814,0.0035369
,,,2022-09-27 10:41:20.021,0.0060751,0.0055452
,,,2022-09-27 10:41:20.522,0.0070793,0.0037042
,,,2022-09-27 10:41:21.021,0.0079161,0.0055452
,,,2022-09-27 10:41:21.521,0.0075814,0.0045411
,,,2022-09-27 10:41:22.021,0.0079161,0.0050431
,,,2022-09-27 10:41:22.521,0.0100918,0.0033695
,,,2022-09-27 10:41:23.021,0.0067446,0.004039
,,,2022-09-27 10:41:23.521,0.0075814,0.0037042
,,,2022-09-27 10:41:24.020,0.0087529,0.0047084
,,,2022-09-27 10:41:24.520,0.0087529,0.0037042
,,,2022-09-27 10:41:25.019,0.0090877,0.0047084
,,,2022-09-27 10:41:25.519,0.0084182,0.0055452
,,,2022-09-27 10:41:26.020,0.0082508,0.004039
,,,2022-09-27 10:41:26.520,0.0070793,0.0038716
,,,2022-09-27 10:41:27.020,0.0069119,0.0033695
,,,2022-09-27 10:41:27.520,0.0084182,0.0053779
,,,2022-09-27 10:41:28.020,0.0062425,0.0038716
,,,2022-09-27 10:41:28.521,0.0067446,0.00588
,,,2022-09-27 10:41:29.021,0.0069119,0.0048758
,,,2022-09-27 10:41:29.522,0.0077487,0.0047084
,,,2022-09-27 10:41:30.020,0.0069119,0.0047084
,,,2022-09-27 10:41:30.520,0.0067446,0.0050431
,,,2022-09-27 10:41:31.020,0.0062425,0.0057126
,,,2022-09-27 10:41:31.521,0.0084182,0.0035369
,,,2022-09-27 10:41:32.020,0.0075814,0.0042063
,,,2022-09-27 10:41:32.520,0.0087529,0.0047084
,,,2022-09-27 10:41:33.020,0.0090877,0.0042063
,,,2022-09-27 10:41:33.522,0.0084182,0.0047084
,,,2022-09-27 10:41:34.023,0.0075814,0.0038716
,,,2022-09-27 10:41:34.523,0.0079161,0.004039
,,,2022-09-27 10:41:35.023,0.0082508,0.0047084
,,,2022-09-27 10:41:35.523,0.0069119,0.0043737
,,,2022-09-27 10:41:36.022,0.0075814,0.0045411
,,,2022-09-27 10:41:36.522,0.0079161,0.0042063
,,,2022-09-27 10:41:37.022,0.0064098,0.004039
,,,2022-09-27 10:41:37.522,0.0080835,0.004039
,,,2022-09-27 10:41:38.020,0.0084182,0.0042063
,,,2022-09-27 10:41:38.522,0.0094224,0.0053779
,,,2022-09-27 10:41:39.021,0.0095897,0.0037042
,,,2022-09-27 10:41:39.522,0.0090877,0.0050431
,,,2022-09-27 10:41:40.023,0.0067446,0.0042063
,,,2022-09-27 10:41:40.522,0.0069119,0.0037042
,,,2022-09-27 10:41:41.022,0.0079161,0.0047084
,,,2022-09-27 10:41:41.521,0.0077487,0.0047084
,,,2022-09-27 10:41:42.020,0.0097571,0.0042063
,,,2022-09-27 10:41:42.521,0.0082508,0.0037042
,,,2022-09-27 10:41:43.022,0.0077487,0.0053779
,,,2022-09-27 10:41:43.522,0.0085856,0.0038716
,,,2022-09-27 10:41:44.021,0.0090877,0.0043737
,,,2022-09-27 10:41:44.522,0.0077487,0.0050431
,,,2022-09-27 10:41:45.022,0.0069119,0.0038716
,,,2022-09-27 10:41:45.521,0.0060751,0.00588
,,,2022-09-27 10:41:46.022,0.0072467,0.0055452
,,,2022-09-27 10:41:46.522,0.0090877,0.0048758
,,,2022-09-27 10:41:47.022,0.0070793,0.0048758
,,,2022-09-27 10:41:47.521,0.0077487,0.0042063
,,,2022-09-27 10:41:48.021,0.0084182,0.0045411
,,,2022-09-27 10:41:48.521,0.0082508,0.0033695
,,,2022-09-27 10:41:49.022,0.0084182,0.0042063
,,,2022-09-27 10:41:49.522,0.0067446,0.0035369
,,,2022-09-27 10:41:50.022,0.0075814,0.0035369
,,,2022-09-27 10:41:50.521,0.0075814,0.0048758
,,,2022-09-27 10:41:51.021,0.0079161,0.0033695
,,,2022-09-27 10:41:51.522,0.0087529,0.0042063
,,,2022-09-27 10:41:52.021,0.0087529,0.0047084
,,,2022-09-27 10:41:52.521,0.0069119,0.0047084
,,,2022-09-27 10:41:53.021,0.0072467,0.0043737
,,,2022-09-27 10:41:53.521,0.0089203,0.0045411
,,,2022-09-27 10:41:54.021,0.0069119,0.0042063
,,,2022-09-27 10:41:54.521,0.0084182,0.0033695
,,,2022-09-27 10:41:55.021,0.0084182,0.0048758
,,,2022-09-27 10:41:55.521,0.0105939,0.004039
,,,2022-09-27 10:41:56.020,0.0069119,0.0050431
,,,2022-09-27 10:41:56.522,0.0089203,0.0052105
,,,2022-09-27 10:41:57.022,0.0080835,0.0043737
,,,2022-09-27 10:41:57.521,0.0070793,0.0045411
,,,2022-09-27 10:41:58.021,0.0077487,0.0042063
,,,2022-09-27 10:41:58.522,0.0067446,0.0042063
,,,2022-09-27 10:41:59.022,0.0079161,0.0038716
,,,2022-09-27 10:41:59.521,0.0077487,0.0035369
,,,2022-09-27 10:42:00.021,0.0097571,0.0057126
,,,2022-09-27 10:42:00.521,0.0075814,0.0048758
,,,2022-09-27 10:42:01.022,0.0080835,0.0047084
,,,2022-09-27 10:42:01.522,0.0069119,0.0045411
,,,2022-09-27 10:42:02.021,0.0090877,0.0048758
,,,2022-09-27 10:42:02.521,0.0070793,0.0050431
,,,2022-09-27 10:42:03.022,0.009255,0.0043737
,,,2022-09-27 10:42:03.521,0.0079161,0.0050431
,,,2022-09-27 10:42:04.021,0.007414,0.0045411
,,,2022-09-27 10:42:04.521,0.0077487,0.0047084
,,,2022-09-27 10:42:05.021,0.0062425,0.0047084
,,,2022-09-27 10:42:05.521,0.007414,0.0042063
,,,2022-09-27 10:42:06.021,0.0067446,0.0035369
,,,2022-09-27 10:42:06.521,0.0085856,0.0035369
,,,2022-09-27 10:42:07.021,0.0069119,0.0045411
,,,2022-09-27 10:42:07.522,0.0067446,0.004039
,,,2022-09-27 10:42:08.021,0.0069119,0.0047084
,,,2022-09-27 10:42:08.521,0.0084182,0.0052105
,,,2022-09-27 10:42:09.022,0.0080835,0.0053779
,,,2022-09-27 10:42:09.522,0.0072467,0.0047084
,,,2022-09-27 10:42:10.021,0.0062425,0.0037042
,,,2022-09-27 10:42:10.521,0.0067446,0.0033695
,,,2022-09-27 10:42:11.022,0.0064098,0.0043737
,,,2022-09-27 10:42:11.522,0.0069119,0.0050431
,,,2022-09-27 10:42:12.022,0.007414,0.0037042
,,,2022-09-27 10:42:12.521,0.0099245,0.0037042
,,,2022-09-27 10:42:13.022,0.0084182,0.0052105
,,,2022-09-27 10:42:13.521,0.0072467,0.0042063
,,,2022-09-27 10:42:14.022,0.0082508,0.004039
,,,2022-09-27 10:42:14.521,0.0064098,0.0047084
,,,2022-09-27 10:42:15.020,0.0065772,0.004039
,,,2022-09-27 10:42:15.520,0.0065772,0.0048758
,,,2022-09-27 10:42:16.020,0.0082508,0.0037042
,,,2022-09-27 10:42:16.520,0.007414,0.004039
,,,2022-09-27 10:42:17.019,0.0085856,0.0047084
,,,2022-09-27 10:42:17.519,0.007414,0.0043737
,,,2022-09-27 10:42:18.019,0.0077487,0.0042063
,,,2022-09-27 10:42:18.518,0.0084182,0.0052105
,,,2022-09-27 10:42:19.019,0.0070793,0.0042063
,,,2022-09-27 10:42:19.519,0.009255,0.0035369
,,,2022-09-27 10:42:20.020,0.0069119,0.0035369
,,,2022-09-27 10:42:20.520,0.0085856,0.0047084
,,,2022-09-27 10:42:21.021,0.0079161,0.0047084
,,,2022-09-27 10:42:21.521,0.0069119,0.0048758
,,,2022-09-27 10:42:22.021,0.0085856,0.0042063
,,,2022-09-27 10:42:22.521,0.007414,0.0035369
,,,2022-09-27 10:42:23.021,0.0077487,0.0035369
,,,2022-09-27 10:42:23.522,0.0077487,0.0037042
,,,2022-09-27 10:42:24.023,0.0082508,0.004039
,,,2022-09-27 10:42:24.522,0.0070793,0.0043737
,,,2022-09-27 10:42:25.023,0.0082508,0.0042063
,,,2022-09-27 10:42:25.523,0.0084182,0.0055452
,,,2022-09-27 10:42:26.022,0.0057404,0.0037042
,,,2022-09-27 10:42:26.523,0.0069119,0.0050431
,,,2022-09-27 10:42:27.022,0.0075814,0.0043737
,,,2022-09-27 10:42:27.522,0.0069119,0.0043737
,,,2022-09-27 10:42:28.023,0.0082508,0.0050431
,,,2022-09-27 10:42:28.522,0.0102592,0.0052105
,,,2022-09-27 10:42:29.021,0.007414,0.0050431
,,,2022-09-27 10:42:29.522,0.0072467,0.004039
,,,2022-09-27 10:42:30.021,0.0065772,0.0043737
,,,2022-09-27 10:42:30.521,0.0087529,0.0035369
,,,2022-09-27 10:42:31.022,0.0070793,0.0045411
,,,2022-09-27 10:42:31.522,0.0072467,0.0043737
,,,2022-09-27 10:42:32.022,0.0085856,0.004039
,,,2022-09-27 10:42:32.522,0.0070793,0.0032021
,,,2022-09-27 10:42:33.022,0.0064098,0.0037042
,,,2022-09-27 10:42:33.522,0.0079161,0.0045411
,,,2022-09-27 10:42:34.022,0.0080835,0.0057126
,,,2022-09-27 10:42:34.522,0.0064098,0.0037042
,,,2022-09-27 10:42:35.022,0.009255,0.0043737
,,,2022-09-27 10:42:35.521,0.0072467,0.0043737
,,,2022-09-27 10:42:36.021,0.0070793,0.0063821
,,,2022-09-27 10:42:36.522,0.0079161,0.0045411
,,,2022-09-27 10:42:37.022,0.0087529,0.0052105
,,,2022-09-27 10:42:37.522,0.0085856,0.0043737
,,,2022-09-27 10:42:38.023,0.007414,0.0035369
,,,2022-09-27 10:42:38.522,0.007414,0.0052105
,,,2022-09-27 10:42:39.023,0.007414,0.004039
,,,2022-09-27 10:42:39.522,0.0080835,0.0067168
,,,2022-09-27 10:42:40.021,0.007414,0.0042063
,,,2022-09-27 10:42:40.522,0.0089203,0.0038716
,,,2022-09-27 10:42:41.022,0.0077487,0.0042063
,,,2022-09-27 10:42:41.522,0.0064098,0.0043737
,,,2022-09-27 10:42:42.021,0.0084182,0.0053779
,,,2022-09-27 10:42:42.521,0.009255,0.0047084
,,,2022-09-27 10:42:43.021,0.0067446,0.0037042
,,,2022-09-27 10:42:43.521,0.0077487,0.0055452
,,,2022-09-27 10:42:44.023,0.0087529,0.0037042
,,,2022-09-27 10:42:44.522,0.007414,0.0037042
,,,2022-09-27 10:42:45.021,0.0075814,0.0037042
,,,2022-09-27 10:42:45.521,0.0067446,0.0038716
,,,2022-09-27 10:42:46.021,0.0077487,0.0035369
,,,2022-09-27 10:42:46.521,0.0084182,0.0050431
,,,2022-09-27 10:42:47.022,0.0080835,0.0042063
,,,2022-09-27 10:42:47.522,0.0079161,0.0038716
,,,2022-09-27 10:42:48.022,0.0079161,0.0048758
,,,2022-09-27 10:42:48.521,0.0075814,0.0042063
,,,2022-09-27 10:42:49.022,0.0085856,0.0048758
,,,2022-09-27 10:42:49.522,0.0075814,0.0042063
,,,2022-09-27 10:42:50.022,0.0052383,0.0052105
,,,2022-09-27 10:42:50.522,0.0070793,0.0038716
,,,2022-09-27 10:42:51.022,0.0084182,0.0042063
,,,2022-09-27 10:42:51.521,0.0067446,0.0038716
,,,2022-09-27 10:42:52.022,0.0084182,0.0042063
,,,2022-09-27 10:42:52.523,0.0097571,0.0043737
,,,2022-09-27 10:42:53.022,0.007414,0.0043737
,,,2022-09-27 10:42:53.522,0.0090877,0.0037042
,,,2022-09-27 10:42:54.022,0.0089203,0.0057126
,,,2022-09-27 10:42:54.521,0.0070793,0.0047084
,,,2022-09-27 10:42:55.021,0.0064098,0.0043737
,,,2022-09-27 10:42:55.521,0.0087529,0.0047084
,,,2022-09-27 10:42:56.021,0.0085856,0.0037042
,,,2022-09-27 10:42:56.522,0.0049036,0.0053779
,,,2022-09-27 10:42:57.021,0.0079161,0.0038716
,,,2022-09-27 10:42:57.521,0.0069119,0.0047084
,,,2022-09-27 10:42:58.021,0.0084182,0.0045411
,,,2022-09-27 10:42:58.521,0.0064098,0.0037042
,,,2022-09-27 10:42:59.021,0.0062425,0.0043737
,,,2022-09-27 10:42:59.521,0.0080835,0.0055452
,,,2022-09-27 10:43:00.022,0.0075814,0.0043737
,,,2022-09-27 10:43:00.521,0.0067446,0.0032021
,,,2022-09-27 10:43:01.022,0.0072467,0.0047084
,,,2022-09-27 10:43:01.522,0.0077487,0.0043737
,,,2022-09-27 10:43:02.020,0.0080835,0.0035369
,,,2022-09-27 10:43:02.521,0.0085856,0.0050431
,,,2022-09-27 10:43:03.021,0.0067446,0.0048758
,,,2022-09-27 10:43:03.521,0.0060751,0.0060473
,,,2022-09-27 10:43:04.021,0.0082508,0.0035369
,,,2022-09-27 10:43:04.522,0.0075814,0.0042063
,,,2022-09-27 10:43:05.022,0.0069119,0.0042063
,,,2022-09-27 10:43:05.522,0.0090877,0.0050431
,,,2022-09-27 10:43:06.021,0.0089203,0.0042063
,,,2022-09-27 10:43:06.521,0.0082508,0.004039
,,,2022-09-27 10:43:07.020,0.0084182,0.004039
,,,2022-09-27 10:43:07.520,0.0064098,0.0050431
,,,2022-09-27 10:43:08.019,0.0082508,0.0048758
,,,2022-09-27 10:43:08.520,0.0080835,0.0033695
,,,2022-09-27 10:43:09.020,0.0072467,0.0063821
,,,2022-09-27 10:43:09.521,0.0079161,0.0052105
,,,2022-09-27 10:43:10.021,0.0089203,0.0045411
,,,2022-09-27 10:43:10.520,0.0064098,0.0037042
,,,2022-09-27 10:43:11.020,0.0067446,0.0038716
,,,2022-09-27 10:43:11.521,0.0080835,0.0043737
,,,2022-09-27 10:43:12.021,0.0079161,0.0032021
,,,2022-09-27 10:43:12.521,0.0080835,0.0045411
,,,2022-09-27 10:43:13.021,0.0064098,0.004039
,,,2022-09-27 10:43:13.522,0.0089203,0.0055452
,,,2022-09-27 10:43:14.022,0.0080835,0.0045411
,,,2022-09-27 10:43:14.523,0.0072467,0.0055452
,,,2022-09-27 10:43:15.021,0.0072467,0.0042063
,,,2022-09-27 10:43:15.523,0.0089203,0.0048758
,,,2022-09-27 10:43:16.023,0.0075814,0.0038716
,,,2022-09-27 10:43:16.522,0.0085856,0.0042063
,,,2022-09-27 10:43:17.022,0.0087529,0.004039
,,,2022-09-27 10:43:17.522,0.0082508,0.0043737
,,,2022-09-27 10:43:18.022,0.0082508,0.004039
,,,2022-09-27 10:43:18.522,0.0090877,0.0043737
,,,2022-09-27 10:43:19.022,0.0087529,0.0038716
,,,2022-09-27 10:43:19.522,0.0087529,0.0053779
,,,2022-09-27 10:43:20.022,0.0084182,0.0037042
,,,2022-09-27 10:43:20.522,0.0080835,0.0042063
,,,2022-09-27 10:43:21.021,0.0079161,0.0057126
,,,2022-09-27 10:43:21.523,0.0085856,0.004039
,,,2022-09-27 10:43:22.020,0.0077487,0.0053779
,,,2022-09-27 10:43:22.521,0.0080835,0.0047084
,,,2022-09-27 10:43:23.021,0.007414,0.0038716
,,,2022-09-27 10:43:23.522,0.0072467,0.0042063
,,,2022-09-27 10:43:24.022,0.0069119,0.0038716
,,,2022-09-27 10:43:24.523,0.0082508,0.0043737
,,,2022-09-27 10:43:25.022,0.0077487,0.0048758
,,,2022-09-27 10:43:25.522,0.0082508,0.0048758
,,,2022-09-27 10:43:26.022,0.005573,0.0050431
,,,2022-09-27 10:43:26.522,0.0089203,0.0048758
,,,2022-09-27 10:43:27.022,0.0085856,0.0043737
,,,2022-09-27 10:43:27.522,0.0084182,0.0045411
,,,2022-09-27 10:43:28.022,0.0075814,0.0052105
,,,2022-09-27 10:43:28.521,0.0089203,0.0038716
,,,2022-09-27 10:43:29.021,0.0097571,0.0055452
,,,2022-09-27 10:43:29.521,0.0079161,0.0043737
,,,2022-09-27 10:43:30.021,0.0099245,0.0045411
,,,2022-09-27 10:43:30.523,0.0065772,0.0057126
,,,2022-09-27 10:43:31.022,0.0075814,0.0053779
,,,2022-09-27 10:43:31.521,0.0065772,0.0038716
,,,2022-09-27 10:43:32.022,0.0099245,0.0052105
,,,2022-09-27 10:43:32.521,0.0079161,0.0038716
,,,2022-09-27 10:43:33.022,0.0082508,0.0043737
,,,2022-09-27 10:43:33.522,0.0069119,0.0042063
,,,2022-09-27 10:43:34.023,0.0100918,0.004039
,,,2022-09-27 10:43:34.522,0.0095897,0.0037042
,,,2022-09-27 10:43:35.021,0.0072467,0.0038716
,,,2022-09-27 10:43:35.523,0.0089203,0.004039
,,,2022-09-27 10:43:36.021,0.007414,0.0073862
,,,2022-09-27 10:43:36.522,0.0075814,0.0042063
,,,2022-09-27 10:43:37.023,0.0069119,0.0055452
,,,2022-09-27 10:43:37.521,0.0085856,0.0035369
,,,2022-09-27 10:43:38.022,0.0079161,0.0047084
,,,2022-09-27 10:43:38.520,0.0072467,0.0050431
,,,2022-09-27 10:43:39.020,0.0095897,0.0047084
,,,2022-09-27 10:43:39.520,0.0082508,0.0043737
,,,2022-09-27 10:43:40.020,0.0079161,0.0042063
,,,2022-09-27 10:43:40.521,0.0070793,0.0042063
,,,2022-09-27 10:43:41.022,0.0079161,0.0037042
,,,2022-09-27 10:43:41.521,0.0069119,0.0047084
,,,2022-09-27 10:43:42.022,0.0079161,0.0038716
,,,2022-09-27 10:43:42.521,0.0094224,0.004039
,,,2022-09-27 10:43:43.022,0.0075814,0.0048758
,,,2022-09-27 10:43:43.521,0.0080835,0.004039
,,,2022-09-27 10:43:44.021,0.0080835,0.0043737
,,,2022-09-27 10:43:44.520,0.0082508,0.0047084
,,,2022-09-27 10:43:45.020,0.0069119,0.0053779
,,,2022-09-27 10:43:45.521,0.0069119,0.0047084
,,,2022-09-27 10:43:46.021,0.0082508,0.0047084
,,,2022-09-27 10:43:46.521,0.0095897,0.0048758
,,,2022-09-27 10:43:47.023,0.0060751,0.0042063
,,,2022-09-27 10:43:47.521,0.009255,0.0052105
,,,2022-09-27 10:43:48.021,0.0075814,0.0052105
,,,2022-09-27 10:43:48.521,0.0084182,0.0047084
,,,2022-09-27 10:43:49.022,0.0085856,0.0043737
,,,2022-09-27 10:43:49.522,0.0072467,0.0048758
,,,2022-09-27 10:43:50.022,0.0080835,0.0047084
,,,2022-09-27 10:43:50.522,0.0060751,0.0047084
,,,2022-09-27 10:43:51.022,0.0062425,0.0045411
,,,2022-09-27 10:43:51.522,0.0072467,0.0050431
,,,2022-09-27 10:43:52.022,0.0070793,0.0042063
,,,2022-09-27 10:43:52.521,0.0084182,0.0043737
,,,2022-09-27 10:43:53.021,0.0070793,0.0038716
,,,2022-09-27 10:43:53.522,0.0085856,0.0057126
,,,2022-09-27 10:43:54.022,0.0075814,0.0055452
,,,2022-09-27 10:43:54.521,0.0075814,0.0043737
,,,2022-09-27 10:43:55.022,0.0075814,0.0053779
,,,2022-09-27 10:43:55.520,0.0072467,0.0047084
,,,2022-09-27 10:43:56.021,0.0075814,0.0043737
,,,2022-09-27 10:43:56.521,0.0087529,0.0045411
,,,2022-09-27 10:43:57.022,0.0084182,0.0055452
,,,2022-09-27 10:43:57.522,0.0075814,0.0042063
,,,2022-09-27 10:43:58.021,0.0070793,0.0048758
,,,2022-09-27 10:43:58.520,0.0072467,0.0042063
,,,2022-09-27 10:43:59.020,0.0085856,0.0048758
,,,2022-09-27 10:43:59.521,0.0070793,0.0033695
,,,2022-09-27 10:44:00.020,0.0057404,0.0050431
,,,2022-09-27 10:44:00.520,0.0075814,0.0038716
,,,2022-09-27 10:44:01.021,0.0069119,0.0048758
,,,2022-09-27 10:44:01.521,0.0085856,0.0047084
,,,2022-09-27 10:44:02.021,0.0084182,0.0038716
,,,2022-09-27 10:44:02.520,0.0085856,0.0038716
,,,2022-09-27 10:44:03.020,0.0072467,0.0038716
,,,2022-09-27 10:44:03.521,0.0097571,0.0053779
,,,2022-09-27 10:44:04.023,0.0095897,0.0042063
,,,2022-09-27 10:44:04.521,0.0077487,0.0045411
,,,2022-09-27 10:44:05.023,0.0080835,0.0042063
,,,2022-09-27 10:44:05.521,0.0062425,0.0037042
,,,2022-09-27 10:44:06.022,0.009255,0.0035369
,,,2022-09-27 10:44:06.523,0.0082508,0.0047084
,,,2022-09-27 10:44:07.021,0.0060751,0.0045411
,,,2022-09-27 10:44:07.522,0.009255,0.0042063
,,,2022-09-27 10:44:08.022,0.0070793,0.0037042
,,,2022-09-27 10:44:08.523,0.007414,0.0053779
,,,2022-09-27 10:44:09.022,0.0069119,0.004039
,,,2022-09-27 10:44:09.523,0.0060751,0.0042063
,,,2022-09-27 10:44:10.021,0.0079161,0.0053779
,,,2022-09-27 10:44:10.521,0.0064098,0.0043737
