Address:,USB0::0x0957::0x17BC::MY60101365::0::INSTR,,Time (s),X at Max Y(1),X at Max Y(4)
Model:,MSO-X 4154A,,2022-08-02 10:25:57.930,3.51E-09,-8.49E-09
Serial Number:,MY60101365,,2022-08-02 10:25:58.431,4.16E-09,-7.56E-09
Firmware Version:,07.31.2020012900,,2022-08-02 10:25:58.930,5.56E-09,-7.46E-09
Start Time:,2022-08-02 10:25:57.930,,2022-08-02 10:25:59.432,4.69E-09,-8.44E-09
Stop Time:,2022-08-02 10:35:57.931,,2022-08-02 10:25:59.932,3.46E-09,-6.49E-09
Sample Period:,0.5,,2022-08-02 10:26:00.430,3.69E-09,-8.11E-09
,,,2022-08-02 10:26:00.931,3.86E-09,-7.16E-09
,,,2022-08-02 10:26:01.431,5.74E-09,-6.84E-09
,,,2022-08-02 10:26:01.931,4.44E-09,-7.49E-09
,,,2022-08-02 10:26:02.433,4.51E-09,-7.56E-09
,,,2022-08-02 10:26:02.951,5.44E-09,-7.26E-09
,,,2022-08-02 10:26:03.430,3.71E-09,-7.79E-09
,,,2022-08-02 10:26:03.930,3.96E-09,-8.06E-09
,,,2022-08-02 10:26:04.433,3.34E-09,-6.79E-09
,,,2022-08-02 10:26:04.932,4.51E-09,-8.36E-09
,,,2022-08-02 10:26:05.431,4.54E-09,-7.46E-09
,,,2022-08-02 10:26:05.931,4.04E-09,-7.21E-09
,,,2022-08-02 10:26:06.430,4.56E-09,-7.44E-09
,,,2022-08-02 10:26:06.929,4.56E-09,-6.91E-09
,,,2022-08-02 10:26:07.430,4.41E-09,-7.61E-09
,,,2022-08-02 10:26:07.930,4.34E-09,-7.64E-09
,,,2022-08-02 10:26:08.431,4.84E-09,-7.49E-09
,,,2022-08-02 10:26:08.931,4.39E-09,-7.09E-09
,,,2022-08-02 10:26:09.431,4.81E-09,-7.51E-09
,,,2022-08-02 10:26:09.932,4.71E-09,-7.36E-09
,,,2022-08-02 10:26:10.433,4.29E-09,-7.71E-09
,,,2022-08-02 10:26:10.932,5.29E-09,-7.49E-09
,,,2022-08-02 10:26:11.432,4.06E-09,-7.29E-09
,,,2022-08-02 10:26:11.940,3.61E-09,-6.24E-09
,,,2022-08-02 10:26:12.432,4.01E-09,-7.64E-09
,,,2022-08-02 10:26:12.931,3.76E-09,-7.79E-09
,,,2022-08-02 10:26:13.430,3.49E-09,-8.66E-09
,,,2022-08-02 10:26:13.930,5.54E-09,-7.04E-09
,,,2022-08-02 10:26:14.431,4.66E-09,-6.86E-09
,,,2022-08-02 10:26:14.930,3.66E-09,-7.54E-09
,,,2022-08-02 10:26:15.430,4.06E-09,-7.44E-09
,,,2022-08-02 10:26:15.930,3.36E-09,-7.61E-09
,,,2022-08-02 10:26:16.431,4.26E-09,-8.24E-09
,,,2022-08-02 10:26:16.932,4.69E-09,-6.91E-09
,,,2022-08-02 10:26:17.432,3.74E-09,-6.99E-09
,,,2022-08-02 10:26:17.934,5.84E-09,-7.74E-09
,,,2022-08-02 10:26:18.434,4.86E-09,-8.71E-09
,,,2022-08-02 10:26:18.930,4.69E-09,-7.69E-09
,,,2022-08-02 10:26:19.431,4.81E-09,-6.71E-09
,,,2022-08-02 10:26:19.931,3.56E-09,-7.64E-09
,,,2022-08-02 10:26:20.431,4.71E-09,-7.29E-09
,,,2022-08-02 10:26:20.931,4.96E-09,-7.94E-09
,,,2022-08-02 10:26:21.431,4.74E-09,-8.59E-09
,,,2022-08-02 10:26:21.930,4.14E-09,-7.01E-09
,,,2022-08-02 10:26:22.430,5.64E-09,-7.91E-09
,,,2022-08-02 10:26:22.930,4.51E-09,-7.69E-09
,,,2022-08-02 10:26:23.430,3.96E-09,-7.41E-09
,,,2022-08-02 10:26:23.931,4.06E-09,-8.04E-09
,,,2022-08-02 10:26:24.431,4.49E-09,-7.94E-09
,,,2022-08-02 10:26:24.933,3.76E-09,-6.29E-09
,,,2022-08-02 10:26:25.432,3.99E-09,-7.86E-09
,,,2022-08-02 10:26:25.935,4.89E-09,-7.91E-09
,,,2022-08-02 10:26:26.434,4.01E-09,-8.19E-09
,,,2022-08-02 10:26:26.931,4.46E-09,-7.59E-09
,,,2022-08-02 10:26:27.431,4.79E-09,-7.94E-09
,,,2022-08-02 10:26:27.941,4.71E-09,-7.66E-09
,,,2022-08-02 10:26:28.431,3.66E-09,-7.69E-09
,,,2022-08-02 10:26:28.931,5.16E-09,-7.66E-09
,,,2022-08-02 10:26:29.431,4.96E-09,-7.64E-09
,,,2022-08-02 10:26:29.931,4.59E-09,-7.14E-09
,,,2022-08-02 10:26:30.430,3.81E-09,-6.74E-09
,,,2022-08-02 10:26:30.930,4.44E-09,-7.29E-09
,,,2022-08-02 10:26:31.430,4.09E-09,-7.96E-09
,,,2022-08-02 10:26:31.930,4.49E-09,-7.39E-09
,,,2022-08-02 10:26:32.432,4.19E-09,-7.74E-09
,,,2022-08-02 10:26:32.932,4.41E-09,-7.71E-09
,,,2022-08-02 10:26:33.432,4.14E-09,-8.21E-09
,,,2022-08-02 10:26:33.934,4.29E-09,-7.81E-09
,,,2022-08-02 10:26:34.431,4.19E-09,-8.04E-09
,,,2022-08-02 10:26:34.931,4.56E-09,-8.11E-09
,,,2022-08-02 10:26:35.430,5.19E-09,-8.34E-09
,,,2022-08-02 10:26:35.931,4.14E-09,-7.21E-09
,,,2022-08-02 10:26:36.430,4.41E-09,-8.71E-09
,,,2022-08-02 10:26:36.932,4.19E-09,-7.36E-09
,,,2022-08-02 10:26:37.430,3.79E-09,-7.34E-09
,,,2022-08-02 10:26:37.931,4.01E-09,-7.44E-09
,,,2022-08-02 10:26:38.431,4.49E-09,-7.56E-09
,,,2022-08-02 10:26:38.931,4.61E-09,-6.94E-09
,,,2022-08-02 10:26:39.431,4.21E-09,-8.06E-09
,,,2022-08-02 10:26:39.932,4.69E-09,-7.76E-09
,,,2022-08-02 10:26:40.431,3.64E-09,-8.19E-09
,,,2022-08-02 10:26:40.934,4.54E-09,-7.86E-09
,,,2022-08-02 10:26:41.434,4.14E-09,-6.89E-09
,,,2022-08-02 10:26:41.936,4.84E-09,-7.61E-09
,,,2022-08-02 10:26:42.432,5.36E-09,-7.46E-09
,,,2022-08-02 10:26:42.930,3.96E-09,-8.51E-09
,,,2022-08-02 10:26:43.430,4.51E-09,-7.59E-09
,,,2022-08-02 10:26:43.931,3.89E-09,-7.89E-09
,,,2022-08-02 10:26:44.431,4.76E-09,-7.49E-09
,,,2022-08-02 10:26:44.932,3.74E-09,-7.94E-09
,,,2022-08-02 10:26:45.430,3.39E-09,-7.36E-09
,,,2022-08-02 10:26:45.930,4.74E-09,-7.39E-09
,,,2022-08-02 10:26:46.431,4.19E-09,-8.59E-09
,,,2022-08-02 10:26:46.930,4.16E-09,-7.61E-09
,,,2022-08-02 10:26:47.431,4.26E-09,-7.59E-09
,,,2022-08-02 10:26:47.932,4.79E-09,-7.39E-09
,,,2022-08-02 10:26:48.432,4.06E-09,-7.99E-09
,,,2022-08-02 10:26:48.932,4.04E-09,-6.84E-09
,,,2022-08-02 10:26:49.432,4.74E-09,-7.29E-09
,,,2022-08-02 10:26:49.934,3.94E-09,-7.41E-09
,,,2022-08-02 10:26:50.431,4.61E-09,-7.81E-09
,,,2022-08-02 10:26:50.931,4.61E-09,-8.06E-09
,,,2022-08-02 10:26:51.432,5.19E-09,-8.06E-09
,,,2022-08-02 10:26:51.930,4.04E-09,-7.19E-09
,,,2022-08-02 10:26:52.430,3.91E-09,-8.16E-09
,,,2022-08-02 10:26:52.930,3.91E-09,-8.24E-09
,,,2022-08-02 10:26:53.430,4.46E-09,-6.74E-09
,,,2022-08-02 10:26:53.931,4.14E-09,-7.61E-09
,,,2022-08-02 10:26:54.434,4.56E-09,-7.79E-09
,,,2022-08-02 10:26:54.931,4.46E-09,-8.31E-09
,,,2022-08-02 10:26:55.431,3.96E-09,-7.89E-09
,,,2022-08-02 10:26:55.930,4.16E-09,-7.39E-09
,,,2022-08-02 10:26:56.433,3.89E-09,-7.44E-09
,,,2022-08-02 10:26:56.935,4.11E-09,-7.81E-09
,,,2022-08-02 10:26:57.430,4.34E-09,-8.69E-09
,,,2022-08-02 10:26:57.930,4.86E-09,-8.49E-09
,,,2022-08-02 10:26:58.431,3.84E-09,-7.24E-09
,,,2022-08-02 10:26:58.930,3.91E-09,-8.06E-09
,,,2022-08-02 10:26:59.430,3.56E-09,-7.29E-09
,,,2022-08-02 10:26:59.933,3.84E-09,-8.36E-09
,,,2022-08-02 10:27:00.432,3.94E-09,-7.49E-09
,,,2022-08-02 10:27:00.931,4.96E-09,-7.41E-09
,,,2022-08-02 10:27:01.430,4.39E-09,-7.71E-09
,,,2022-08-02 10:27:01.930,3.89E-09,-7.29E-09
,,,2022-08-02 10:27:02.432,4.56E-09,-7.81E-09
,,,2022-08-02 10:27:02.931,4.39E-09,-7.56E-09
,,,2022-08-02 10:27:03.431,4.04E-09,-7.86E-09
,,,2022-08-02 10:27:03.932,4.61E-09,-7.46E-09
,,,2022-08-02 10:27:04.433,4.64E-09,-7.39E-09
,,,2022-08-02 10:27:04.933,3.94E-09,-7.44E-09
,,,2022-08-02 10:27:05.430,5.09E-09,-7.39E-09
,,,2022-08-02 10:27:05.930,4.11E-09,-8.04E-09
,,,2022-08-02 10:27:06.431,3.86E-09,-7.46E-09
,,,2022-08-02 10:27:06.931,4.99E-09,-7.79E-09
,,,2022-08-02 10:27:07.430,3.59E-09,-8.01E-09
,,,2022-08-02 10:27:07.929,4.79E-09,-7.69E-09
,,,2022-08-02 10:27:08.430,3.84E-09,-6.36E-09
,,,2022-08-02 10:27:08.931,4.71E-09,-7.96E-09
,,,2022-08-02 10:27:09.431,5.39E-09,-8.19E-09
,,,2022-08-02 10:27:09.931,4.89E-09,-7.11E-09
,,,2022-08-02 10:27:10.430,3.69E-09,-7.66E-09
,,,2022-08-02 10:27:10.930,4.59E-09,-7.01E-09
,,,2022-08-02 10:27:11.431,4.64E-09,-8.24E-09
,,,2022-08-02 10:27:11.931,4.34E-09,-7.66E-09
,,,2022-08-02 10:27:12.433,3.81E-09,-6.91E-09
,,,2022-08-02 10:27:12.931,4.19E-09,-8.26E-09
,,,2022-08-02 10:27:13.431,4.16E-09,-7.41E-09
,,,2022-08-02 10:27:13.932,3.96E-09,-7.21E-09
,,,2022-08-02 10:27:14.430,4.49E-09,-7.84E-09
,,,2022-08-02 10:27:14.931,4.51E-09,-7.14E-09
,,,2022-08-02 10:27:15.431,4.41E-09,-7.36E-09
,,,2022-08-02 10:27:15.931,4.16E-09,-7.59E-09
,,,2022-08-02 10:27:16.431,5.21E-09,-8.49E-09
,,,2022-08-02 10:27:16.931,3.99E-09,-7.99E-09
,,,2022-08-02 10:27:17.432,4.31E-09,-7.31E-09
,,,2022-08-02 10:27:17.931,3.61E-09,-7.79E-09
,,,2022-08-02 10:27:18.431,4.74E-09,-6.89E-09
,,,2022-08-02 10:27:18.932,4.01E-09,-7.34E-09
,,,2022-08-02 10:27:19.433,4.44E-09,-7.29E-09
,,,2022-08-02 10:27:19.934,4.66E-09,-7.74E-09
,,,2022-08-02 10:27:20.434,4.44E-09,-7.04E-09
,,,2022-08-02 10:27:20.936,4.81E-09,-7.44E-09
,,,2022-08-02 10:27:21.431,3.79E-09,-6.89E-09
,,,2022-08-02 10:27:21.931,4.14E-09,-7.96E-09
,,,2022-08-02 10:27:22.431,5.16E-09,-7.56E-09
,,,2022-08-02 10:27:22.930,5.26E-09,-8.09E-09
,,,2022-08-02 10:27:23.430,3.91E-09,-6.89E-09
,,,2022-08-02 10:27:23.930,5.66E-09,-6.96E-09
,,,2022-08-02 10:27:24.431,4.61E-09,-6.44E-09
,,,2022-08-02 10:27:24.931,3.94E-09,-8.24E-09
,,,2022-08-02 10:27:25.431,4.39E-09,-7.64E-09
,,,2022-08-02 10:27:25.930,4.46E-09,-7.26E-09
,,,2022-08-02 10:27:26.431,4.61E-09,-8.16E-09
,,,2022-08-02 10:27:26.932,4.46E-09,-7.71E-09
,,,2022-08-02 10:27:27.436,4.09E-09,-8.39E-09
,,,2022-08-02 10:27:27.934,4.44E-09,-8.29E-09
,,,2022-08-02 10:27:28.434,4.64E-09,-7.39E-09
,,,2022-08-02 10:27:28.930,3.44E-09,-8.24E-09
,,,2022-08-02 10:27:29.431,4.89E-09,-6.84E-09
,,,2022-08-02 10:27:29.931,5.19E-09,-7.89E-09
,,,2022-08-02 10:27:30.430,3.69E-09,-8.09E-09
,,,2022-08-02 10:27:30.931,5.14E-09,-7.49E-09
,,,2022-08-02 10:27:31.431,4.29E-09,-7.81E-09
,,,2022-08-02 10:27:31.931,3.56E-09,-7.89E-09
,,,2022-08-02 10:27:32.430,4.59E-09,-7.79E-09
,,,2022-08-02 10:27:32.931,4.91E-09,-7.54E-09
,,,2022-08-02 10:27:33.431,4.24E-09,-8.01E-09
,,,2022-08-02 10:27:33.932,4.04E-09,-6.91E-09
,,,2022-08-02 10:27:34.432,4.41E-09,-7.09E-09
,,,2022-08-02 10:27:34.931,3.74E-09,-8.56E-09
,,,2022-08-02 10:27:35.432,4.46E-09,-8.16E-09
,,,2022-08-02 10:27:35.934,4.46E-09,-8.44E-09
,,,2022-08-02 10:27:36.430,5.31E-09,-7.71E-09
,,,2022-08-02 10:27:36.931,4.39E-09,-6.96E-09
,,,2022-08-02 10:27:37.431,4.16E-09,-7.24E-09
,,,2022-08-02 10:27:37.931,4.79E-09,-7.01E-09
,,,2022-08-02 10:27:38.431,3.59E-09,-7.41E-09
,,,2022-08-02 10:27:38.931,4.74E-09,-6.86E-09
,,,2022-08-02 10:27:39.431,3.71E-09,-7.09E-09
,,,2022-08-02 10:27:39.930,4.31E-09,-7.99E-09
,,,2022-08-02 10:27:40.430,4.39E-09,-7.61E-09
,,,2022-08-02 10:27:40.931,4.24E-09,-6.94E-09
,,,2022-08-02 10:27:41.430,3.94E-09,-8.04E-09
,,,2022-08-02 10:27:41.931,3.16E-09,-7.56E-09
,,,2022-08-02 10:27:42.431,4.01E-09,-6.89E-09
,,,2022-08-02 10:27:42.933,3.91E-09,-7.86E-09
,,,2022-08-02 10:27:43.432,3.69E-09,-8.24E-09
,,,2022-08-02 10:27:43.930,4.44E-09,-7.44E-09
,,,2022-08-02 10:27:44.430,3.79E-09,-8.54E-09
,,,2022-08-02 10:27:44.930,3.84E-09,-8.26E-09
,,,2022-08-02 10:27:45.430,4.14E-09,-8.09E-09
,,,2022-08-02 10:27:45.930,5.64E-09,-7.74E-09
,,,2022-08-02 10:27:46.430,3.59E-09,-7.76E-09
,,,2022-08-02 10:27:46.931,4.26E-09,-7.24E-09
,,,2022-08-02 10:27:47.431,4.51E-09,-6.96E-09
,,,2022-08-02 10:27:47.931,4.26E-09,-7.96E-09
,,,2022-08-02 10:27:48.431,4.86E-09,-7.64E-09
,,,2022-08-02 10:27:48.931,3.84E-09,-7.31E-09
,,,2022-08-02 10:27:49.431,4.44E-09,-7.56E-09
,,,2022-08-02 10:27:49.931,4.49E-09,-7.84E-09
,,,2022-08-02 10:27:50.432,4.79E-09,-6.84E-09
,,,2022-08-02 10:27:50.933,4.69E-09,-7.11E-09
,,,2022-08-02 10:27:51.435,3.79E-09,-8.19E-09
,,,2022-08-02 10:27:51.931,4.34E-09,-6.94E-09
,,,2022-08-02 10:27:52.431,4.66E-09,-7.81E-09
,,,2022-08-02 10:27:52.932,4.61E-09,-7.14E-09
,,,2022-08-02 10:27:53.431,3.31E-09,-7.14E-09
,,,2022-08-02 10:27:53.931,4.81E-09,-6.39E-09
,,,2022-08-02 10:27:54.431,4.39E-09,-6.96E-09
,,,2022-08-02 10:27:54.931,3.76E-09,-7.31E-09
,,,2022-08-02 10:27:55.432,5.44E-09,-6.64E-09
,,,2022-08-02 10:27:55.932,4.04E-09,-8.01E-09
,,,2022-08-02 10:27:56.430,4.71E-09,-6.79E-09
,,,2022-08-02 10:27:56.931,4.41E-09,-7.81E-09
,,,2022-08-02 10:27:57.431,4.36E-09,-7.34E-09
,,,2022-08-02 10:27:57.932,3.26E-09,-7.01E-09
,,,2022-08-02 10:27:58.432,4.41E-09,-7.59E-09
,,,2022-08-02 10:27:58.934,4.56E-09,-6.51E-09
,,,2022-08-02 10:27:59.436,4.81E-09,-7.74E-09
,,,2022-08-02 10:27:59.930,3.69E-09,-7.09E-09
,,,2022-08-02 10:28:00.430,4.04E-09,-7.91E-09
,,,2022-08-02 10:28:00.931,4.49E-09,-8.69E-09
,,,2022-08-02 10:28:01.431,3.69E-09,-7.06E-09
,,,2022-08-02 10:28:01.929,4.41E-09,-7.76E-09
,,,2022-08-02 10:28:02.430,4.54E-09,-7.49E-09
,,,2022-08-02 10:28:02.931,4.26E-09,-7.39E-09
,,,2022-08-02 10:28:03.432,4.06E-09,-7.69E-09
,,,2022-08-02 10:28:03.931,4.84E-09,-8.04E-09
,,,2022-08-02 10:28:04.431,4.16E-09,-8.26E-09
,,,2022-08-02 10:28:04.931,4.56E-09,-7.99E-09
,,,2022-08-02 10:28:05.430,4.21E-09,-6.74E-09
,,,2022-08-02 10:28:05.932,4.79E-09,-7.09E-09
,,,2022-08-02 10:28:06.433,3.71E-09,-7.44E-09
,,,2022-08-02 10:28:06.934,3.99E-09,-7.44E-09
,,,2022-08-02 10:28:07.435,4.76E-09,-7.81E-09
,,,2022-08-02 10:28:07.931,4.54E-09,-8.09E-09
,,,2022-08-02 10:28:08.431,4.69E-09,-7.39E-09
,,,2022-08-02 10:28:08.932,4.96E-09,-7.49E-09
,,,2022-08-02 10:28:09.431,4.26E-09,-6.91E-09
,,,2022-08-02 10:28:09.930,4.44E-09,-7.71E-09
,,,2022-08-02 10:28:10.430,4.09E-09,-7.96E-09
,,,2022-08-02 10:28:10.931,4.76E-09,-7.56E-09
,,,2022-08-02 10:28:11.431,4.51E-09,-7.44E-09
,,,2022-08-02 10:28:11.932,3.69E-09,-7.69E-09
,,,2022-08-02 10:28:12.432,4.09E-09,-8.76E-09
,,,2022-08-02 10:28:12.933,3.46E-09,-8.76E-09
,,,2022-08-02 10:28:13.433,4.21E-09,-7.24E-09
,,,2022-08-02 10:28:13.930,4.39E-09,-8.54E-09
,,,2022-08-02 10:28:14.431,3.61E-09,-6.39E-09
,,,2022-08-02 10:28:14.936,5.09E-09,-7.11E-09
,,,2022-08-02 10:28:15.431,4.26E-09,-8.51E-09
,,,2022-08-02 10:28:15.931,4.66E-09,-7.61E-09
,,,2022-08-02 10:28:16.429,3.69E-09,-8.26E-09
,,,2022-08-02 10:28:16.930,4.46E-09,-7.36E-09
,,,2022-08-02 10:28:17.431,4.76E-09,-7.81E-09
,,,2022-08-02 10:28:17.931,4.69E-09,-6.26E-09
,,,2022-08-02 10:28:18.431,5.24E-09,-7.79E-09
,,,2022-08-02 10:28:18.931,4.09E-09,-7.16E-09
,,,2022-08-02 10:28:19.430,4.69E-09,-7.59E-09
,,,2022-08-02 10:28:19.931,3.89E-09,-8.44E-09
,,,2022-08-02 10:28:20.432,3.76E-09,-7.61E-09
,,,2022-08-02 10:28:20.931,4.61E-09,-7.56E-09
,,,2022-08-02 10:28:21.436,4.74E-09,-6.91E-09
,,,2022-08-02 10:28:21.932,5.86E-09,-7.66E-09
,,,2022-08-02 10:28:22.435,4.19E-09,-7.91E-09
,,,2022-08-02 10:28:22.931,4.31E-09,-7.64E-09
,,,2022-08-02 10:28:23.431,3.51E-09,-7.91E-09
,,,2022-08-02 10:28:23.931,4.06E-09,-7.16E-09
,,,2022-08-02 10:28:24.431,4.59E-09,-8.49E-09
,,,2022-08-02 10:28:24.930,5.66E-09,-7.14E-09
,,,2022-08-02 10:28:25.431,3.81E-09,-7.36E-09
,,,2022-08-02 10:28:25.931,4.46E-09,-7.99E-09
,,,2022-08-02 10:28:26.430,4.89E-09,-7.46E-09
,,,2022-08-02 10:28:26.930,3.94E-09,-7.09E-09
,,,2022-08-02 10:28:27.431,4.66E-09,-8.14E-09
,,,2022-08-02 10:28:27.930,4.46E-09,-7.14E-09
,,,2022-08-02 10:28:28.431,5.06E-09,-8.24E-09
,,,2022-08-02 10:28:28.932,4.64E-09,-7.89E-09
,,,2022-08-02 10:28:29.433,3.99E-09,-7.74E-09
,,,2022-08-02 10:28:29.932,4.61E-09,-7.99E-09
,,,2022-08-02 10:28:30.435,4.31E-09,-7.84E-09
,,,2022-08-02 10:28:30.932,4.76E-09,-6.79E-09
,,,2022-08-02 10:28:31.431,3.94E-09,-8.71E-09
,,,2022-08-02 10:28:31.930,5.01E-09,-7.56E-09
,,,2022-08-02 10:28:32.431,4.61E-09,-7.69E-09
,,,2022-08-02 10:28:32.930,4.06E-09,-6.54E-09
,,,2022-08-02 10:28:33.435,3.96E-09,-8.19E-09
,,,2022-08-02 10:28:33.931,4.81E-09,-7.81E-09
,,,2022-08-02 10:28:34.432,4.04E-09,-7.84E-09
,,,2022-08-02 10:28:34.931,5.06E-09,-7.49E-09
,,,2022-08-02 10:28:35.432,4.69E-09,-8.31E-09
,,,2022-08-02 10:28:35.933,3.96E-09,-7.01E-09
,,,2022-08-02 10:28:36.432,3.99E-09,-7.21E-09
,,,2022-08-02 10:28:36.931,4.46E-09,-8.04E-09
,,,2022-08-02 10:28:37.435,4.21E-09,-7.29E-09
,,,2022-08-02 10:28:37.937,3.59E-09,-6.79E-09
,,,2022-08-02 10:28:38.432,4.49E-09,-7.41E-09
,,,2022-08-02 10:28:38.931,5.01E-09,-7.49E-09
,,,2022-08-02 10:28:39.431,3.89E-09,-7.31E-09
,,,2022-08-02 10:28:39.930,3.94E-09,-8.46E-09
,,,2022-08-02 10:28:40.431,4.44E-09,-7.51E-09
,,,2022-08-02 10:28:40.931,4.11E-09,-7.84E-09
,,,2022-08-02 10:28:41.432,4.69E-09,-7.91E-09
,,,2022-08-02 10:28:41.930,4.16E-09,-6.79E-09
,,,2022-08-02 10:28:42.429,4.74E-09,-7.14E-09
,,,2022-08-02 10:28:42.929,4.34E-09,-7.74E-09
,,,2022-08-02 10:28:43.430,3.96E-09,-7.21E-09
,,,2022-08-02 10:28:43.937,3.94E-09,-7.01E-09
,,,2022-08-02 10:28:44.433,4.36E-09,-7.91E-09
,,,2022-08-02 10:28:44.931,3.84E-09,-7.94E-09
,,,2022-08-02 10:28:45.432,4.64E-09,-7.61E-09
,,,2022-08-02 10:28:45.936,4.81E-09,-7.39E-09
,,,2022-08-02 10:28:46.431,5.46E-09,-8.04E-09
,,,2022-08-02 10:28:46.932,4.99E-09,-7.61E-09
,,,2022-08-02 10:28:47.431,3.41E-09,-7.41E-09
,,,2022-08-02 10:28:47.930,3.81E-09,-7.66E-09
,,,2022-08-02 10:28:48.429,4.46E-09,-6.74E-09
,,,2022-08-02 10:28:48.929,4.44E-09,-6.94E-09
,,,2022-08-02 10:28:49.430,4.16E-09,-7.44E-09
,,,2022-08-02 10:28:49.930,5.09E-09,-7.74E-09
,,,2022-08-02 10:28:50.431,4.31E-09,-7.11E-09
,,,2022-08-02 10:28:50.931,5.71E-09,-8.06E-09
,,,2022-08-02 10:28:51.432,4.11E-09,-7.16E-09
,,,2022-08-02 10:28:51.932,4.66E-09,-6.96E-09
,,,2022-08-02 10:28:52.432,4.06E-09,-7.14E-09
,,,2022-08-02 10:28:52.932,3.96E-09,-7.31E-09
,,,2022-08-02 10:28:53.431,4.99E-09,-8.09E-09
,,,2022-08-02 10:28:53.932,5.19E-09,-7.91E-09
,,,2022-08-02 10:28:54.430,4.84E-09,-7.26E-09
,,,2022-08-02 10:28:54.930,4.41E-09,-7.06E-09
,,,2022-08-02 10:28:55.431,4.29E-09,-8.76E-09
,,,2022-08-02 10:28:55.931,4.46E-09,-7.96E-09
,,,2022-08-02 10:28:56.430,3.81E-09,-7.96E-09
,,,2022-08-02 10:28:56.930,4.01E-09,-7.19E-09
,,,2022-08-02 10:28:57.430,4.44E-09,-7.11E-09
,,,2022-08-02 10:28:57.931,4.99E-09,-7.31E-09
,,,2022-08-02 10:28:58.431,4.84E-09,-8.41E-09
,,,2022-08-02 10:28:58.931,4.31E-09,-8.24E-09
,,,2022-08-02 10:28:59.433,4.14E-09,-7.61E-09
,,,2022-08-02 10:28:59.932,4.64E-09,-7.36E-09
,,,2022-08-02 10:29:00.433,4.31E-09,-8.44E-09
,,,2022-08-02 10:29:00.933,4.19E-09,-6.56E-09
,,,2022-08-02 10:29:01.431,5.31E-09,-7.44E-09
,,,2022-08-02 10:29:01.931,3.69E-09,-7.86E-09
,,,2022-08-02 10:29:02.431,3.79E-09,-7.16E-09
,,,2022-08-02 10:29:02.931,5.06E-09,-7.64E-09
,,,2022-08-02 10:29:03.431,5.09E-09,-7.36E-09
,,,2022-08-02 10:29:03.930,4.56E-09,-7.14E-09
,,,2022-08-02 10:29:04.431,4.79E-09,-7.19E-09
,,,2022-08-02 10:29:04.931,5.39E-09,-7.26E-09
,,,2022-08-02 10:29:05.431,4.54E-09,-7.31E-09
,,,2022-08-02 10:29:05.930,4.39E-09,-7.16E-09
,,,2022-08-02 10:29:06.432,3.41E-09,-7.31E-09
,,,2022-08-02 10:29:06.932,4.31E-09,-6.19E-09
,,,2022-08-02 10:29:07.432,3.94E-09,-7.56E-09
,,,2022-08-02 10:29:07.934,4.56E-09,-7.74E-09
,,,2022-08-02 10:29:08.442,4.36E-09,-7.79E-09
,,,2022-08-02 10:29:08.933,4.69E-09,-8.24E-09
,,,2022-08-02 10:29:09.431,4.34E-09,-7.21E-09
,,,2022-08-02 10:29:09.932,3.56E-09,-7.59E-09
,,,2022-08-02 10:29:10.430,4.29E-09,-7.84E-09
,,,2022-08-02 10:29:10.930,3.54E-09,-8.16E-09
,,,2022-08-02 10:29:11.430,3.86E-09,-6.51E-09
,,,2022-08-02 10:29:11.930,4.44E-09,-7.46E-09
,,,2022-08-02 10:29:12.430,5.24E-09,-7.61E-09
,,,2022-08-02 10:29:12.930,4.19E-09,-8.59E-09
,,,2022-08-02 10:29:13.430,5.44E-09,-6.86E-09
,,,2022-08-02 10:29:13.931,4.96E-09,-7.69E-09
,,,2022-08-02 10:29:14.431,4.31E-09,-7.49E-09
,,,2022-08-02 10:29:14.932,5.09E-09,-7.74E-09
,,,2022-08-02 10:29:15.431,4.89E-09,-7.71E-09
,,,2022-08-02 10:29:15.932,4.56E-09,-7.91E-09
,,,2022-08-02 10:29:16.432,3.79E-09,-7.84E-09
,,,2022-08-02 10:29:16.931,5.01E-09,-7.49E-09
,,,2022-08-02 10:29:17.431,4.56E-09,-8.51E-09
,,,2022-08-02 10:29:17.931,5.36E-09,-7.54E-09
,,,2022-08-02 10:29:18.430,4.74E-09,-7.34E-09
,,,2022-08-02 10:29:18.931,3.86E-09,-7.61E-09
,,,2022-08-02 10:29:19.431,4.14E-09,-8.54E-09
,,,2022-08-02 10:29:19.930,4.69E-09,-7.94E-09
,,,2022-08-02 10:29:20.430,3.94E-09,-7.34E-09
,,,2022-08-02 10:29:20.930,3.36E-09,-7.89E-09
,,,2022-08-02 10:29:21.431,4.21E-09,-7.66E-09
,,,2022-08-02 10:29:21.932,4.09E-09,-7.56E-09
,,,2022-08-02 10:29:22.431,5.29E-09,-7.96E-09
,,,2022-08-02 10:29:22.932,4.24E-09,-7.76E-09
,,,2022-08-02 10:29:23.431,4.51E-09,-7.74E-09
,,,2022-08-02 10:29:23.936,4.94E-09,-6.61E-09
,,,2022-08-02 10:29:24.434,4.19E-09,-8.01E-09
,,,2022-08-02 10:29:24.951,4.26E-09,-7.34E-09
,,,2022-08-02 10:29:25.431,4.51E-09,-8.59E-09
,,,2022-08-02 10:29:25.931,5.51E-09,-8.19E-09
,,,2022-08-02 10:29:26.432,5.11E-09,-8.26E-09
,,,2022-08-02 10:29:26.930,5.16E-09,-7.21E-09
,,,2022-08-02 10:29:27.431,4.54E-09,-8.21E-09
,,,2022-08-02 10:29:27.931,4.94E-09,-7.49E-09
,,,2022-08-02 10:29:28.430,5.26E-09,-7.46E-09
,,,2022-08-02 10:29:28.930,4.61E-09,-7.54E-09
,,,2022-08-02 10:29:29.431,4.64E-09,-7.69E-09
,,,2022-08-02 10:29:29.931,4.06E-09,-7.84E-09
,,,2022-08-02 10:29:30.432,3.69E-09,-7.51E-09
,,,2022-08-02 10:29:30.932,3.96E-09,-7.09E-09
,,,2022-08-02 10:29:31.433,4.61E-09,-7.09E-09
,,,2022-08-02 10:29:31.935,3.84E-09,-6.74E-09
,,,2022-08-02 10:29:32.431,4.74E-09,-7.94E-09
,,,2022-08-02 10:29:32.930,4.86E-09,-7.74E-09
,,,2022-08-02 10:29:33.430,3.41E-09,-7.99E-09
,,,2022-08-02 10:29:33.930,4.36E-09,-7.39E-09
,,,2022-08-02 10:29:34.431,4.94E-09,-8.19E-09
,,,2022-08-02 10:29:34.931,4.31E-09,-8.06E-09
,,,2022-08-02 10:29:35.430,3.84E-09,-8.41E-09
,,,2022-08-02 10:29:35.930,4.39E-09,-8.29E-09
,,,2022-08-02 10:29:36.431,5.19E-09,-7.61E-09
,,,2022-08-02 10:29:36.931,3.91E-09,-7.14E-09
,,,2022-08-02 10:29:37.431,4.14E-09,-7.81E-09
,,,2022-08-02 10:29:37.932,3.64E-09,-7.36E-09
,,,2022-08-02 10:29:38.431,3.96E-09,-7.31E-09
,,,2022-08-02 10:29:38.933,4.11E-09,-7.61E-09
,,,2022-08-02 10:29:39.434,3.94E-09,-8.34E-09
,,,2022-08-02 10:29:39.931,4.74E-09,-7.89E-09
,,,2022-08-02 10:29:40.431,3.46E-09,-8.41E-09
,,,2022-08-02 10:29:40.931,4.69E-09,-7.84E-09
,,,2022-08-02 10:29:41.431,5.11E-09,-7.81E-09
,,,2022-08-02 10:29:41.929,4.99E-09,-6.81E-09
,,,2022-08-02 10:29:42.429,3.76E-09,-8.09E-09
,,,2022-08-02 10:29:42.930,3.59E-09,-7.54E-09
,,,2022-08-02 10:29:43.430,3.66E-09,-8.26E-09
,,,2022-08-02 10:29:43.931,5.09E-09,-7.34E-09
,,,2022-08-02 10:29:44.431,4.56E-09,-8.06E-09
,,,2022-08-02 10:29:44.932,4.09E-09,-7.61E-09
,,,2022-08-02 10:29:45.430,4.54E-09,-6.99E-09
,,,2022-08-02 10:29:45.933,3.39E-09,-7.29E-09
,,,2022-08-02 10:29:46.432,4.24E-09,-7.09E-09
,,,2022-08-02 10:29:46.934,4.36E-09,-7.76E-09
,,,2022-08-02 10:29:47.430,4.71E-09,-7.84E-09
,,,2022-08-02 10:29:47.930,4.39E-09,-7.04E-09
,,,2022-08-02 10:29:48.431,4.11E-09,-7.71E-09
,,,2022-08-02 10:29:48.931,4.91E-09,-7.61E-09
,,,2022-08-02 10:29:49.431,4.31E-09,-7.01E-09
,,,2022-08-02 10:29:49.930,4.24E-09,-7.34E-09
,,,2022-08-02 10:29:50.431,4.01E-09,-7.46E-09
,,,2022-08-02 10:29:50.931,4.64E-09,-8.14E-09
,,,2022-08-02 10:29:51.430,3.39E-09,-7.01E-09
,,,2022-08-02 10:29:51.932,4.29E-09,-7.79E-09
,,,2022-08-02 10:29:52.432,4.21E-09,-7.89E-09
,,,2022-08-02 10:29:52.931,4.14E-09,-8.21E-09
,,,2022-08-02 10:29:53.431,4.51E-09,-6.94E-09
,,,2022-08-02 10:29:53.931,4.66E-09,-7.46E-09
,,,2022-08-02 10:29:54.434,3.91E-09,-7.99E-09
,,,2022-08-02 10:29:54.930,4.09E-09,-7.59E-09
,,,2022-08-02 10:29:55.430,5.49E-09,-7.26E-09
,,,2022-08-02 10:29:55.930,4.56E-09,-8.16E-09
,,,2022-08-02 10:29:56.431,4.44E-09,-7.64E-09
,,,2022-08-02 10:29:56.932,4.86E-09,-8.64E-09
,,,2022-08-02 10:29:57.430,4.84E-09,-6.81E-09
,,,2022-08-02 10:29:57.931,4.01E-09,-7.89E-09
,,,2022-08-02 10:29:58.430,4.69E-09,-7.61E-09
,,,2022-08-02 10:29:58.931,4.46E-09,-7.61E-09
,,,2022-08-02 10:29:59.431,4.31E-09,-7.94E-09
,,,2022-08-02 10:29:59.930,3.99E-09,-7.71E-09
,,,2022-08-02 10:30:00.431,4.24E-09,-7.74E-09
,,,2022-08-02 10:30:00.931,3.86E-09,-7.76E-09
,,,2022-08-02 10:30:01.431,4.04E-09,-8.09E-09
,,,2022-08-02 10:30:01.932,3.79E-09,-7.39E-09
,,,2022-08-02 10:30:02.430,3.21E-09,-7.41E-09
,,,2022-08-02 10:30:02.930,4.04E-09,-7.49E-09
,,,2022-08-02 10:30:03.430,5.61E-09,-8.41E-09
,,,2022-08-02 10:30:03.930,4.09E-09,-7.51E-09
,,,2022-08-02 10:30:04.430,3.91E-09,-7.89E-09
,,,2022-08-02 10:30:04.931,5.09E-09,-7.19E-09
,,,2022-08-02 10:30:05.432,3.99E-09,-7.64E-09
,,,2022-08-02 10:30:05.931,4.51E-09,-6.96E-09
,,,2022-08-02 10:30:06.430,3.46E-09,-7.66E-09
,,,2022-08-02 10:30:06.931,3.64E-09,-7.84E-09
,,,2022-08-02 10:30:07.430,4.79E-09,-8.26E-09
,,,2022-08-02 10:30:07.931,5.29E-09,-7.56E-09
,,,2022-08-02 10:30:08.431,3.96E-09,-5.96E-09
,,,2022-08-02 10:30:08.932,5.11E-09,-7.31E-09
,,,2022-08-02 10:30:09.431,4.19E-09,-7.79E-09
,,,2022-08-02 10:30:09.931,4.89E-09,-8.11E-09
,,,2022-08-02 10:30:10.432,4.06E-09,-8.24E-09
,,,2022-08-02 10:30:10.931,4.39E-09,-6.99E-09
,,,2022-08-02 10:30:11.430,3.96E-09,-7.59E-09
,,,2022-08-02 10:30:11.931,4.19E-09,-6.89E-09
,,,2022-08-02 10:30:12.430,4.04E-09,-7.44E-09
,,,2022-08-02 10:30:12.931,4.69E-09,-7.49E-09
,,,2022-08-02 10:30:13.432,3.61E-09,-8.09E-09
,,,2022-08-02 10:30:13.931,4.61E-09,-8.16E-09
,,,2022-08-02 10:30:14.431,3.99E-09,-7.66E-09
,,,2022-08-02 10:30:14.930,4.19E-09,-8.24E-09
,,,2022-08-02 10:30:15.431,3.36E-09,-7.91E-09
,,,2022-08-02 10:30:15.931,3.66E-09,-7.94E-09
,,,2022-08-02 10:30:16.432,4.69E-09,-7.74E-09
,,,2022-08-02 10:30:16.937,4.64E-09,-7.39E-09
,,,2022-08-02 10:30:17.434,5.51E-09,-8.14E-09
,,,2022-08-02 10:30:17.934,4.54E-09,-6.71E-09
,,,2022-08-02 10:30:18.431,4.14E-09,-7.16E-09
,,,2022-08-02 10:30:18.930,3.26E-09,-6.69E-09
,,,2022-08-02 10:30:19.430,4.69E-09,-7.46E-09
,,,2022-08-02 10:30:19.931,4.44E-09,-7.54E-09
,,,2022-08-02 10:30:20.431,4.69E-09,-7.71E-09
,,,2022-08-02 10:30:20.932,4.51E-09,-7.34E-09
,,,2022-08-02 10:30:21.430,4.24E-09,-7.29E-09
,,,2022-08-02 10:30:21.931,3.54E-09,-7.84E-09
,,,2022-08-02 10:30:22.431,4.01E-09,-7.39E-09
,,,2022-08-02 10:30:22.934,4.09E-09,-7.84E-09
,,,2022-08-02 10:30:23.431,3.56E-09,-7.54E-09
,,,2022-08-02 10:30:23.930,4.44E-09,-7.06E-09
,,,2022-08-02 10:30:24.432,5.14E-09,-7.41E-09
,,,2022-08-02 10:30:24.933,3.89E-09,-7.34E-09
,,,2022-08-02 10:30:25.434,3.94E-09,-7.09E-09
,,,2022-08-02 10:30:25.930,5.16E-09,-8.26E-09
,,,2022-08-02 10:30:26.430,4.99E-09,-7.09E-09
,,,2022-08-02 10:30:26.931,3.86E-09,-7.94E-09
,,,2022-08-02 10:30:27.430,3.51E-09,-7.19E-09
,,,2022-08-02 10:30:27.930,4.21E-09,-6.91E-09
,,,2022-08-02 10:30:28.432,4.09E-09,-7.39E-09
,,,2022-08-02 10:30:28.931,4.64E-09,-8.24E-09
,,,2022-08-02 10:30:29.430,4.61E-09,-7.71E-09
,,,2022-08-02 10:30:29.931,3.41E-09,-8.06E-09
,,,2022-08-02 10:30:30.430,4.14E-09,-6.91E-09
,,,2022-08-02 10:30:30.931,3.84E-09,-7.29E-09
,,,2022-08-02 10:30:31.431,4.09E-09,-7.74E-09
,,,2022-08-02 10:30:31.933,5.71E-09,-7.84E-09
,,,2022-08-02 10:30:32.431,5.09E-09,-6.66E-09
,,,2022-08-02 10:30:32.935,4.26E-09,-9.09E-09
,,,2022-08-02 10:30:33.434,4.44E-09,-7.44E-09
,,,2022-08-02 10:30:33.931,4.39E-09,-8.01E-09
,,,2022-08-02 10:30:34.440,5.29E-09,-7.81E-09
,,,2022-08-02 10:30:34.932,3.99E-09,-7.69E-09
,,,2022-08-02 10:30:35.430,4.06E-09,-6.41E-09
,,,2022-08-02 10:30:35.931,4.06E-09,-7.56E-09
,,,2022-08-02 10:30:36.431,4.91E-09,-7.49E-09
,,,2022-08-02 10:30:36.929,5.16E-09,-8.09E-09
,,,2022-08-02 10:30:37.430,3.84E-09,-7.11E-09
,,,2022-08-02 10:30:37.930,3.84E-09,-6.94E-09
,,,2022-08-02 10:30:38.430,4.96E-09,-8.69E-09
,,,2022-08-02 10:30:38.931,4.36E-09,-7.09E-09
,,,2022-08-02 10:30:39.431,4.61E-09,-8.01E-09
,,,2022-08-02 10:30:39.932,4.39E-09,-8.21E-09
,,,2022-08-02 10:30:40.432,4.44E-09,-7.64E-09
,,,2022-08-02 10:30:40.935,3.84E-09,-7.69E-09
,,,2022-08-02 10:30:41.427,4.79E-09,-6.41E-09
,,,2022-08-02 10:30:41.927,4.79E-09,-7.19E-09
,,,2022-08-02 10:30:42.428,4.19E-09,-8.84E-09
,,,2022-08-02 10:30:42.928,3.96E-09,-7.21E-09
,,,2022-08-02 10:30:43.429,3.84E-09,-7.69E-09
,,,2022-08-02 10:30:43.929,4.41E-09,-7.69E-09
,,,2022-08-02 10:30:44.430,3.69E-09,-6.81E-09
,,,2022-08-02 10:30:44.930,4.54E-09,-8.04E-09
,,,2022-08-02 10:30:45.431,3.24E-09,-7.04E-09
,,,2022-08-02 10:30:45.931,4.84E-09,-6.51E-09
,,,2022-08-02 10:30:46.431,5.26E-09,-7.96E-09
,,,2022-08-02 10:30:46.931,3.76E-09,-7.56E-09
,,,2022-08-02 10:30:47.432,4.24E-09,-7.46E-09
,,,2022-08-02 10:30:47.932,4.14E-09,-7.79E-09
,,,2022-08-02 10:30:48.433,3.96E-09,-7.19E-09
,,,2022-08-02 10:30:48.930,4.19E-09,-7.44E-09
,,,2022-08-02 10:30:49.430,4.24E-09,-7.79E-09
,,,2022-08-02 10:30:49.929,4.14E-09,-6.61E-09
,,,2022-08-02 10:30:50.431,4.24E-09,-7.66E-09
,,,2022-08-02 10:30:50.930,4.76E-09,-7.26E-09
,,,2022-08-02 10:30:51.430,3.79E-09,-7.66E-09
,,,2022-08-02 10:30:51.929,4.41E-09,-6.79E-09
,,,2022-08-02 10:30:52.430,3.74E-09,-7.51E-09
,,,2022-08-02 10:30:52.930,5.69E-09,-6.81E-09
,,,2022-08-02 10:30:53.431,3.36E-09,-8.06E-09
,,,2022-08-02 10:30:53.930,4.29E-09,-7.34E-09
,,,2022-08-02 10:30:54.431,4.91E-09,-7.76E-09
,,,2022-08-02 10:30:54.930,4.26E-09,-7.04E-09
,,,2022-08-02 10:30:55.431,3.21E-09,-8.11E-09
,,,2022-08-02 10:30:55.933,5.86E-09,-7.84E-09
,,,2022-08-02 10:30:56.432,3.99E-09,-7.66E-09
,,,2022-08-02 10:30:56.935,4.71E-09,-8.39E-09
,,,2022-08-02 10:30:57.430,4.69E-09,-7.94E-09
,,,2022-08-02 10:30:57.930,4.91E-09,-7.49E-09
,,,2022-08-02 10:30:58.431,4.81E-09,-7.54E-09
,,,2022-08-02 10:30:58.931,4.14E-09,-7.66E-09
,,,2022-08-02 10:30:59.431,4.44E-09,-8.36E-09
,,,2022-08-02 10:30:59.931,4.01E-09,-7.04E-09
,,,2022-08-02 10:31:00.431,4.76E-09,-6.89E-09
,,,2022-08-02 10:31:00.931,4.46E-09,-6.81E-09
,,,2022-08-02 10:31:01.431,4.51E-09,-7.54E-09
,,,2022-08-02 10:31:01.930,3.34E-09,-7.66E-09
,,,2022-08-02 10:31:02.430,4.96E-09,-8.89E-09
,,,2022-08-02 10:31:02.931,4.69E-09,-8.26E-09
,,,2022-08-02 10:31:03.433,4.56E-09,-7.54E-09
,,,2022-08-02 10:31:03.934,3.51E-09,-7.71E-09
,,,2022-08-02 10:31:04.433,3.99E-09,-7.61E-09
,,,2022-08-02 10:31:04.934,4.84E-09,-6.79E-09
,,,2022-08-02 10:31:05.434,4.31E-09,-7.76E-09
,,,2022-08-02 10:31:05.931,4.61E-09,-7.86E-09
,,,2022-08-02 10:31:06.430,4.36E-09,-8.56E-09
,,,2022-08-02 10:31:06.931,4.51E-09,-7.01E-09
,,,2022-08-02 10:31:07.430,4.04E-09,-8.46E-09
,,,2022-08-02 10:31:07.931,3.84E-09,-8.66E-09
,,,2022-08-02 10:31:08.431,4.46E-09,-7.14E-09
,,,2022-08-02 10:31:08.931,5.14E-09,-7.51E-09
,,,2022-08-02 10:31:09.431,3.94E-09,-7.79E-09
,,,2022-08-02 10:31:09.931,4.04E-09,-7.86E-09
,,,2022-08-02 10:31:10.430,4.49E-09,-6.89E-09
,,,2022-08-02 10:31:10.932,4.74E-09,-8.04E-09
,,,2022-08-02 10:31:11.433,5.56E-09,-7.49E-09
,,,2022-08-02 10:31:11.933,4.16E-09,-8.11E-09
,,,2022-08-02 10:31:12.430,4.99E-09,-7.96E-09
,,,2022-08-02 10:31:12.930,4.29E-09,-7.36E-09
,,,2022-08-02 10:31:13.431,4.86E-09,-7.94E-09
,,,2022-08-02 10:31:13.930,5.16E-09,-7.44E-09
,,,2022-08-02 10:31:14.432,5.16E-09,-7.09E-09
,,,2022-08-02 10:31:14.931,3.89E-09,-6.51E-09
,,,2022-08-02 10:31:15.431,4.26E-09,-7.91E-09
,,,2022-08-02 10:31:15.931,4.21E-09,-8.01E-09
,,,2022-08-02 10:31:16.431,4.64E-09,-8.21E-09
,,,2022-08-02 10:31:16.931,3.74E-09,-8.16E-09
,,,2022-08-02 10:31:17.430,3.64E-09,-8.06E-09
,,,2022-08-02 10:31:17.932,4.36E-09,-7.11E-09
,,,2022-08-02 10:31:18.431,3.46E-09,-7.71E-09
,,,2022-08-02 10:31:18.931,4.24E-09,-7.71E-09
,,,2022-08-02 10:31:19.433,5.09E-09,-7.76E-09
,,,2022-08-02 10:31:19.933,4.66E-09,-6.89E-09
,,,2022-08-02 10:31:20.430,3.41E-09,-7.21E-09
,,,2022-08-02 10:31:20.929,3.59E-09,-7.86E-09
,,,2022-08-02 10:31:21.429,4.06E-09,-8.16E-09
,,,2022-08-02 10:31:21.929,4.46E-09,-7.86E-09
,,,2022-08-02 10:31:22.429,5.34E-09,-7.96E-09
,,,2022-08-02 10:31:22.930,4.26E-09,-7.56E-09
,,,2022-08-02 10:31:23.430,4.91E-09,-8.01E-09
,,,2022-08-02 10:31:23.930,4.86E-09,-7.59E-09
,,,2022-08-02 10:31:24.430,4.71E-09,-7.94E-09
,,,2022-08-02 10:31:24.930,4.91E-09,-6.86E-09
,,,2022-08-02 10:31:25.434,3.94E-09,-7.79E-09
,,,2022-08-02 10:31:25.932,3.91E-09,-7.69E-09
,,,2022-08-02 10:31:26.433,3.96E-09,-7.29E-09
,,,2022-08-02 10:31:26.934,3.99E-09,-8.31E-09
,,,2022-08-02 10:31:27.435,4.54E-09,-8.16E-09
,,,2022-08-02 10:31:27.931,4.39E-09,-8.06E-09
,,,2022-08-02 10:31:28.431,4.16E-09,-8.04E-09
,,,2022-08-02 10:31:28.931,4.44E-09,-7.69E-09
,,,2022-08-02 10:31:29.431,3.96E-09,-7.86E-09
,,,2022-08-02 10:31:29.931,4.86E-09,-6.74E-09
,,,2022-08-02 10:31:30.431,3.91E-09,-7.29E-09
,,,2022-08-02 10:31:30.931,4.01E-09,-7.81E-09
,,,2022-08-02 10:31:31.430,4.06E-09,-8.06E-09
,,,2022-08-02 10:31:31.930,5.19E-09,-7.39E-09
,,,2022-08-02 10:31:32.431,4.89E-09,-7.44E-09
,,,2022-08-02 10:31:32.931,4.16E-09,-7.09E-09
,,,2022-08-02 10:31:33.431,3.89E-09,-7.69E-09
,,,2022-08-02 10:31:33.932,5.09E-09,-6.86E-09
,,,2022-08-02 10:31:34.432,5.06E-09,-7.89E-09
,,,2022-08-02 10:31:34.933,4.21E-09,-7.34E-09
,,,2022-08-02 10:31:35.431,4.41E-09,-7.79E-09
,,,2022-08-02 10:31:35.931,4.51E-09,-7.51E-09
,,,2022-08-02 10:31:36.431,3.74E-09,-8.19E-09
,,,2022-08-02 10:31:36.931,4.51E-09,-8.06E-09
,,,2022-08-02 10:31:37.430,5.69E-09,-7.36E-09
,,,2022-08-02 10:31:37.931,4.41E-09,-8.11E-09
,,,2022-08-02 10:31:38.431,4.39E-09,-7.84E-09
,,,2022-08-02 10:31:38.930,5.31E-09,-7.06E-09
,,,2022-08-02 10:31:39.430,3.39E-09,-7.36E-09
,,,2022-08-02 10:31:39.931,5.16E-09,-8.34E-09
,,,2022-08-02 10:31:40.431,4.66E-09,-7.34E-09
,,,2022-08-02 10:31:40.934,4.26E-09,-7.71E-09
,,,2022-08-02 10:31:41.431,4.81E-09,-7.96E-09
,,,2022-08-02 10:31:41.932,4.29E-09,-7.51E-09
,,,2022-08-02 10:31:42.433,3.84E-09,-7.51E-09
,,,2022-08-02 10:31:42.933,4.09E-09,-8.11E-09
,,,2022-08-02 10:31:43.430,4.36E-09,-7.26E-09
,,,2022-08-02 10:31:43.930,5.11E-09,-6.44E-09
,,,2022-08-02 10:31:44.430,5.09E-09,-7.16E-09
,,,2022-08-02 10:31:44.930,4.76E-09,-7.49E-09
,,,2022-08-02 10:31:45.430,3.59E-09,-8.19E-09
,,,2022-08-02 10:31:45.930,3.96E-09,-7.51E-09
,,,2022-08-02 10:31:46.431,4.86E-09,-7.94E-09
,,,2022-08-02 10:31:46.931,4.16E-09,-9.21E-09
,,,2022-08-02 10:31:47.432,3.71E-09,-7.19E-09
,,,2022-08-02 10:31:47.931,4.46E-09,-7.79E-09
,,,2022-08-02 10:31:48.431,5.01E-09,-8.04E-09
,,,2022-08-02 10:31:48.931,4.21E-09,-7.16E-09
,,,2022-08-02 10:31:49.431,5.06E-09,-8.06E-09
,,,2022-08-02 10:31:49.933,3.41E-09,-7.66E-09
,,,2022-08-02 10:31:50.435,5.16E-09,-8.34E-09
,,,2022-08-02 10:31:50.933,4.04E-09,-7.09E-09
,,,2022-08-02 10:31:51.430,3.86E-09,-7.29E-09
,,,2022-08-02 10:31:51.931,3.99E-09,-7.79E-09
,,,2022-08-02 10:31:52.430,3.49E-09,-7.56E-09
,,,2022-08-02 10:31:52.930,4.34E-09,-7.91E-09
,,,2022-08-02 10:31:53.431,5.16E-09,-7.59E-09
,,,2022-08-02 10:31:53.932,4.21E-09,-7.26E-09
,,,2022-08-02 10:31:54.431,4.36E-09,-7.09E-09
,,,2022-08-02 10:31:54.930,4.36E-09,-8.06E-09
,,,2022-08-02 10:31:55.431,3.64E-09,-7.04E-09
,,,2022-08-02 10:31:55.931,4.14E-09,-7.79E-09
,,,2022-08-02 10:31:56.430,4.14E-09,-8.14E-09
,,,2022-08-02 10:31:56.932,4.06E-09,-7.56E-09
,,,2022-08-02 10:31:57.432,4.96E-09,-7.64E-09
,,,2022-08-02 10:31:57.936,5.01E-09,-8.11E-09
,,,2022-08-02 10:31:58.434,4.04E-09,-7.66E-09
,,,2022-08-02 10:31:58.934,3.96E-09,-6.66E-09
,,,2022-08-02 10:31:59.432,3.49E-09,-7.16E-09
,,,2022-08-02 10:31:59.931,4.81E-09,-7.81E-09
,,,2022-08-02 10:32:00.431,4.59E-09,-7.64E-09
,,,2022-08-02 10:32:00.931,3.91E-09,-7.49E-09
,,,2022-08-02 10:32:01.431,4.56E-09,-7.54E-09
,,,2022-08-02 10:32:01.931,4.94E-09,-8.14E-09
,,,2022-08-02 10:32:02.430,5.24E-09,-7.26E-09
,,,2022-08-02 10:32:02.930,4.24E-09,-7.64E-09
,,,2022-08-02 10:32:03.431,4.86E-09,-6.54E-09
,,,2022-08-02 10:32:03.933,4.56E-09,-7.26E-09
,,,2022-08-02 10:32:04.430,4.44E-09,-7.71E-09
,,,2022-08-02 10:32:04.931,4.36E-09,-7.56E-09
,,,2022-08-02 10:32:05.433,4.76E-09,-7.26E-09
,,,2022-08-02 10:32:05.933,4.86E-09,-6.99E-09
,,,2022-08-02 10:32:06.433,4.21E-09,-8.14E-09
,,,2022-08-02 10:32:06.931,4.91E-09,-7.66E-09
,,,2022-08-02 10:32:07.431,3.69E-09,-7.26E-09
,,,2022-08-02 10:32:07.937,4.69E-09,-8.49E-09
,,,2022-08-02 10:32:08.433,4.16E-09,-7.99E-09
,,,2022-08-02 10:32:08.932,4.61E-09,-7.71E-09
,,,2022-08-02 10:32:09.431,3.99E-09,-7.44E-09
,,,2022-08-02 10:32:09.931,5.46E-09,-7.14E-09
,,,2022-08-02 10:32:10.431,4.24E-09,-6.76E-09
,,,2022-08-02 10:32:10.932,4.64E-09,-7.21E-09
,,,2022-08-02 10:32:11.431,4.24E-09,-7.19E-09
,,,2022-08-02 10:32:11.931,4.26E-09,-8.06E-09
,,,2022-08-02 10:32:12.432,4.19E-09,-7.56E-09
,,,2022-08-02 10:32:12.933,3.51E-09,-7.71E-09
,,,2022-08-02 10:32:13.431,4.01E-09,-7.14E-09
,,,2022-08-02 10:32:13.934,3.94E-09,-6.69E-09
,,,2022-08-02 10:32:14.433,4.36E-09,-7.41E-09
,,,2022-08-02 10:32:14.932,4.14E-09,-7.09E-09
,,,2022-08-02 10:32:15.430,4.31E-09,-7.49E-09
,,,2022-08-02 10:32:15.931,4.39E-09,-8.04E-09
,,,2022-08-02 10:32:16.431,4.26E-09,-7.89E-09
,,,2022-08-02 10:32:16.930,4.04E-09,-7.56E-09
,,,2022-08-02 10:32:17.431,4.96E-09,-8.01E-09
,,,2022-08-02 10:32:17.931,3.39E-09,-6.81E-09
,,,2022-08-02 10:32:18.430,4.66E-09,-6.84E-09
,,,2022-08-02 10:32:18.930,4.19E-09,-7.19E-09
,,,2022-08-02 10:32:19.430,5.39E-09,-7.94E-09
,,,2022-08-02 10:32:19.930,4.54E-09,-8.31E-09
,,,2022-08-02 10:32:20.431,4.11E-09,-7.81E-09
,,,2022-08-02 10:32:20.931,4.31E-09,-6.89E-09
,,,2022-08-02 10:32:21.434,4.41E-09,-6.46E-09
,,,2022-08-02 10:32:21.935,5.24E-09,-7.54E-09
,,,2022-08-02 10:32:22.437,4.26E-09,-6.76E-09
,,,2022-08-02 10:32:22.931,3.89E-09,-6.99E-09
,,,2022-08-02 10:32:23.431,4.36E-09,-8.14E-09
,,,2022-08-02 10:32:23.931,4.96E-09,-7.19E-09
,,,2022-08-02 10:32:24.430,3.31E-09,-7.79E-09
,,,2022-08-02 10:32:24.929,4.96E-09,-7.19E-09
,,,2022-08-02 10:32:25.429,4.19E-09,-7.16E-09
,,,2022-08-02 10:32:25.930,3.76E-09,-8.04E-09
,,,2022-08-02 10:32:26.431,4.41E-09,-7.69E-09
,,,2022-08-02 10:32:26.931,5.14E-09,-8.41E-09
,,,2022-08-02 10:32:27.431,4.19E-09,-8.54E-09
,,,2022-08-02 10:32:27.931,4.76E-09,-7.61E-09
,,,2022-08-02 10:32:28.430,5.56E-09,-6.69E-09
,,,2022-08-02 10:32:28.933,3.91E-09,-7.54E-09
,,,2022-08-02 10:32:29.432,3.31E-09,-7.21E-09
,,,2022-08-02 10:32:29.935,3.69E-09,-7.41E-09
,,,2022-08-02 10:32:30.432,4.26E-09,-8.04E-09
,,,2022-08-02 10:32:30.930,4.54E-09,-6.99E-09
,,,2022-08-02 10:32:31.430,4.36E-09,-7.26E-09
,,,2022-08-02 10:32:31.931,4.64E-09,-7.99E-09
,,,2022-08-02 10:32:32.429,3.89E-09,-7.34E-09
,,,2022-08-02 10:32:32.930,4.74E-09,-7.39E-09
,,,2022-08-02 10:32:33.431,4.54E-09,-8.04E-09
,,,2022-08-02 10:32:33.931,4.19E-09,-7.09E-09
,,,2022-08-02 10:32:34.430,4.96E-09,-7.84E-09
,,,2022-08-02 10:32:34.932,5.29E-09,-6.94E-09
,,,2022-08-02 10:32:35.431,3.51E-09,-6.36E-09
,,,2022-08-02 10:32:35.933,4.41E-09,-7.09E-09
,,,2022-08-02 10:32:36.435,4.24E-09,-7.41E-09
,,,2022-08-02 10:32:36.933,4.31E-09,-7.79E-09
,,,2022-08-02 10:32:37.434,3.44E-09,-7.26E-09
,,,2022-08-02 10:32:37.939,4.39E-09,-7.39E-09
,,,2022-08-02 10:32:38.431,5.49E-09,-6.99E-09
,,,2022-08-02 10:32:38.931,4.46E-09,-7.69E-09
,,,2022-08-02 10:32:39.431,3.84E-09,-8.04E-09
,,,2022-08-02 10:32:39.931,4.91E-09,-7.49E-09
,,,2022-08-02 10:32:40.431,4.36E-09,-8.16E-09
,,,2022-08-02 10:32:40.929,4.44E-09,-8.09E-09
,,,2022-08-02 10:32:41.430,3.69E-09,-7.39E-09
,,,2022-08-02 10:32:41.930,4.01E-09,-6.66E-09
,,,2022-08-02 10:32:42.431,4.11E-09,-8.61E-09
,,,2022-08-02 10:32:42.931,4.56E-09,-7.49E-09
,,,2022-08-02 10:32:43.431,4.29E-09,-7.74E-09
,,,2022-08-02 10:32:43.932,4.04E-09,-7.94E-09
,,,2022-08-02 10:32:44.431,4.64E-09,-7.16E-09
,,,2022-08-02 10:32:44.932,4.24E-09,-9.14E-09
,,,2022-08-02 10:32:45.434,4.59E-09,-7.26E-09
,,,2022-08-02 10:32:45.930,4.49E-09,-6.74E-09
,,,2022-08-02 10:32:46.431,4.11E-09,-7.31E-09
,,,2022-08-02 10:32:46.931,3.91E-09,-7.29E-09
,,,2022-08-02 10:32:47.431,4.41E-09,-7.71E-09
,,,2022-08-02 10:32:47.930,3.64E-09,-7.76E-09
,,,2022-08-02 10:32:48.430,4.09E-09,-7.14E-09
,,,2022-08-02 10:32:48.930,4.41E-09,-7.46E-09
,,,2022-08-02 10:32:49.431,4.06E-09,-7.76E-09
,,,2022-08-02 10:32:49.932,4.34E-09,-8.06E-09
,,,2022-08-02 10:32:50.432,4.39E-09,-7.79E-09
,,,2022-08-02 10:32:50.932,3.96E-09,-7.91E-09
,,,2022-08-02 10:32:51.431,5.61E-09,-7.14E-09
,,,2022-08-02 10:32:51.934,4.29E-09,-6.86E-09
,,,2022-08-02 10:32:52.433,3.99E-09,-7.64E-09
,,,2022-08-02 10:32:52.933,4.84E-09,-7.79E-09
,,,2022-08-02 10:32:53.432,4.16E-09,-7.96E-09
,,,2022-08-02 10:32:53.931,4.46E-09,-8.06E-09
,,,2022-08-02 10:32:54.431,5.24E-09,-8.24E-09
,,,2022-08-02 10:32:54.932,5.09E-09,-8.16E-09
,,,2022-08-02 10:32:55.431,5.01E-09,-6.64E-09
,,,2022-08-02 10:32:55.931,4.26E-09,-7.44E-09
,,,2022-08-02 10:32:56.431,3.19E-09,-6.94E-09
,,,2022-08-02 10:32:56.930,4.89E-09,-7.81E-09
,,,2022-08-02 10:32:57.430,4.91E-09,-7.94E-09
,,,2022-08-02 10:32:57.930,3.96E-09,-8.26E-09
,,,2022-08-02 10:32:58.433,4.41E-09,-7.51E-09
,,,2022-08-02 10:32:58.931,4.39E-09,-6.79E-09
,,,2022-08-02 10:32:59.432,4.36E-09,-7.54E-09
,,,2022-08-02 10:32:59.935,4.44E-09,-7.81E-09
,,,2022-08-02 10:33:00.430,4.19E-09,-7.96E-09
,,,2022-08-02 10:33:00.930,4.51E-09,-6.79E-09
,,,2022-08-02 10:33:01.430,4.71E-09,-7.66E-09
,,,2022-08-02 10:33:01.930,5.29E-09,-7.21E-09
,,,2022-08-02 10:33:02.430,4.01E-09,-7.16E-09
,,,2022-08-02 10:33:02.930,3.39E-09,-7.01E-09
,,,2022-08-02 10:33:03.430,4.89E-09,-7.16E-09
,,,2022-08-02 10:33:03.931,3.74E-09,-7.86E-09
,,,2022-08-02 10:33:04.431,3.89E-09,-8.36E-09
,,,2022-08-02 10:33:04.931,4.19E-09,-8.59E-09
,,,2022-08-02 10:33:05.429,4.01E-09,-7.39E-09
,,,2022-08-02 10:33:05.930,3.79E-09,-8.19E-09
,,,2022-08-02 10:33:06.431,4.66E-09,-7.99E-09
,,,2022-08-02 10:33:06.932,4.26E-09,-8.01E-09
,,,2022-08-02 10:33:07.432,3.79E-09,-7.99E-09
,,,2022-08-02 10:33:07.931,4.51E-09,-8.04E-09
,,,2022-08-02 10:33:08.439,4.91E-09,-7.56E-09
,,,2022-08-02 10:33:08.937,4.04E-09,-6.71E-09
,,,2022-08-02 10:33:09.431,4.41E-09,-6.91E-09
,,,2022-08-02 10:33:09.963,4.41E-09,-7.41E-09
,,,2022-08-02 10:33:10.431,4.41E-09,-8.06E-09
,,,2022-08-02 10:33:10.931,4.21E-09,-7.09E-09
,,,2022-08-02 10:33:11.430,5.09E-09,-7.54E-09
,,,2022-08-02 10:33:11.931,4.24E-09,-7.31E-09
,,,2022-08-02 10:33:12.431,4.29E-09,-8.01E-09
,,,2022-08-02 10:33:12.930,4.19E-09,-7.86E-09
,,,2022-08-02 10:33:13.431,3.84E-09,-7.71E-09
,,,2022-08-02 10:33:13.936,5.01E-09,-7.71E-09
,,,2022-08-02 10:33:14.432,3.61E-09,-7.61E-09
,,,2022-08-02 10:33:14.932,3.41E-09,-7.11E-09
,,,2022-08-02 10:33:15.434,4.84E-09,-8.11E-09
,,,2022-08-02 10:33:15.933,4.34E-09,-7.89E-09
,,,2022-08-02 10:33:16.431,4.86E-09,-7.21E-09
,,,2022-08-02 10:33:16.930,4.46E-09,-7.91E-09
,,,2022-08-02 10:33:17.431,4.74E-09,-8.54E-09
,,,2022-08-02 10:33:17.931,5.09E-09,-7.49E-09
,,,2022-08-02 10:33:18.431,4.91E-09,-8.56E-09
,,,2022-08-02 10:33:18.929,4.56E-09,-7.51E-09
,,,2022-08-02 10:33:19.431,4.39E-09,-7.76E-09
,,,2022-08-02 10:33:19.931,3.79E-09,-7.61E-09
,,,2022-08-02 10:33:20.431,4.66E-09,-8.16E-09
,,,2022-08-02 10:33:20.929,3.99E-09,-7.61E-09
,,,2022-08-02 10:33:21.431,5.34E-09,-7.01E-09
,,,2022-08-02 10:33:21.932,3.69E-09,-7.44E-09
,,,2022-08-02 10:33:22.431,5.16E-09,-6.99E-09
,,,2022-08-02 10:33:22.931,5.56E-09,-8.86E-09
,,,2022-08-02 10:33:23.432,4.56E-09,-7.39E-09
,,,2022-08-02 10:33:23.931,4.64E-09,-7.01E-09
,,,2022-08-02 10:33:24.431,5.19E-09,-8.51E-09
,,,2022-08-02 10:33:24.931,4.44E-09,-6.99E-09
,,,2022-08-02 10:33:25.430,4.54E-09,-7.16E-09
,,,2022-08-02 10:33:25.931,4.61E-09,-8.26E-09
,,,2022-08-02 10:33:26.431,4.06E-09,-8.14E-09
,,,2022-08-02 10:33:26.931,5.09E-09,-6.99E-09
,,,2022-08-02 10:33:27.431,4.31E-09,-7.64E-09
,,,2022-08-02 10:33:27.929,3.51E-09,-7.31E-09
,,,2022-08-02 10:33:28.430,3.79E-09,-7.14E-09
,,,2022-08-02 10:33:28.932,3.34E-09,-6.94E-09
,,,2022-08-02 10:33:29.433,5.14E-09,-6.56E-09
,,,2022-08-02 10:33:29.931,4.71E-09,-7.56E-09
,,,2022-08-02 10:33:30.437,4.06E-09,-6.66E-09
,,,2022-08-02 10:33:30.934,5.24E-09,-7.74E-09
,,,2022-08-02 10:33:31.435,4.66E-09,-7.21E-09
,,,2022-08-02 10:33:31.930,3.41E-09,-7.04E-09
,,,2022-08-02 10:33:32.430,5.34E-09,-7.69E-09
,,,2022-08-02 10:33:32.930,4.41E-09,-7.79E-09
,,,2022-08-02 10:33:33.431,4.34E-09,-7.81E-09
,,,2022-08-02 10:33:33.930,3.96E-09,-8.04E-09
,,,2022-08-02 10:33:34.430,5.16E-09,-7.26E-09
,,,2022-08-02 10:33:34.931,4.56E-09,-7.79E-09
,,,2022-08-02 10:33:35.431,3.89E-09,-8.59E-09
,,,2022-08-02 10:33:35.931,4.36E-09,-7.61E-09
,,,2022-08-02 10:33:36.431,3.74E-09,-6.81E-09
,,,2022-08-02 10:33:36.932,4.19E-09,-6.61E-09
,,,2022-08-02 10:33:37.431,4.46E-09,-7.39E-09
,,,2022-08-02 10:33:37.934,4.99E-09,-7.91E-09
,,,2022-08-02 10:33:38.435,5.09E-09,-7.66E-09
,,,2022-08-02 10:33:38.934,5.11E-09,-7.71E-09
,,,2022-08-02 10:33:39.431,3.94E-09,-8.14E-09
,,,2022-08-02 10:33:39.931,4.16E-09,-7.86E-09
,,,2022-08-02 10:33:40.431,4.21E-09,-7.94E-09
,,,2022-08-02 10:33:40.931,4.81E-09,-7.99E-09
,,,2022-08-02 10:33:41.431,3.79E-09,-6.94E-09
,,,2022-08-02 10:33:41.931,4.16E-09,-7.49E-09
,,,2022-08-02 10:33:42.430,3.76E-09,-7.46E-09
,,,2022-08-02 10:33:42.930,4.06E-09,-7.29E-09
,,,2022-08-02 10:33:43.429,4.01E-09,-7.26E-09
,,,2022-08-02 10:33:43.929,4.21E-09,-6.09E-09
,,,2022-08-02 10:33:44.430,4.24E-09,-7.99E-09
,,,2022-08-02 10:33:44.932,3.91E-09,-7.81E-09
,,,2022-08-02 10:33:45.433,3.69E-09,-7.54E-09
,,,2022-08-02 10:33:45.931,4.39E-09,-8.16E-09
,,,2022-08-02 10:33:46.434,3.66E-09,-8.09E-09
,,,2022-08-02 10:33:46.931,4.81E-09,-7.14E-09
,,,2022-08-02 10:33:47.431,4.19E-09,-8.01E-09
,,,2022-08-02 10:33:47.931,4.94E-09,-6.89E-09
,,,2022-08-02 10:33:48.431,3.39E-09,-7.74E-09
,,,2022-08-02 10:33:48.929,4.79E-09,-8.04E-09
,,,2022-08-02 10:33:49.429,5.04E-09,-7.01E-09
,,,2022-08-02 10:33:49.929,4.29E-09,-7.61E-09
,,,2022-08-02 10:33:50.429,3.91E-09,-7.56E-09
,,,2022-08-02 10:33:50.930,5.04E-09,-8.01E-09
,,,2022-08-02 10:33:51.430,4.31E-09,-7.59E-09
,,,2022-08-02 10:33:51.930,3.79E-09,-7.29E-09
,,,2022-08-02 10:33:52.433,4.89E-09,-7.56E-09
,,,2022-08-02 10:33:52.932,4.64E-09,-7.16E-09
,,,2022-08-02 10:33:53.454,4.34E-09,-8.26E-09
,,,2022-08-02 10:33:53.930,4.31E-09,-7.16E-09
,,,2022-08-02 10:33:54.431,3.61E-09,-7.91E-09
,,,2022-08-02 10:33:54.931,4.16E-09,-7.16E-09
,,,2022-08-02 10:33:55.429,4.91E-09,-7.74E-09
,,,2022-08-02 10:33:55.929,3.99E-09,-7.74E-09
,,,2022-08-02 10:33:56.430,3.91E-09,-7.16E-09
,,,2022-08-02 10:33:56.931,4.19E-09,-7.14E-09
,,,2022-08-02 10:33:57.431,4.46E-09,-7.71E-09
,,,2022-08-02 10:33:57.931,4.54E-09,-7.96E-09
,,,2022-08-02 10:33:58.430,5.29E-09,-8.24E-09
,,,2022-08-02 10:33:58.931,3.66E-09,-7.84E-09
,,,2022-08-02 10:33:59.430,4.06E-09,-8.51E-09
,,,2022-08-02 10:33:59.932,4.21E-09,-7.04E-09
,,,2022-08-02 10:34:00.434,4.96E-09,-7.06E-09
,,,2022-08-02 10:34:00.933,4.39E-09,-7.14E-09
,,,2022-08-02 10:34:01.432,3.86E-09,-8.24E-09
,,,2022-08-02 10:34:01.930,4.76E-09,-8.59E-09
,,,2022-08-02 10:34:02.430,3.84E-09,-6.96E-09
,,,2022-08-02 10:34:02.931,4.01E-09,-7.86E-09
,,,2022-08-02 10:34:03.431,5.26E-09,-7.11E-09
,,,2022-08-02 10:34:03.931,3.74E-09,-7.86E-09
,,,2022-08-02 10:34:04.430,3.69E-09,-6.89E-09
,,,2022-08-02 10:34:04.931,4.64E-09,-7.09E-09
,,,2022-08-02 10:34:05.444,3.81E-09,-7.36E-09
,,,2022-08-02 10:34:05.930,3.81E-09,-7.31E-09
,,,2022-08-02 10:34:06.430,4.09E-09,-8.14E-09
,,,2022-08-02 10:34:06.931,4.64E-09,-7.76E-09
,,,2022-08-02 10:34:07.430,4.19E-09,-6.34E-09
,,,2022-08-02 10:34:07.933,4.76E-09,-6.79E-09
,,,2022-08-02 10:34:08.432,4.71E-09,-7.64E-09
,,,2022-08-02 10:34:08.932,5.46E-09,-7.69E-09
,,,2022-08-02 10:34:09.431,4.51E-09,-6.39E-09
,,,2022-08-02 10:34:09.930,3.79E-09,-7.46E-09
,,,2022-08-02 10:34:10.431,4.36E-09,-7.24E-09
,,,2022-08-02 10:34:10.931,4.44E-09,-7.06E-09
,,,2022-08-02 10:34:11.430,5.76E-09,-7.71E-09
,,,2022-08-02 10:34:11.931,3.94E-09,-6.34E-09
,,,2022-08-02 10:34:12.431,4.19E-09,-7.61E-09
,,,2022-08-02 10:34:12.931,3.79E-09,-6.71E-09
,,,2022-08-02 10:34:13.432,4.51E-09,-7.76E-09
,,,2022-08-02 10:34:13.931,4.16E-09,-7.46E-09
,,,2022-08-02 10:34:14.431,4.34E-09,-7.91E-09
,,,2022-08-02 10:34:14.931,4.51E-09,-6.89E-09
,,,2022-08-02 10:34:15.431,4.01E-09,-7.14E-09
,,,2022-08-02 10:34:15.932,4.36E-09,-7.21E-09
,,,2022-08-02 10:34:16.433,4.69E-09,-7.96E-09
,,,2022-08-02 10:34:16.933,3.41E-09,-7.79E-09
,,,2022-08-02 10:34:17.432,4.21E-09,-7.41E-09
,,,2022-08-02 10:34:17.933,4.19E-09,-7.96E-09
,,,2022-08-02 10:34:18.431,4.19E-09,-7.99E-09
,,,2022-08-02 10:34:18.930,4.06E-09,-7.66E-09
,,,2022-08-02 10:34:19.432,4.94E-09,-7.86E-09
,,,2022-08-02 10:34:19.931,4.49E-09,-7.54E-09
,,,2022-08-02 10:34:20.430,3.71E-09,-7.71E-09
,,,2022-08-02 10:34:20.930,3.19E-09,-7.71E-09
,,,2022-08-02 10:34:21.429,3.94E-09,-7.71E-09
,,,2022-08-02 10:34:21.929,3.64E-09,-8.49E-09
,,,2022-08-02 10:34:22.429,3.84E-09,-7.99E-09
,,,2022-08-02 10:34:22.929,4.21E-09,-7.24E-09
,,,2022-08-02 10:34:23.430,4.54E-09,-8.11E-09
,,,2022-08-02 10:34:23.932,4.01E-09,-8.04E-09
,,,2022-08-02 10:34:24.433,4.26E-09,-7.41E-09
,,,2022-08-02 10:34:24.933,3.71E-09,-7.61E-09
,,,2022-08-02 10:34:25.433,3.69E-09,-7.61E-09
,,,2022-08-02 10:34:25.934,4.11E-09,-7.61E-09
,,,2022-08-02 10:34:26.431,4.11E-09,-7.16E-09
,,,2022-08-02 10:34:26.930,4.34E-09,-8.09E-09
,,,2022-08-02 10:34:27.430,4.01E-09,-7.84E-09
,,,2022-08-02 10:34:27.930,4.24E-09,-7.79E-09
,,,2022-08-02 10:34:28.432,4.76E-09,-6.84E-09
,,,2022-08-02 10:34:28.932,3.86E-09,-7.16E-09
,,,2022-08-02 10:34:29.430,3.61E-09,-8.31E-09
,,,2022-08-02 10:34:29.931,3.54E-09,-7.26E-09
,,,2022-08-02 10:34:30.431,5.56E-09,-7.01E-09
,,,2022-08-02 10:34:30.931,4.26E-09,-8.06E-09
,,,2022-08-02 10:34:31.430,4.41E-09,-7.14E-09
,,,2022-08-02 10:34:31.934,4.39E-09,-8.86E-09
,,,2022-08-02 10:34:32.430,3.31E-09,-7.64E-09
,,,2022-08-02 10:34:32.930,3.79E-09,-7.79E-09
,,,2022-08-02 10:34:33.431,4.46E-09,-7.39E-09
,,,2022-08-02 10:34:33.931,3.84E-09,-7.91E-09
,,,2022-08-02 10:34:34.433,4.44E-09,-6.66E-09
,,,2022-08-02 10:34:34.931,5.64E-09,-7.79E-09
,,,2022-08-02 10:34:35.430,3.81E-09,-7.56E-09
,,,2022-08-02 10:34:35.930,4.41E-09,-7.09E-09
,,,2022-08-02 10:34:36.430,4.39E-09,-7.61E-09
,,,2022-08-02 10:34:36.930,5.06E-09,-7.01E-09
,,,2022-08-02 10:34:37.431,4.64E-09,-7.14E-09
,,,2022-08-02 10:34:37.930,4.44E-09,-8.34E-09
,,,2022-08-02 10:34:38.430,5.14E-09,-6.99E-09
,,,2022-08-02 10:34:38.931,5.44E-09,-8.31E-09
,,,2022-08-02 10:34:39.433,4.29E-09,-8.14E-09
,,,2022-08-02 10:34:39.933,4.04E-09,-7.11E-09
,,,2022-08-02 10:34:40.435,4.79E-09,-8.81E-09
,,,2022-08-02 10:34:40.930,4.44E-09,-7.81E-09
,,,2022-08-02 10:34:41.430,4.16E-09,-6.71E-09
,,,2022-08-02 10:34:41.931,3.94E-09,-7.89E-09
,,,2022-08-02 10:34:42.430,3.94E-09,-7.21E-09
,,,2022-08-02 10:34:42.931,3.84E-09,-7.09E-09
,,,2022-08-02 10:34:43.431,4.31E-09,-7.16E-09
,,,2022-08-02 10:34:43.930,4.21E-09,-7.41E-09
,,,2022-08-02 10:34:44.431,4.51E-09,-8.79E-09
,,,2022-08-02 10:34:44.932,3.41E-09,-7.91E-09
,,,2022-08-02 10:34:45.430,3.51E-09,-7.26E-09
,,,2022-08-02 10:34:45.930,4.09E-09,-8.61E-09
,,,2022-08-02 10:34:46.431,3.86E-09,-7.54E-09
,,,2022-08-02 10:34:46.934,4.79E-09,-7.71E-09
,,,2022-08-02 10:34:47.432,4.39E-09,-7.26E-09
,,,2022-08-02 10:34:47.934,4.59E-09,-7.19E-09
,,,2022-08-02 10:34:48.430,4.64E-09,-6.69E-09
,,,2022-08-02 10:34:48.930,4.74E-09,-7.86E-09
,,,2022-08-02 10:34:49.431,4.59E-09,-6.91E-09
,,,2022-08-02 10:34:49.930,4.81E-09,-8.14E-09
,,,2022-08-02 10:34:50.430,4.34E-09,-8.31E-09
,,,2022-08-02 10:34:50.930,3.61E-09,-7.59E-09
,,,2022-08-02 10:34:51.430,4.39E-09,-6.89E-09
,,,2022-08-02 10:34:51.930,5.04E-09,-7.84E-09
,,,2022-08-02 10:34:52.430,5.09E-09,-7.84E-09
,,,2022-08-02 10:34:52.930,4.74E-09,-7.84E-09
,,,2022-08-02 10:34:53.431,4.86E-09,-7.31E-09
,,,2022-08-02 10:34:53.932,4.26E-09,-8.04E-09
,,,2022-08-02 10:34:54.432,4.11E-09,-7.99E-09
,,,2022-08-02 10:34:54.931,5.04E-09,-7.26E-09
,,,2022-08-02 10:34:55.432,4.01E-09,-8.06E-09
,,,2022-08-02 10:34:55.933,4.51E-09,-8.01E-09
,,,2022-08-02 10:34:56.431,4.61E-09,-7.66E-09
,,,2022-08-02 10:34:56.932,4.11E-09,-7.49E-09
,,,2022-08-02 10:34:57.431,4.34E-09,-7.26E-09
,,,2022-08-02 10:34:57.931,4.81E-09,-7.24E-09
,,,2022-08-02 10:34:58.431,3.56E-09,-7.34E-09
,,,2022-08-02 10:34:58.930,3.69E-09,-8.16E-09
,,,2022-08-02 10:34:59.430,3.64E-09,-8.11E-09
,,,2022-08-02 10:34:59.930,3.86E-09,-7.84E-09
,,,2022-08-02 10:35:00.430,5.04E-09,-8.76E-09
,,,2022-08-02 10:35:00.931,4.46E-09,-7.19E-09
,,,2022-08-02 10:35:01.431,3.96E-09,-6.91E-09
,,,2022-08-02 10:35:01.932,3.54E-09,-7.26E-09
,,,2022-08-02 10:35:02.432,3.86E-09,-7.36E-09
,,,2022-08-02 10:35:02.932,4.04E-09,-6.91E-09
,,,2022-08-02 10:35:03.433,4.36E-09,-7.66E-09
,,,2022-08-02 10:35:03.932,4.84E-09,-8.56E-09
,,,2022-08-02 10:35:04.430,5.24E-09,-7.76E-09
,,,2022-08-02 10:35:04.930,4.34E-09,-8.09E-09
,,,2022-08-02 10:35:05.431,3.81E-09,-7.91E-09
,,,2022-08-02 10:35:05.932,3.69E-09,-7.76E-09
,,,2022-08-02 10:35:06.432,3.89E-09,-7.76E-09
,,,2022-08-02 10:35:06.930,4.29E-09,-7.59E-09
,,,2022-08-02 10:35:07.431,3.64E-09,-7.56E-09
,,,2022-08-02 10:35:07.930,3.91E-09,-7.49E-09
,,,2022-08-02 10:35:08.431,4.56E-09,-6.94E-09
,,,2022-08-02 10:35:08.931,4.99E-09,-7.56E-09
,,,2022-08-02 10:35:09.432,4.84E-09,-8.04E-09
,,,2022-08-02 10:35:09.930,4.06E-09,-7.44E-09
,,,2022-08-02 10:35:10.430,4.51E-09,-6.89E-09
,,,2022-08-02 10:35:10.933,3.46E-09,-7.51E-09
,,,2022-08-02 10:35:11.434,4.76E-09,-7.44E-09
,,,2022-08-02 10:35:11.934,4.46E-09,-7.41E-09
,,,2022-08-02 10:35:12.431,3.34E-09,-8.09E-09
,,,2022-08-02 10:35:12.931,4.06E-09,-7.09E-09
,,,2022-08-02 10:35:13.431,5.19E-09,-7.46E-09
,,,2022-08-02 10:35:13.931,3.96E-09,-7.09E-09
,,,2022-08-02 10:35:14.431,4.16E-09,-7.19E-09
,,,2022-08-02 10:35:14.930,3.96E-09,-7.71E-09
,,,2022-08-02 10:35:15.431,4.41E-09,-7.59E-09
,,,2022-08-02 10:35:15.930,3.84E-09,-7.11E-09
,,,2022-08-02 10:35:16.431,4.54E-09,-7.41E-09
,,,2022-08-02 10:35:16.931,4.56E-09,-8.49E-09
,,,2022-08-02 10:35:17.432,4.74E-09,-7.44E-09
,,,2022-08-02 10:35:17.931,4.36E-09,-6.66E-09
,,,2022-08-02 10:35:18.434,5.64E-09,-8.06E-09
,,,2022-08-02 10:35:18.933,5.36E-09,-8.96E-09
,,,2022-08-02 10:35:19.434,4.54E-09,-8.16E-09
,,,2022-08-02 10:35:19.931,3.59E-09,-7.49E-09
,,,2022-08-02 10:35:20.429,4.39E-09,-6.19E-09
,,,2022-08-02 10:35:20.930,4.24E-09,-8.29E-09
,,,2022-08-02 10:35:21.430,4.36E-09,-7.51E-09
,,,2022-08-02 10:35:21.931,4.96E-09,-7.51E-09
,,,2022-08-02 10:35:22.430,4.99E-09,-7.61E-09
,,,2022-08-02 10:35:22.930,4.36E-09,-7.76E-09
,,,2022-08-02 10:35:23.430,4.49E-09,-7.71E-09
,,,2022-08-02 10:35:23.931,3.51E-09,-6.49E-09
,,,2022-08-02 10:35:24.432,3.79E-09,-8.24E-09
,,,2022-08-02 10:35:24.932,3.89E-09,-7.91E-09
,,,2022-08-02 10:35:25.432,3.66E-09,-7.41E-09
,,,2022-08-02 10:35:25.932,4.69E-09,-6.86E-09
,,,2022-08-02 10:35:26.432,4.79E-09,-7.21E-09
,,,2022-08-02 10:35:26.931,3.41E-09,-7.14E-09
,,,2022-08-02 10:35:27.430,3.69E-09,-7.31E-09
,,,2022-08-02 10:35:27.930,3.89E-09,-6.84E-09
,,,2022-08-02 10:35:28.431,3.59E-09,-8.31E-09
,,,2022-08-02 10:35:28.931,5.01E-09,-7.14E-09
,,,2022-08-02 10:35:29.430,4.19E-09,-7.99E-09
,,,2022-08-02 10:35:29.931,4.91E-09,-7.74E-09
,,,2022-08-02 10:35:30.431,5.06E-09,-7.06E-09
,,,2022-08-02 10:35:30.930,4.81E-09,-7.16E-09
,,,2022-08-02 10:35:31.430,4.94E-09,-6.99E-09
,,,2022-08-02 10:35:31.931,4.04E-09,-7.16E-09
,,,2022-08-02 10:35:32.431,4.14E-09,-7.39E-09
,,,2022-08-02 10:35:32.932,4.44E-09,-7.19E-09
,,,2022-08-02 10:35:33.430,4.31E-09,-7.79E-09
,,,2022-08-02 10:35:33.933,4.44E-09,-8.49E-09
,,,2022-08-02 10:35:34.433,4.44E-09,-7.94E-09
,,,2022-08-02 10:35:34.934,4.69E-09,-6.81E-09
,,,2022-08-02 10:35:35.431,4.36E-09,-7.64E-09
,,,2022-08-02 10:35:35.930,5.11E-09,-7.51E-09
,,,2022-08-02 10:35:36.431,4.91E-09,-8.44E-09
,,,2022-08-02 10:35:36.930,4.94E-09,-7.91E-09
,,,2022-08-02 10:35:37.430,4.69E-09,-7.61E-09
,,,2022-08-02 10:35:37.930,4.41E-09,-7.41E-09
,,,2022-08-02 10:35:38.431,4.91E-09,-7.31E-09
,,,2022-08-02 10:35:38.931,4.49E-09,-7.04E-09
,,,2022-08-02 10:35:39.430,3.69E-09,-7.61E-09
,,,2022-08-02 10:35:39.932,4.64E-09,-7.44E-09
,,,2022-08-02 10:35:40.431,3.86E-09,-7.64E-09
,,,2022-08-02 10:35:40.932,4.41E-09,-8.06E-09
,,,2022-08-02 10:35:41.431,4.19E-09,-7.61E-09
,,,2022-08-02 10:35:41.932,4.31E-09,-7.16E-09
,,,2022-08-02 10:35:42.432,4.11E-09,-7.04E-09
,,,2022-08-02 10:35:42.935,4.39E-09,-7.91E-09
,,,2022-08-02 10:35:43.430,4.16E-09,-7.91E-09
,,,2022-08-02 10:35:43.929,5.14E-09,-7.66E-09
,,,2022-08-02 10:35:44.429,4.11E-09,-8.29E-09
,,,2022-08-02 10:35:44.930,4.39E-09,-7.76E-09
,,,2022-08-02 10:35:45.430,3.64E-09,-6.79E-09
,,,2022-08-02 10:35:45.931,3.56E-09,-7.91E-09
,,,2022-08-02 10:35:46.430,5.41E-09,-7.29E-09
,,,2022-08-02 10:35:46.930,4.61E-09,-7.19E-09
,,,2022-08-02 10:35:47.432,5.24E-09,-7.36E-09
,,,2022-08-02 10:35:47.931,4.84E-09,-8.14E-09
,,,2022-08-02 10:35:48.433,4.01E-09,-8.01E-09
,,,2022-08-02 10:35:48.931,4.16E-09,-8.54E-09
,,,2022-08-02 10:35:49.433,4.59E-09,-6.94E-09
,,,2022-08-02 10:35:49.934,4.51E-09,-7.89E-09
,,,2022-08-02 10:35:50.433,4.41E-09,-7.11E-09
,,,2022-08-02 10:35:50.931,4.36E-09,-6.94E-09
,,,2022-08-02 10:35:51.431,4.61E-09,-7.74E-09
,,,2022-08-02 10:35:51.930,4.64E-09,-8.06E-09
,,,2022-08-02 10:35:52.430,4.29E-09,-8.86E-09
,,,2022-08-02 10:35:52.931,4.61E-09,-6.11E-09
,,,2022-08-02 10:35:53.431,4.36E-09,-8.46E-09
,,,2022-08-02 10:35:53.929,5.21E-09,-7.09E-09
,,,2022-08-02 10:35:54.430,3.51E-09,-7.06E-09
,,,2022-08-02 10:35:54.930,3.84E-09,-7.19E-09
,,,2022-08-02 10:35:55.430,3.94E-09,-7.74E-09
,,,2022-08-02 10:35:55.930,4.96E-09,-7.74E-09
,,,2022-08-02 10:35:56.431,3.49E-09,-8.06E-09
,,,2022-08-02 10:35:56.931,4.06E-09,-8.01E-09
,,,2022-08-02 10:35:57.432,5.44E-09,-7.21E-09
,,,2022-08-02 10:35:57.931,5.19E-09,-7.26E-09
