Address:,USB0::0x0957::0x17BC::MY60101365::0::INSTR,,Time (s),X at Max Y(4),X at Max Y(1)
Model:,MSO-X 4154A,,2022-12-01 16:54:01.460,1.3E-09,5.2E-09
Serial Number:,MY60101365,,2022-12-01 16:54:02.132,9.9E+37,9.9E+37
Firmware Version:,07.31.2020012900,,2022-12-01 16:54:03.333,1.3E-09,4.5E-09
Start Time:,2022-12-01 16:54:01.460,,2022-12-01 16:54:04.013,0,7.2E-09
Stop Time:,2022-12-01 17:04:01.142,,2022-12-01 16:54:04.658,2E-10,8.6E-09
Sample Period:,0.5,,2022-12-01 16:54:05.369,-5E-10,6.1E-09
,,,2022-12-01 16:54:06.030,-5E-10,-2.27E-08
,,,2022-12-01 16:54:07.251,-1.1E-09,8.1E-09
,,,2022-12-01 16:54:07.906,8E-10,8.9E-09
,,,2022-12-01 16:54:08.565,5E-10,1.58E-08
,,,2022-12-01 16:54:09.226,9.9E+37,9.9E+37
,,,2022-12-01 16:54:09.872,6E-10,9.5E-09
,,,2022-12-01 16:54:10.596,-2E-10,3.4E-09
,,,2022-12-01 16:54:11.256,-9E-10,7.7E-09
,,,2022-12-01 16:54:11.904,9.9E+37,9.9E+37
,,,2022-12-01 16:54:12.542,2E-10,7.7E-09
,,,2022-12-01 16:54:13.255,3E-10,5E-09
,,,2022-12-01 16:54:13.903,3E-10,7.7E-09
,,,2022-12-01 16:54:14.568,5E-10,7E-09
,,,2022-12-01 16:54:15.765,9.9E+37,9.9E+37
,,,2022-12-01 16:54:16.485,1.1E-09,8.9E-09
,,,2022-12-01 16:54:17.134,6E-10,6.4E-09
,,,2022-12-01 16:54:17.777,0,6.6E-09
,,,2022-12-01 16:54:18.426,1.3E-09,7.2E-09
,,,2022-12-01 16:54:19.074,8E-10,5.8E-09
,,,2022-12-01 16:54:19.729,1.7E-09,8.1E-09
,,,2022-12-01 16:54:20.378,2E-10,6.7E-09
,,,2022-12-01 16:54:21.029,5E-10,1.14E-08
,,,2022-12-01 16:54:21.666,0,7E-09
,,,2022-12-01 16:54:22.316,6E-10,9.7E-09
,,,2022-12-01 16:54:22.968,-3E-10,-3.3E-08
,,,2022-12-01 16:54:23.618,2.3E-09,7.7E-09
,,,2022-12-01 16:54:24.267,2.2E-09,1.08E-08
,,,2022-12-01 16:54:24.952,9E-10,1.02E-08
,,,2022-12-01 16:54:25.599,3E-10,6.6E-09
,,,2022-12-01 16:54:26.260,1.3E-09,7E-09
,,,2022-12-01 16:54:26.922,6E-10,7.7E-09
,,,2022-12-01 16:54:27.576,8E-10,1.66E-08
,,,2022-12-01 16:54:28.198,5E-10,1.08E-08
,,,2022-12-01 16:54:28.850,3E-10,-1.67E-08
,,,2022-12-01 16:54:29.539,3E-10,5E-09
,,,2022-12-01 16:54:30.180,2E-10,3E-09
,,,2022-12-01 16:54:30.823,0,8.3E-09
,,,2022-12-01 16:54:32.025,1.3E-09,6.9E-09
,,,2022-12-01 16:54:33.305,8E-10,-3.11E-08
,,,2022-12-01 16:54:33.956,0,6.3E-09
,,,2022-12-01 16:54:34.606,2E-10,6.7E-09
,,,2022-12-01 16:54:35.255,5E-10,-4.45E-08
,,,2022-12-01 16:54:35.978,-3E-10,6.4E-09
,,,2022-12-01 16:54:36.622,-1.1E-09,8.1E-09
,,,2022-12-01 16:54:37.288,5E-10,9.2E-09
,,,2022-12-01 16:54:37.938,3E-10,7.5E-09
,,,2022-12-01 16:54:38.610,8E-10,-2.28E-08
,,,2022-12-01 16:54:39.259,2E-10,7E-09
,,,2022-12-01 16:54:39.911,1.1E-09,5.5E-09
,,,2022-12-01 16:54:40.628,1.4E-09,8.4E-09
,,,2022-12-01 16:54:41.269,9.9E+37,9.9E+37
,,,2022-12-01 16:54:41.938,1.3E-09,9.5E-09
,,,2022-12-01 16:54:42.641,3E-10,-1.05E-08
,,,2022-12-01 16:54:43.291,9.9E+37,9.9E+37
,,,2022-12-01 16:54:44.023,-5E-10,7.8E-09
,,,2022-12-01 16:54:44.676,0,7E-09
,,,2022-12-01 16:54:45.332,9.9E+37,9.9E+37
,,,2022-12-01 16:54:46.050,1.7E-09,4.7E-09
,,,2022-12-01 16:54:46.710,8E-10,8.8E-09
,,,2022-12-01 16:54:47.361,5E-10,6.9E-09
,,,2022-12-01 16:54:48.565,-9E-10,4.7E-09
,,,2022-12-01 16:54:49.232,8E-10,8.6E-09
,,,2022-12-01 16:54:49.930,2E-09,7.8E-09
,,,2022-12-01 16:54:50.592,-3E-10,4.8E-09
,,,2022-12-01 16:54:51.242,2E-10,3.4E-09
,,,2022-12-01 16:54:51.980,6E-10,9.5E-09
,,,2022-12-01 16:54:52.637,3E-10,7.5E-09
,,,2022-12-01 16:54:53.357,6E-10,7.2E-09
,,,2022-12-01 16:54:54.023,2E-09,8.9E-09
,,,2022-12-01 16:54:55.225,9E-10,5.6E-09
,,,2022-12-01 16:54:55.886,1.4E-09,6.4E-09
,,,2022-12-01 16:54:57.097,1.4E-09,7.3E-09
,,,2022-12-01 16:54:57.740,-2E-10,7.5E-09
,,,2022-12-01 16:54:58.452,1.1E-09,9.7E-09
,,,2022-12-01 16:54:59.108,6E-10,8.4E-09
,,,2022-12-01 16:54:59.773,1.1E-09,9.4E-09
,,,2022-12-01 16:55:00.426,1.4E-09,5.5E-09
,,,2022-12-01 16:55:01.647,9.9E+37,9.9E+37
,,,2022-12-01 16:55:02.301,1.7E-09,8E-09
,,,2022-12-01 16:55:02.946,1.9E-09,7E-09
,,,2022-12-01 16:55:03.662,0,7.3E-09
,,,2022-12-01 16:55:04.316,-2E-10,-4.23E-08
,,,2022-12-01 16:55:04.973,6E-10,6.6E-09
,,,2022-12-01 16:55:05.623,-2E-10,7.5E-09
,,,2022-12-01 16:55:06.290,6E-10,6.4E-09
,,,2022-12-01 16:55:06.947,-3E-10,8.8E-09
,,,2022-12-01 16:55:07.620,-5E-10,3.6E-09
,,,2022-12-01 16:55:08.272,2E-10,7.3E-09
,,,2022-12-01 16:55:08.925,9E-10,5.6E-09
,,,2022-12-01 16:55:10.718,1.4E-09,9.5E-09
,,,2022-12-01 16:55:11.929,0,9.1E-09
,,,2022-12-01 16:55:13.142,9E-10,8E-09
,,,2022-12-01 16:55:13.797,2E-09,6.9E-09
,,,2022-12-01 16:55:14.449,6E-10,7.8E-09
,,,2022-12-01 16:55:15.163,5E-10,7.8E-09
,,,2022-12-01 16:55:15.805,6E-10,7.8E-09
,,,2022-12-01 16:55:16.460,1.1E-09,8.9E-09
,,,2022-12-01 16:55:17.157,3E-10,6.4E-09
,,,2022-12-01 16:55:18.386,-2E-10,8E-09
,,,2022-12-01 16:55:19.049,3E-10,4.7E-09
,,,2022-12-01 16:55:19.849,5E-10,3.4E-09
,,,2022-12-01 16:55:20.496,8E-10,1.25E-08
,,,2022-12-01 16:55:21.199,3E-10,7.2E-09
,,,2022-12-01 16:55:23.061,-2E-10,6.6E-09
,,,2022-12-01 16:55:23.896,1.4E-09,9.7E-09
,,,2022-12-01 16:55:25.331,2E-10,5.9E-09
,,,2022-12-01 16:55:26.053,9E-10,5.2E-09
,,,2022-12-01 16:55:26.713,-8E-10,7E-09
,,,2022-12-01 16:55:27.920,9.9E+37,9.9E+37
,,,2022-12-01 16:55:29.151,9E-10,7.7E-09
,,,2022-12-01 16:55:29.816,-6E-10,1E-08
,,,2022-12-01 16:55:30.472,9.9E+37,9.9E+37
,,,2022-12-01 16:55:31.125,3E-10,6.7E-09
,,,2022-12-01 16:55:31.778,6E-10,6.9E-09
,,,2022-12-01 16:55:32.429,2.7E-09,8.6E-09
,,,2022-12-01 16:55:33.156,-5E-10,6.1E-09
,,,2022-12-01 16:55:33.812,1.1E-09,5.6E-09
,,,2022-12-01 16:55:34.511,1.9E-09,2.7E-09
,,,2022-12-01 16:55:35.190,0,6.9E-09
,,,2022-12-01 16:55:35.845,5E-10,6.9E-09
,,,2022-12-01 16:55:36.494,1.6E-09,8.6E-09
,,,2022-12-01 16:55:37.159,-8E-10,7E-09
,,,2022-12-01 16:55:37.833,-3E-10,5.5E-09
,,,2022-12-01 16:55:38.507,3E-10,7E-09
,,,2022-12-01 16:55:39.432,-2E-10,6.3E-09
,,,2022-12-01 16:55:40.239,-2E-10,6.1E-09
,,,2022-12-01 16:55:40.898,-6E-10,9.1E-09
,,,2022-12-01 16:55:41.558,-2E-10,7E-09
,,,2022-12-01 16:55:42.254,9.9E+37,9.9E+37
,,,2022-12-01 16:55:42.895,9.9E+37,9.9E+37
,,,2022-12-01 16:55:43.657,8E-10,-3.28E-08
,,,2022-12-01 16:55:44.299,1.1E-09,1.19E-08
,,,2022-12-01 16:55:44.923,9.9E+37,9.9E+37
,,,2022-12-01 16:55:45.595,-3E-10,-4.52E-08
,,,2022-12-01 16:55:46.232,-5E-10,3.9E-09
,,,2022-12-01 16:55:46.900,5E-10,1.16E-08
,,,2022-12-01 16:55:47.527,2E-10,7.8E-09
,,,2022-12-01 16:55:48.154,-2E-10,8.3E-09
,,,2022-12-01 16:55:48.818,3E-10,8.1E-09
,,,2022-12-01 16:55:49.466,-3E-10,8.9E-09
,,,2022-12-01 16:55:50.090,0,3.6E-09
,,,2022-12-01 16:55:50.804,5E-10,5.5E-09
,,,2022-12-01 16:55:51.458,2E-10,6.1E-09
,,,2022-12-01 16:55:52.121,5E-10,6.9E-09
,,,2022-12-01 16:55:52.821,8E-10,6.6E-09
,,,2022-12-01 16:55:53.476,2E-10,-2.19E-08
,,,2022-12-01 16:55:54.131,1.3E-09,7.3E-09
,,,2022-12-01 16:55:54.866,0,3.6E-09
,,,2022-12-01 16:55:55.518,9E-10,9.1E-09
,,,2022-12-01 16:55:56.187,9.9E+37,9.9E+37
,,,2022-12-01 16:55:56.855,1.6E-09,9.5E-09
,,,2022-12-01 16:55:57.519,-3E-10,2.7E-09
,,,2022-12-01 16:55:58.179,1.1E-09,6.7E-09
,,,2022-12-01 16:55:58.912,2E-10,6.6E-09
,,,2022-12-01 16:55:59.569,1.1E-09,9.8E-09
,,,2022-12-01 16:56:00.237,-3E-10,-1.64E-08
,,,2022-12-01 16:56:00.888,3E-10,8E-09
,,,2022-12-01 16:56:01.540,1.1E-09,7.7E-09
,,,2022-12-01 16:56:02.195,-3E-10,1.23E-08
,,,2022-12-01 16:56:02.859,1.7E-09,8E-09
,,,2022-12-01 16:56:03.493,0,5E-09
,,,2022-12-01 16:56:04.194,3E-10,6.7E-09
,,,2022-12-01 16:56:04.856,-3E-10,5.5E-09
,,,2022-12-01 16:56:05.502,1.9E-09,1.14E-08
,,,2022-12-01 16:56:06.203,1.4E-09,1.06E-08
,,,2022-12-01 16:56:06.871,-6E-10,8.4E-09
,,,2022-12-01 16:56:08.152,8E-10,8.9E-09
,,,2022-12-01 16:56:08.851,5E-10,1.03E-08
,,,2022-12-01 16:56:10.058,6E-10,4.4E-09
,,,2022-12-01 16:56:10.720,6E-10,8.6E-09
,,,2022-12-01 16:56:11.961,2E-10,7E-09
,,,2022-12-01 16:56:12.620,5E-10,3.09E-08
,,,2022-12-01 16:56:13.273,8E-10,5.2E-09
,,,2022-12-01 16:56:13.915,1.7E-09,5.9E-09
,,,2022-12-01 16:56:14.581,1.6E-09,4.2E-09
,,,2022-12-01 16:56:15.228,-8E-10,1.11E-08
,,,2022-12-01 16:56:15.938,2E-10,1.2E-08
,,,2022-12-01 16:56:17.153,6E-10,1E-08
,,,2022-12-01 16:56:17.795,-2E-10,6.4E-09
,,,2022-12-01 16:56:18.445,2E-09,8.8E-09
,,,2022-12-01 16:56:19.134,1.6E-09,7.2E-09
,,,2022-12-01 16:56:20.348,3E-10,7.3E-09
,,,2022-12-01 16:56:20.997,1.3E-09,5.6E-09
,,,2022-12-01 16:56:21.671,0,1.06E-08
,,,2022-12-01 16:56:22.942,1.3E-09,1.06E-08
,,,2022-12-01 16:56:24.146,6E-10,8.8E-09
,,,2022-12-01 16:56:24.827,8E-10,9.2E-09
,,,2022-12-01 16:56:25.490,1.1E-09,7.8E-09
,,,2022-12-01 16:56:26.144,3E-10,5.2E-09
,,,2022-12-01 16:56:26.796,6E-10,5.9E-09
,,,2022-12-01 16:56:27.462,-1.7E-09,4.4E-09
,,,2022-12-01 16:56:28.109,9.9E+37,9.9E+37
,,,2022-12-01 16:56:28.751,5E-10,7.7E-09
,,,2022-12-01 16:56:29.485,2E-10,7.7E-09
,,,2022-12-01 16:56:30.703,5E-10,5.6E-09
,,,2022-12-01 16:56:31.357,5E-10,5.2E-09
,,,2022-12-01 16:56:32.007,8E-10,7.3E-09
,,,2022-12-01 16:56:32.659,1.3E-09,8.4E-09
,,,2022-12-01 16:56:33.308,9.9E+37,9.9E+37
,,,2022-12-01 16:56:33.986,1.3E-09,6.4E-09
,,,2022-12-01 16:56:34.657,2.3E-09,8.1E-09
,,,2022-12-01 16:56:35.280,-2E-10,5.8E-09
,,,2022-12-01 16:56:36.497,-2E-10,9.8E-09
,,,2022-12-01 16:56:37.157,6E-10,1.05E-08
,,,2022-12-01 16:56:37.807,9E-10,3.8E-09
,,,2022-12-01 16:56:39.014,6E-10,4.4E-09
,,,2022-12-01 16:56:39.663,-5E-10,-3.03E-08
,,,2022-12-01 16:56:40.313,8E-10,6.1E-09
,,,2022-12-01 16:56:40.979,3E-10,5.5E-09
,,,2022-12-01 16:56:41.629,9.9E+37,9.9E+37
,,,2022-12-01 16:56:42.838,3E-10,7.7E-09
,,,2022-12-01 16:56:44.119,-5E-10,-4.88E-08
,,,2022-12-01 16:56:44.827,1.6E-09,8E-09
,,,2022-12-01 16:56:45.479,9.9E+37,9.9E+37
,,,2022-12-01 16:56:46.158,5E-10,6.1E-09
,,,2022-12-01 16:56:46.809,-2E-10,8.6E-09
,,,2022-12-01 16:56:47.454,0,8E-09
,,,2022-12-01 16:56:48.110,-1.3E-09,5.2E-09
,,,2022-12-01 16:56:48.836,2E-10,5.6E-09
,,,2022-12-01 16:56:49.519,9.9E+37,9.9E+37
,,,2022-12-01 16:56:50.161,-2E-10,9.7E-09
,,,2022-12-01 16:56:50.879,9E-10,7E-09
,,,2022-12-01 16:56:51.534,5E-10,3.8E-09
,,,2022-12-01 16:56:52.928,2.2E-09,9.8E-09
,,,2022-12-01 16:56:53.602,-2E-10,4.8E-09
,,,2022-12-01 16:56:54.815,6E-10,7.5E-09
,,,2022-12-01 16:56:56.084,1.3E-09,1.14E-08
,,,2022-12-01 16:56:56.732,9.9E+37,9.9E+37
,,,2022-12-01 16:56:57.386,9E-10,7.3E-09
,,,2022-12-01 16:56:58.672,5E-10,5.2E-09
,,,2022-12-01 16:56:59.316,5E-10,7.8E-09
,,,2022-12-01 16:56:59.968,1.6E-09,8.1E-09
,,,2022-12-01 16:57:00.611,0,8E-09
,,,2022-12-01 16:57:01.281,1.9E-09,5.5E-09
,,,2022-12-01 16:57:01.967,1.6E-09,1.03E-08
,,,2022-12-01 16:57:02.613,-3E-10,6.7E-09
,,,2022-12-01 16:57:03.255,1.1E-09,5.6E-09
,,,2022-12-01 16:57:03.889,1.6E-09,8.4E-09
,,,2022-12-01 16:57:04.530,2E-10,6.7E-09
,,,2022-12-01 16:57:05.172,2E-10,2.44E-08
,,,2022-12-01 16:57:05.823,-5E-10,7.3E-09
,,,2022-12-01 16:57:06.469,1.4E-09,8.3E-09
,,,2022-12-01 16:57:07.180,-1.1E-09,5.5E-09
,,,2022-12-01 16:57:07.845,1.7E-09,7.5E-09
,,,2022-12-01 16:57:08.480,5E-10,5.6E-09
,,,2022-12-01 16:57:09.138,0,9.8E-09
,,,2022-12-01 16:57:09.793,-3E-10,2.8E-09
,,,2022-12-01 16:57:10.446,8E-10,8.4E-09
,,,2022-12-01 16:57:11.100,9E-10,6.4E-09
,,,2022-12-01 16:57:11.759,6E-10,5E-09
,,,2022-12-01 16:57:12.413,0,7.5E-09
,,,2022-12-01 16:57:13.059,6E-10,3.9E-09
,,,2022-12-01 16:57:13.709,3E-10,9.1E-09
,,,2022-12-01 16:57:14.376,3E-10,7.3E-09
,,,2022-12-01 16:57:15.126,-2E-10,4.8E-09
,,,2022-12-01 16:57:15.778,2E-10,5.2E-09
,,,2022-12-01 16:57:16.984,8E-10,8.1E-09
,,,2022-12-01 16:57:17.651,2.5E-09,1.3E-08
,,,2022-12-01 16:57:18.324,9.9E+37,9.9E+37
,,,2022-12-01 16:57:19.005,3E-10,8E-09
,,,2022-12-01 16:57:19.630,-5E-10,4.52E-08
,,,2022-12-01 16:57:20.307,2E-10,8.1E-09
,,,2022-12-01 16:57:20.965,8E-10,5.9E-09
,,,2022-12-01 16:57:21.707,3E-10,7.2E-09
,,,2022-12-01 16:57:22.359,-2E-10,9.8E-09
,,,2022-12-01 16:57:23.019,1.4E-09,7E-09
,,,2022-12-01 16:57:23.672,1.3E-09,8.3E-09
,,,2022-12-01 16:57:24.325,9E-10,6.7E-09
,,,2022-12-01 16:57:25.013,2E-10,9.7E-09
,,,2022-12-01 16:57:25.649,1.1E-09,8.3E-09
,,,2022-12-01 16:57:26.306,2E-10,9.5E-09
,,,2022-12-01 16:57:26.958,0,4.7E-09
,,,2022-12-01 16:57:27.665,9.9E+37,9.9E+37
,,,2022-12-01 16:57:28.317,5E-10,9.2E-09
,,,2022-12-01 16:57:28.961,6E-10,6.3E-09
,,,2022-12-01 16:57:29.613,5E-10,7.3E-09
,,,2022-12-01 16:57:30.261,5E-10,6.4E-09
,,,2022-12-01 16:57:30.901,5E-10,2.09E-08
,,,2022-12-01 16:57:31.557,3E-10,7.2E-09
,,,2022-12-01 16:57:32.224,0,3.1E-09
,,,2022-12-01 16:57:32.889,2E-10,6.1E-09
,,,2022-12-01 16:57:34.103,1.1E-09,1.03E-08
,,,2022-12-01 16:57:35.310,-2E-10,6.1E-09
,,,2022-12-01 16:57:35.970,1.6E-09,8.4E-09
,,,2022-12-01 16:57:36.619,6E-10,7.3E-09
,,,2022-12-01 16:57:37.271,6E-10,1.06E-08
,,,2022-12-01 16:57:37.925,3E-10,6.7E-09
,,,2022-12-01 16:57:38.578,-3E-10,5.3E-09
,,,2022-12-01 16:57:39.228,1.3E-09,8.9E-09
,,,2022-12-01 16:57:39.909,-8E-10,6.1E-09
,,,2022-12-01 16:57:40.563,8E-10,4.4E-09
,,,2022-12-01 16:57:41.266,-2E-10,5.9E-09
,,,2022-12-01 16:57:41.920,-8E-10,7E-09
,,,2022-12-01 16:57:42.581,-5E-10,4.5E-09
,,,2022-12-01 16:57:43.257,6E-10,7.5E-09
,,,2022-12-01 16:57:43.914,9.9E+37,9.9E+37
,,,2022-12-01 16:57:44.565,8E-10,1.38E-08
,,,2022-12-01 16:57:45.302,1.3E-09,7.8E-09
,,,2022-12-01 16:57:46.516,5E-10,6.4E-09
,,,2022-12-01 16:57:47.197,-2E-10,1.13E-08
,,,2022-12-01 16:57:48.407,3E-10,7.5E-09
,,,2022-12-01 16:57:49.052,5E-10,7.3E-09
,,,2022-12-01 16:57:49.733,1.3E-09,7.8E-09
,,,2022-12-01 16:57:50.384,9.9E+37,9.9E+37
,,,2022-12-01 16:57:51.587,0,-3.91E-08
,,,2022-12-01 16:57:52.797,3E-10,9.1E-09
,,,2022-12-01 16:57:53.447,1.1E-09,5.2E-09
,,,2022-12-01 16:57:54.163,8E-10,8E-09
,,,2022-12-01 16:57:54.817,2E-10,1.59E-08
,,,2022-12-01 16:57:55.538,0,7.5E-09
,,,2022-12-01 16:57:56.176,5E-10,7.5E-09
,,,2022-12-01 16:57:56.826,9E-10,5E-09
,,,2022-12-01 16:57:57.483,2E-10,6.4E-09
,,,2022-12-01 16:57:58.143,-1.6E-09,6.4E-09
,,,2022-12-01 16:57:58.796,3E-10,7.7E-09
,,,2022-12-01 16:57:59.448,2E-09,6.4E-09
,,,2022-12-01 16:58:00.138,5E-10,-6.6E-09
,,,2022-12-01 16:58:00.817,5E-10,5E-09
,,,2022-12-01 16:58:01.475,1.6E-09,6.3E-09
,,,2022-12-01 16:58:02.671,5E-10,9.2E-09
,,,2022-12-01 16:58:03.337,-5E-10,5.8E-09
,,,2022-12-01 16:58:03.984,8E-10,6.7E-09
,,,2022-12-01 16:58:04.661,-3E-10,7E-09
,,,2022-12-01 16:58:05.302,-5E-10,9.1E-09
,,,2022-12-01 16:58:05.947,8E-10,1.95E-08
,,,2022-12-01 16:58:06.600,9E-10,5.8E-09
,,,2022-12-01 16:58:07.260,2E-09,7.3E-09
,,,2022-12-01 16:58:08.467,8E-10,8E-09
,,,2022-12-01 16:58:09.115,6E-10,6.7E-09
,,,2022-12-01 16:58:10.324,-1.1E-09,7.8E-09
,,,2022-12-01 16:58:10.972,1.4E-09,3.1E-09
,,,2022-12-01 16:58:11.627,9E-10,7E-09
,,,2022-12-01 16:58:12.277,9E-10,5.5E-09
,,,2022-12-01 16:58:12.925,-5E-10,8.8E-09
,,,2022-12-01 16:58:13.571,3E-10,8.3E-09
,,,2022-12-01 16:58:14.784,1.3E-09,1.05E-08
,,,2022-12-01 16:58:15.432,2E-10,6.6E-09
,,,2022-12-01 16:58:16.090,0,1.08E-08
,,,2022-12-01 16:58:16.766,9E-10,7.7E-09
,,,2022-12-01 16:58:17.419,1.1E-09,8.6E-09
,,,2022-12-01 16:58:18.069,-9E-10,9.2E-09
,,,2022-12-01 16:58:18.715,9E-10,8.1E-09
,,,2022-12-01 16:58:19.404,9.9E+37,9.9E+37
,,,2022-12-01 16:58:20.056,1.1E-09,7.5E-09
,,,2022-12-01 16:58:20.823,0,6.6E-09
,,,2022-12-01 16:58:21.482,-3E-10,4.7E-09
,,,2022-12-01 16:58:22.124,1.4E-09,1.05E-08
,,,2022-12-01 16:58:22.838,8E-10,7E-09
,,,2022-12-01 16:58:23.487,9.9E+37,9.9E+37
,,,2022-12-01 16:58:24.190,5E-10,4.7E-09
,,,2022-12-01 16:58:24.842,-5E-10,4.2E-09
,,,2022-12-01 16:58:25.511,2.2E-09,6.9E-09
,,,2022-12-01 16:58:26.199,-2E-10,7.8E-09
,,,2022-12-01 16:58:26.841,-8E-10,-1.53E-08
,,,2022-12-01 16:58:27.497,8E-10,9.8E-09
,,,2022-12-01 16:58:28.141,1.4E-09,8E-09
,,,2022-12-01 16:58:28.811,-6E-10,-1.6E-09
,,,2022-12-01 16:58:29.457,1.3E-09,6.4E-09
,,,2022-12-01 16:58:30.114,-3E-10,6.3E-09
,,,2022-12-01 16:58:30.761,1.1E-09,5.3E-09
,,,2022-12-01 16:58:31.408,2E-09,7.8E-09
,,,2022-12-01 16:58:32.067,8E-10,8E-09
,,,2022-12-01 16:58:32.758,6E-10,1.08E-08
,,,2022-12-01 16:58:33.982,-2E-10,1.02E-08
,,,2022-12-01 16:58:34.698,-8E-10,5.6E-09
,,,2022-12-01 16:58:35.430,-2E-10,8E-09
,,,2022-12-01 16:58:36.082,9E-10,6.1E-09
,,,2022-12-01 16:58:36.779,-6E-10,6.6E-09
,,,2022-12-01 16:58:37.429,-2E-10,9.8E-09
,,,2022-12-01 16:58:38.104,0,5E-09
,,,2022-12-01 16:58:38.825,1.4E-09,6.6E-09
,,,2022-12-01 16:58:39.488,8E-10,7E-09
,,,2022-12-01 16:58:40.194,8E-10,8.8E-09
,,,2022-12-01 16:58:40.871,1.6E-09,8.3E-09
,,,2022-12-01 16:58:41.529,-3E-10,1.17E-08
,,,2022-12-01 16:58:42.732,3E-10,7.2E-09
,,,2022-12-01 16:58:43.387,9E-10,8.3E-09
,,,2022-12-01 16:58:44.657,3E-10,5.3E-09
,,,2022-12-01 16:58:45.309,6E-10,7.2E-09
,,,2022-12-01 16:58:46.537,9.9E+37,9.9E+37
,,,2022-12-01 16:58:47.173,9E-10,1.02E-08
,,,2022-12-01 16:58:48.469,8E-10,5.2E-09
,,,2022-12-01 16:58:49.114,0,1.19E-08
,,,2022-12-01 16:58:49.766,2E-10,7.5E-09
,,,2022-12-01 16:58:50.413,1.4E-09,8.6E-09
,,,2022-12-01 16:58:51.061,9E-10,7.7E-09
,,,2022-12-01 16:58:51.719,3E-10,-3.27E-08
,,,2022-12-01 16:58:52.372,6E-10,5.9E-09
,,,2022-12-01 16:58:53.023,-9E-10,6.7E-09
,,,2022-12-01 16:58:53.679,9.9E+37,9.9E+37
,,,2022-12-01 16:58:54.408,6E-10,6.9E-09
,,,2022-12-01 16:58:55.060,2.3E-09,1.03E-08
,,,2022-12-01 16:58:55.721,1.1E-09,5.2E-09
,,,2022-12-01 16:58:56.376,-2E-10,3.9E-09
,,,2022-12-01 16:58:57.028,1.1E-09,8E-09
,,,2022-12-01 16:58:57.673,5E-10,6.1E-09
,,,2022-12-01 16:58:58.322,0,7.7E-09
,,,2022-12-01 16:58:58.983,0,1E-08
,,,2022-12-01 16:58:59.636,9.9E+37,9.9E+37
,,,2022-12-01 16:59:00.851,1.1E-09,6.3E-09
,,,2022-12-01 16:59:02.107,-6E-10,6.3E-09
,,,2022-12-01 16:59:03.316,2.2E-09,8.3E-09
,,,2022-12-01 16:59:03.972,0,7.5E-09
,,,2022-12-01 16:59:04.620,5E-10,7.3E-09
,,,2022-12-01 16:59:05.268,1.4E-09,7.8E-09
,,,2022-12-01 16:59:05.922,1.4E-09,1.06E-08
,,,2022-12-01 16:59:06.572,1.6E-09,8E-09
,,,2022-12-01 16:59:07.230,-2E-10,1.34E-08
,,,2022-12-01 16:59:07.937,2.3E-09,1.19E-08
,,,2022-12-01 16:59:08.597,2E-10,7.5E-09
,,,2022-12-01 16:59:09.286,9E-10,7.3E-09
,,,2022-12-01 16:59:09.952,2E-10,5.3E-09
,,,2022-12-01 16:59:10.604,-6E-10,3.1E-09
,,,2022-12-01 16:59:11.256,3E-10,6.9E-09
,,,2022-12-01 16:59:11.907,1.4E-09,1.13E-08
,,,2022-12-01 16:59:12.555,8E-10,7.3E-09
,,,2022-12-01 16:59:13.204,3.3E-09,8E-09
,,,2022-12-01 16:59:13.865,3E-10,-9.5E-09
,,,2022-12-01 16:59:14.519,1.3E-09,1.08E-08
,,,2022-12-01 16:59:15.174,9E-10,8.1E-09
,,,2022-12-01 16:59:16.435,2E-10,6.9E-09
,,,2022-12-01 16:59:17.088,2E-09,7E-09
,,,2022-12-01 16:59:17.752,6E-10,7.5E-09
,,,2022-12-01 16:59:18.956,2E-10,1.27E-08
,,,2022-12-01 16:59:20.225,6E-10,6.6E-09
,,,2022-12-01 16:59:20.885,-3E-10,1.09E-08
,,,2022-12-01 16:59:21.537,5E-10,8.4E-09
,,,2022-12-01 16:59:22.160,-2E-10,4.8E-09
,,,2022-12-01 16:59:22.900,-2E-10,4.8E-09
,,,2022-12-01 16:59:23.555,6E-10,4.8E-09
,,,2022-12-01 16:59:24.215,3E-10,4.2E-09
,,,2022-12-01 16:59:24.857,9E-10,8.9E-09
,,,2022-12-01 16:59:25.558,2E-09,1E-08
,,,2022-12-01 16:59:26.211,8E-10,7.8E-09
,,,2022-12-01 16:59:27.399,3E-10,6.6E-09
,,,2022-12-01 16:59:28.048,2E-10,5.8E-09
,,,2022-12-01 16:59:28.765,1.3E-09,1.63E-08
,,,2022-12-01 16:59:29.417,-2E-10,6.9E-09
,,,2022-12-01 16:59:30.080,1.1E-09,5E-09
,,,2022-12-01 16:59:31.288,-5E-10,1.14E-08
,,,2022-12-01 16:59:31.948,0,3.8E-09
,,,2022-12-01 16:59:32.612,3E-10,1.02E-08
,,,2022-12-01 16:59:33.264,-2E-10,5.5E-09
,,,2022-12-01 16:59:33.930,3E-10,7.8E-09
,,,2022-12-01 16:59:34.635,3E-10,1.11E-08
,,,2022-12-01 16:59:35.287,3E-10,1.16E-08
,,,2022-12-01 16:59:35.949,1.4E-09,9.7E-09
,,,2022-12-01 16:59:36.629,3E-10,9.2E-09
,,,2022-12-01 16:59:37.299,1.3E-09,1.05E-08
,,,2022-12-01 16:59:37.957,1.3E-09,8.6E-09
,,,2022-12-01 16:59:38.614,-5E-10,2.3E-08
,,,2022-12-01 16:59:39.273,2E-10,5.8E-09
,,,2022-12-01 16:59:39.929,0,1.14E-08
,,,2022-12-01 16:59:40.579,6E-10,1.02E-08
,,,2022-12-01 16:59:41.292,3E-10,-4.59E-08
,,,2022-12-01 16:59:41.941,3E-10,8.1E-09
,,,2022-12-01 16:59:42.635,1.6E-09,6.7E-09
,,,2022-12-01 16:59:43.296,6E-10,6.9E-09
,,,2022-12-01 16:59:43.951,5E-10,3.3E-09
,,,2022-12-01 16:59:44.607,6E-10,7.7E-09
,,,2022-12-01 16:59:45.333,2E-10,7.2E-09
,,,2022-12-01 16:59:45.976,3E-10,3.39E-08
,,,2022-12-01 16:59:46.653,1.6E-09,5.9E-09
,,,2022-12-01 16:59:47.311,6E-10,7.8E-09
,,,2022-12-01 16:59:47.976,9E-10,5.5E-09
,,,2022-12-01 16:59:48.626,1.3E-09,9.5E-09
,,,2022-12-01 16:59:49.278,3E-10,8.4E-09
,,,2022-12-01 16:59:50.488,0,7E-09
,,,2022-12-01 16:59:51.203,1.1E-09,1.08E-08
,,,2022-12-01 16:59:51.845,2E-10,7.5E-09
,,,2022-12-01 16:59:52.497,5E-10,8.1E-09
,,,2022-12-01 16:59:53.207,1.1E-09,5.5E-09
,,,2022-12-01 16:59:53.856,-6E-10,6.4E-09
,,,2022-12-01 16:59:54.509,3E-10,3.3E-09
,,,2022-12-01 16:59:55.709,1.6E-09,7.2E-09
,,,2022-12-01 16:59:56.370,-2E-10,4.1E-09
,,,2022-12-01 16:59:57.037,1.9E-09,1.03E-08
,,,2022-12-01 16:59:57.721,2E-10,5.3E-09
,,,2022-12-01 16:59:58.371,3E-10,9.2E-09
,,,2022-12-01 16:59:59.025,5E-10,8.3E-09
,,,2022-12-01 16:59:59.645,0,6.6E-09
,,,2022-12-01 17:00:00.303,3E-10,-4.5E-09
,,,2022-12-01 17:00:00.956,-2E-10,7.2E-09
,,,2022-12-01 17:00:01.611,6E-10,2.3E-09
,,,2022-12-01 17:00:02.287,9.9E+37,9.9E+37
,,,2022-12-01 17:00:02.945,3E-10,-4.94E-08
,,,2022-12-01 17:00:03.601,2E-10,6.4E-09
,,,2022-12-01 17:00:04.253,8E-10,6.6E-09
,,,2022-12-01 17:00:04.879,1.1E-09,7.3E-09
,,,2022-12-01 17:00:05.528,-3E-10,5.6E-09
,,,2022-12-01 17:00:06.171,8E-10,1.22E-08
,,,2022-12-01 17:00:07.346,6E-10,8.3E-09
,,,2022-12-01 17:00:07.994,-5E-10,5.5E-09
,,,2022-12-01 17:00:08.637,1.7E-09,8.9E-09
,,,2022-12-01 17:00:09.294,5E-10,1E-08
,,,2022-12-01 17:00:09.954,2E-10,7.3E-09
,,,2022-12-01 17:00:10.596,1.1E-09,7.3E-09
,,,2022-12-01 17:00:11.246,1.1E-09,8.4E-09
,,,2022-12-01 17:00:11.903,3E-10,4.73E-08
,,,2022-12-01 17:00:12.553,2E-10,6.4E-09
,,,2022-12-01 17:00:13.191,1.6E-09,2E-08
,,,2022-12-01 17:00:13.847,1.3E-09,6.6E-09
,,,2022-12-01 17:00:14.493,1.1E-09,8.3E-09
,,,2022-12-01 17:00:15.202,0,7.7E-09
,,,2022-12-01 17:00:15.852,9.9E+37,9.9E+37
,,,2022-12-01 17:00:16.491,8E-10,5.6E-09
,,,2022-12-01 17:00:17.129,3E-10,8.1E-09
,,,2022-12-01 17:00:18.342,8E-10,8.4E-09
,,,2022-12-01 17:00:18.993,-5E-10,4.4E-09
,,,2022-12-01 17:00:20.207,5E-10,6.9E-09
,,,2022-12-01 17:00:20.876,-2E-10,6.1E-09
,,,2022-12-01 17:00:21.540,9.9E+37,9.9E+37
,,,2022-12-01 17:00:22.207,1.4E-09,1.39E-08
,,,2022-12-01 17:00:22.863,1.1E-09,7.7E-09
,,,2022-12-01 17:00:23.518,9.9E+37,9.9E+37
,,,2022-12-01 17:00:24.164,9.9E+37,9.9E+37
,,,2022-12-01 17:00:25.469,2E-10,1.2E-08
,,,2022-12-01 17:00:26.108,0,3E-09
,,,2022-12-01 17:00:26.807,1.3E-09,1.16E-08
,,,2022-12-01 17:00:27.491,-2E-10,5.6E-09
,,,2022-12-01 17:00:28.183,5E-10,9.4E-09
,,,2022-12-01 17:00:28.832,1.4E-09,1.2E-08
,,,2022-12-01 17:00:29.480,5E-10,8.4E-09
,,,2022-12-01 17:00:30.128,8E-10,8.3E-09
,,,2022-12-01 17:00:30.775,2E-09,7.2E-09
,,,2022-12-01 17:00:31.446,1.1E-09,7.2E-09
,,,2022-12-01 17:00:32.096,9E-10,-1.42E-08
,,,2022-12-01 17:00:32.802,6E-10,8.4E-09
,,,2022-12-01 17:00:33.462,1.1E-09,4.7E-09
,,,2022-12-01 17:00:34.661,9E-10,4.98E-08
,,,2022-12-01 17:00:35.310,1.7E-09,6.7E-09
,,,2022-12-01 17:00:36.524,-3E-10,4.5E-09
,,,2022-12-01 17:00:37.168,3E-10,5.5E-09
,,,2022-12-01 17:00:37.823,3E-10,6.6E-09
,,,2022-12-01 17:00:38.476,-2E-10,4.8E-09
,,,2022-12-01 17:00:39.324,8E-10,1.06E-08
,,,2022-12-01 17:00:39.982,-2E-10,6.1E-09
,,,2022-12-01 17:00:40.627,6E-10,3.77E-08
,,,2022-12-01 17:00:41.275,-5E-10,8.8E-09
,,,2022-12-01 17:00:41.941,6E-10,9.8E-09
,,,2022-12-01 17:00:42.592,0,5.5E-09
,,,2022-12-01 17:00:43.254,3E-10,7E-09
,,,2022-12-01 17:00:43.906,3E-10,1.08E-08
,,,2022-12-01 17:00:44.582,8E-10,6.9E-09
,,,2022-12-01 17:00:45.237,5E-10,-2.53E-08
,,,2022-12-01 17:00:45.880,2E-09,1.2E-08
,,,2022-12-01 17:00:46.539,5E-10,-4.73E-08
,,,2022-12-01 17:00:47.194,9E-10,4.5E-09
,,,2022-12-01 17:00:47.848,6E-10,5.6E-09
,,,2022-12-01 17:00:48.505,9.9E+37,9.9E+37
,,,2022-12-01 17:00:49.173,0,1.2E-08
,,,2022-12-01 17:00:49.831,-3E-10,5E-09
,,,2022-12-01 17:00:50.475,6E-10,7.7E-09
,,,2022-12-01 17:00:51.690,9E-10,6.3E-09
,,,2022-12-01 17:00:52.344,6E-10,5.5E-09
,,,2022-12-01 17:00:54.107,5E-10,8.8E-09
,,,2022-12-01 17:00:55.311,8E-10,7.3E-09
,,,2022-12-01 17:00:55.961,1.7E-09,8.1E-09
,,,2022-12-01 17:00:56.583,1.1E-09,7.3E-09
,,,2022-12-01 17:00:57.760,1.3E-09,9.1E-09
,,,2022-12-01 17:00:58.414,3E-10,6.1E-09
,,,2022-12-01 17:00:59.069,0,1.02E-08
,,,2022-12-01 17:01:00.271,5E-10,9.1E-09
,,,2022-12-01 17:01:00.924,1.3E-09,8.6E-09
,,,2022-12-01 17:01:01.580,-2E-10,7.3E-09
,,,2022-12-01 17:01:03.334,-2E-10,6.7E-09
,,,2022-12-01 17:01:03.986,6E-10,6.4E-09
,,,2022-12-01 17:01:04.761,-1.3E-09,6.9E-09
,,,2022-12-01 17:01:05.438,1.1E-09,4.7E-09
,,,2022-12-01 17:01:06.098,-5E-10,5.9E-09
,,,2022-12-01 17:01:06.752,1.4E-09,8.4E-09
,,,2022-12-01 17:01:07.399,1.3E-09,6.7E-09
,,,2022-12-01 17:01:08.632,1.3E-09,1.81E-08
,,,2022-12-01 17:01:09.284,3E-10,5.9E-09
,,,2022-12-01 17:01:09.934,5E-10,1.33E-08
,,,2022-12-01 17:01:11.700,8E-10,1.03E-08
,,,2022-12-01 17:01:12.347,9.9E+37,9.9E+37
,,,2022-12-01 17:01:12.999,2E-10,1.61E-08
,,,2022-12-01 17:01:13.637,2E-10,7.5E-09
,,,2022-12-01 17:01:14.296,9.9E+37,9.9E+37
,,,2022-12-01 17:01:14.953,1.6E-09,8.3E-09
,,,2022-12-01 17:01:16.239,1.1E-09,6.1E-09
,,,2022-12-01 17:01:16.930,8E-10,5E-09
,,,2022-12-01 17:01:17.583,-8E-10,6.7E-09
,,,2022-12-01 17:01:18.236,1.6E-09,1.27E-08
,,,2022-12-01 17:01:18.883,6E-10,7.5E-09
,,,2022-12-01 17:01:19.557,9E-10,5.5E-09
,,,2022-12-01 17:01:20.232,5E-10,8.1E-09
,,,2022-12-01 17:01:20.951,5E-10,8.3E-09
,,,2022-12-01 17:01:21.619,8E-10,8E-09
,,,2022-12-01 17:01:22.273,-2E-10,7.7E-09
,,,2022-12-01 17:01:22.984,6E-10,6.3E-09
,,,2022-12-01 17:01:23.646,6E-10,7.5E-09
,,,2022-12-01 17:01:24.879,1.1E-09,8E-09
,,,2022-12-01 17:01:25.659,8E-10,7.5E-09
,,,2022-12-01 17:01:26.311,1.7E-09,8.9E-09
,,,2022-12-01 17:01:26.965,8E-10,5.3E-09
,,,2022-12-01 17:01:27.616,9E-10,8.1E-09
,,,2022-12-01 17:01:28.270,9E-10,7.5E-09
,,,2022-12-01 17:01:29.482,5E-10,8.1E-09
,,,2022-12-01 17:01:30.128,0,6.7E-09
,,,2022-12-01 17:01:30.782,8E-10,7.8E-09
,,,2022-12-01 17:01:31.434,1.6E-09,1.3E-08
,,,2022-12-01 17:01:32.100,-2E-10,5E-09
,,,2022-12-01 17:01:32.748,-5E-10,6.6E-09
,,,2022-12-01 17:01:33.406,1.3E-09,7.7E-09
,,,2022-12-01 17:01:34.065,1.4E-09,8.4E-09
,,,2022-12-01 17:01:34.775,1.4E-09,1E-08
,,,2022-12-01 17:01:35.459,1.7E-09,8.4E-09
,,,2022-12-01 17:01:36.111,3E-10,9.5E-09
,,,2022-12-01 17:01:36.758,6E-10,6.4E-09
,,,2022-12-01 17:01:37.408,8E-10,4.4E-09
,,,2022-12-01 17:01:38.060,-2E-10,8E-09
,,,2022-12-01 17:01:38.712,5E-10,9.1E-09
,,,2022-12-01 17:01:39.359,3E-09,1.06E-08
,,,2022-12-01 17:01:40.007,6E-10,9.2E-09
,,,2022-12-01 17:01:40.663,1.7E-09,9.8E-09
,,,2022-12-01 17:01:41.339,5E-10,8.3E-09
,,,2022-12-01 17:01:41.993,-2E-10,1.16E-08
,,,2022-12-01 17:01:42.633,1.3E-09,4.7E-09
,,,2022-12-01 17:01:43.862,-6E-10,5.5E-09
,,,2022-12-01 17:01:44.520,1.4E-09,6.9E-09
,,,2022-12-01 17:01:45.222,9E-10,7.8E-09
,,,2022-12-01 17:01:45.869,8E-10,9.5E-09
,,,2022-12-01 17:01:46.521,9.9E+37,9.9E+37
,,,2022-12-01 17:01:47.173,2.2E-09,7.2E-09
,,,2022-12-01 17:01:47.904,6E-10,1.16E-08
,,,2022-12-01 17:01:48.549,1.1E-09,3.48E-08
,,,2022-12-01 17:01:49.211,-2E-10,6.4E-09
,,,2022-12-01 17:01:49.857,2E-10,6.4E-09
,,,2022-12-01 17:01:50.492,1.1E-09,8.8E-09
,,,2022-12-01 17:01:51.149,1.3E-09,6.7E-09
,,,2022-12-01 17:01:51.793,9.9E+37,9.9E+37
,,,2022-12-01 17:01:52.507,9.9E+37,9.9E+37
,,,2022-12-01 17:01:53.151,5E-10,6.3E-09
,,,2022-12-01 17:01:53.802,1.4E-09,9.5E-09
,,,2022-12-01 17:01:54.447,-2E-10,5.5E-09
,,,2022-12-01 17:01:55.096,-6E-10,2.5E-09
,,,2022-12-01 17:01:55.809,0,1.45E-08
,,,2022-12-01 17:01:57.020,2E-10,9.5E-09
,,,2022-12-01 17:01:57.675,2E-10,6.1E-09
,,,2022-12-01 17:01:58.329,9.9E+37,9.9E+37
,,,2022-12-01 17:01:58.988,3E-10,6.3E-09
,,,2022-12-01 17:01:59.635,0,7E-09
,,,2022-12-01 17:02:00.845,3E-10,5.9E-09
,,,2022-12-01 17:02:01.497,9E-10,1.45E-08
,,,2022-12-01 17:02:02.140,6E-10,8.3E-09
,,,2022-12-01 17:02:02.796,9.9E+37,9.9E+37
,,,2022-12-01 17:02:03.501,5E-10,6.9E-09
,,,2022-12-01 17:02:04.147,1.3E-09,1.05E-08
,,,2022-12-01 17:02:04.821,1.1E-09,8E-09
,,,2022-12-01 17:02:05.465,3E-10,1.42E-08
,,,2022-12-01 17:02:06.132,1.3E-09,6.6E-09
,,,2022-12-01 17:02:07.340,6E-10,5.6E-09
,,,2022-12-01 17:02:07.985,1.4E-09,8.6E-09
,,,2022-12-01 17:02:08.638,8E-10,7.8E-09
,,,2022-12-01 17:02:09.282,-2E-10,3.3E-09
,,,2022-12-01 17:02:09.934,-5E-10,7.8E-09
,,,2022-12-01 17:02:10.581,5E-10,7.8E-09
,,,2022-12-01 17:02:11.237,-9E-10,5.5E-09
,,,2022-12-01 17:02:11.948,-2E-10,8.3E-09
,,,2022-12-01 17:02:12.596,1.1E-09,6.3E-09
,,,2022-12-01 17:02:13.247,0,8.1E-09
,,,2022-12-01 17:02:13.994,1.7E-09,9.5E-09
,,,2022-12-01 17:02:14.644,1.7E-09,1.31E-08
,,,2022-12-01 17:02:15.296,9.9E+37,9.9E+37
,,,2022-12-01 17:02:15.955,3.1E-09,8E-09
,,,2022-12-01 17:02:17.167,1.7E-09,6.4E-09
,,,2022-12-01 17:02:17.818,9E-10,5.3E-09
,,,2022-12-01 17:02:18.463,9E-10,7E-09
,,,2022-12-01 17:02:19.119,9E-10,9.8E-09
,,,2022-12-01 17:02:19.778,3E-10,5.8E-09
,,,2022-12-01 17:02:20.435,0,3E-09
,,,2022-12-01 17:02:21.642,5E-10,9.4E-09
,,,2022-12-01 17:02:22.293,5E-10,6.9E-09
,,,2022-12-01 17:02:22.950,1.4E-09,1.27E-08
,,,2022-12-01 17:02:23.659,2.2E-09,8.6E-09
,,,2022-12-01 17:02:24.307,2E-10,7E-09
,,,2022-12-01 17:02:24.958,2E-10,7.3E-09
,,,2022-12-01 17:02:25.674,-3E-10,6.4E-09
,,,2022-12-01 17:02:26.326,9E-10,5.9E-09
,,,2022-12-01 17:02:26.981,9E-10,7.7E-09
,,,2022-12-01 17:02:27.712,5E-10,6.9E-09
,,,2022-12-01 17:02:28.380,0,4.5E-09
,,,2022-12-01 17:02:29.005,2E-10,8E-09
,,,2022-12-01 17:02:29.681,1.6E-09,9.8E-09
,,,2022-12-01 17:02:30.326,5E-10,9.5E-09
,,,2022-12-01 17:02:30.985,6E-10,7.2E-09
,,,2022-12-01 17:02:31.639,-3E-10,7.5E-09
,,,2022-12-01 17:02:32.290,8E-10,1.09E-08
,,,2022-12-01 17:02:33.003,-2E-10,6.6E-09
,,,2022-12-01 17:02:33.646,-2E-10,3.6E-09
,,,2022-12-01 17:02:34.298,5E-10,7E-09
,,,2022-12-01 17:02:34.958,9.9E+37,9.9E+37
,,,2022-12-01 17:02:35.619,3E-10,5.3E-09
,,,2022-12-01 17:02:36.272,-2E-10,9.1E-09
,,,2022-12-01 17:02:36.927,0,7.2E-09
,,,2022-12-01 17:02:37.586,1.3E-09,5.3E-09
,,,2022-12-01 17:02:38.792,1.3E-09,6.3E-09
,,,2022-12-01 17:02:39.455,1.3E-09,1.3E-08
,,,2022-12-01 17:02:40.109,1.4E-09,7.3E-09
,,,2022-12-01 17:02:40.762,5E-10,3.9E-09
,,,2022-12-01 17:02:41.482,9E-10,6.7E-09
,,,2022-12-01 17:02:42.129,1.1E-09,6.4E-09
,,,2022-12-01 17:02:42.787,-3E-10,6.6E-09
,,,2022-12-01 17:02:43.438,2E-10,7.2E-09
,,,2022-12-01 17:02:44.147,6E-10,-4.42E-08
,,,2022-12-01 17:02:44.799,2E-09,8.3E-09
,,,2022-12-01 17:02:45.453,-1.4E-09,9.2E-09
,,,2022-12-01 17:02:46.125,9.9E+37,9.9E+37
,,,2022-12-01 17:02:46.794,8E-10,9.4E-09
,,,2022-12-01 17:02:47.450,9.9E+37,9.9E+37
,,,2022-12-01 17:02:48.139,6E-10,1.06E-08
,,,2022-12-01 17:02:48.783,8E-10,5.3E-09
,,,2022-12-01 17:02:49.434,6E-10,5.3E-09
,,,2022-12-01 17:02:50.639,-3E-10,1.02E-08
,,,2022-12-01 17:02:51.298,3E-10,9.1E-09
,,,2022-12-01 17:02:52.008,1.6E-09,1.06E-08
,,,2022-12-01 17:02:52.674,8E-10,-3.52E-08
,,,2022-12-01 17:02:53.400,-2E-10,-4.61E-08
,,,2022-12-01 17:02:54.053,1.1E-09,9.8E-09
,,,2022-12-01 17:02:55.265,1.4E-09,9.7E-09
,,,2022-12-01 17:02:55.918,1.9E-09,5.8E-09
,,,2022-12-01 17:02:56.568,-6E-10,8.9E-09
,,,2022-12-01 17:02:57.188,-1.1E-09,6.4E-09
,,,2022-12-01 17:02:57.847,0,1.28E-08
,,,2022-12-01 17:02:58.484,-6E-10,9.7E-09
,,,2022-12-01 17:02:59.148,1.3E-09,3.1E-09
,,,2022-12-01 17:02:59.821,8E-10,1.08E-08
,,,2022-12-01 17:03:00.469,1.1E-09,1.11E-08
,,,2022-12-01 17:03:01.127,6E-10,-4.53E-08
,,,2022-12-01 17:03:01.781,3E-10,7.5E-09
,,,2022-12-01 17:03:02.432,-6E-10,8E-09
,,,2022-12-01 17:03:03.153,0,7.8E-09
,,,2022-12-01 17:03:03.809,0,-3.86E-08
,,,2022-12-01 17:03:04.526,9.9E+37,9.9E+37
,,,2022-12-01 17:03:06.850,6E-10,5.5E-09
,,,2022-12-01 17:03:07.493,1.3E-09,7.8E-09
,,,2022-12-01 17:03:08.159,-2E-10,9.8E-09
,,,2022-12-01 17:03:08.811,1.1E-09,1E-08
,,,2022-12-01 17:03:09.459,-3E-10,1.19E-08
,,,2022-12-01 17:03:10.112,0,5E-09
,,,2022-12-01 17:03:10.759,0,4.7E-09
,,,2022-12-01 17:03:11.411,-3E-10,4.7E-09
,,,2022-12-01 17:03:12.060,8E-10,6.6E-09
,,,2022-12-01 17:03:12.715,-2E-10,4.8E-09
,,,2022-12-01 17:03:13.369,6E-10,4.4E-09
,,,2022-12-01 17:03:14.024,-2E-10,4.7E-09
,,,2022-12-01 17:03:14.669,0,7.2E-09
,,,2022-12-01 17:03:15.322,3E-10,4.2E-09
,,,2022-12-01 17:03:15.963,3E-10,6.1E-09
,,,2022-12-01 17:03:16.606,9E-10,9.1E-09
,,,2022-12-01 17:03:17.255,1.4E-09,8.8E-09
,,,2022-12-01 17:03:17.914,1.3E-09,1.05E-08
,,,2022-12-01 17:03:18.560,3E-10,8.9E-09
,,,2022-12-01 17:03:19.215,8E-10,3.3E-09
,,,2022-12-01 17:03:19.859,5E-10,6.3E-09
,,,2022-12-01 17:03:21.052,1.6E-09,7.8E-09
,,,2022-12-01 17:03:21.692,-2E-10,-3.7E-08
,,,2022-12-01 17:03:22.415,1.1E-09,8.4E-09
,,,2022-12-01 17:03:23.074,6E-10,7.5E-09
,,,2022-12-01 17:03:23.733,1.3E-09,7.3E-09
,,,2022-12-01 17:03:24.453,6E-10,3.84E-08
,,,2022-12-01 17:03:25.109,1.3E-09,7.3E-09
,,,2022-12-01 17:03:26.332,3E-10,7E-09
,,,2022-12-01 17:03:27.004,6E-10,5E-09
,,,2022-12-01 17:03:27.644,6E-10,8E-09
,,,2022-12-01 17:03:28.293,-5E-10,7.7E-09
,,,2022-12-01 17:03:29.504,8E-10,6.6E-09
,,,2022-12-01 17:03:30.142,5E-10,4.5E-09
,,,2022-12-01 17:03:30.801,3E-10,-4.92E-08
,,,2022-12-01 17:03:31.530,8E-10,8.6E-09
,,,2022-12-01 17:03:32.155,-1.1E-09,5E-09
,,,2022-12-01 17:03:32.838,5E-10,8.1E-09
,,,2022-12-01 17:03:33.503,0,7.8E-09
,,,2022-12-01 17:03:34.162,-3E-10,-2.48E-08
,,,2022-12-01 17:03:34.818,8E-10,6.4E-09
,,,2022-12-01 17:03:35.480,9.9E+37,9.9E+37
,,,2022-12-01 17:03:36.694,1.3E-09,6.3E-09
,,,2022-12-01 17:03:37.383,2.2E-09,1.08E-08
,,,2022-12-01 17:03:38.069,2E-10,5.9E-09
,,,2022-12-01 17:03:38.724,-3E-10,7.8E-09
,,,2022-12-01 17:03:39.423,5E-10,6.3E-09
,,,2022-12-01 17:03:40.076,5E-10,-4.78E-08
,,,2022-12-01 17:03:40.723,5E-10,5.8E-09
,,,2022-12-01 17:03:41.379,1.1E-09,4.7E-09
,,,2022-12-01 17:03:42.025,0,8.4E-09
,,,2022-12-01 17:03:42.648,9E-10,5E-09
,,,2022-12-01 17:03:43.291,-2E-10,5.3E-09
,,,2022-12-01 17:03:43.956,9E-10,8.4E-09
,,,2022-12-01 17:03:44.661,9E-10,5.9E-09
,,,2022-12-01 17:03:45.316,2E-09,6.1E-09
,,,2022-12-01 17:03:46.524,9.9E+37,9.9E+37
,,,2022-12-01 17:03:47.757,1.1E-09,7.2E-09
,,,2022-12-01 17:03:48.438,2E-10,5.5E-09
,,,2022-12-01 17:03:49.117,-2E-10,5.5E-09
,,,2022-12-01 17:03:49.771,2E-10,2E-09
,,,2022-12-01 17:03:50.431,1.6E-09,1.61E-08
,,,2022-12-01 17:03:51.086,9E-10,6.7E-09
,,,2022-12-01 17:03:51.711,5E-10,5.6E-09
,,,2022-12-01 17:03:52.947,9E-10,5.9E-09
,,,2022-12-01 17:03:53.597,1.4E-09,7.2E-09
,,,2022-12-01 17:03:54.247,1.6E-09,7.7E-09
,,,2022-12-01 17:03:54.869,-3E-10,8.3E-09
,,,2022-12-01 17:03:55.494,0,7.2E-09
,,,2022-12-01 17:03:56.147,6E-10,8.1E-09
,,,2022-12-01 17:03:57.908,0,4.1E-09
,,,2022-12-01 17:03:58.626,1.1E-09,7.5E-09
,,,2022-12-01 17:03:59.288,9.9E+37,9.9E+37
,,,2022-12-01 17:04:00.519,9E-10,6.9E-09
,,,2022-12-01 17:04:01.142,5E-10,8.3E-09
