Address:,TCPIP0::192.168.1.2::inst0::INSTR,,Time (s),X at Max Y(4),X at Max Y(1)
Model:,MSO-X 4154A,,2022-12-13 14:06:40.911,1.8E-09,-3.14E-08
Serial Number:,MY60101365,,2022-12-13 14:06:41.411,4.08E-08,3.8E-08
Firmware Version:,07.31.2020012900,,2022-12-13 14:06:41.910,6.72E-08,-8.56E-08
Start Time:,2022-12-13 14:06:40.911,,2022-12-13 14:06:42.410,4.56E-08,3.64E-08
Stop Time:,2022-12-13 14:16:40.909,,2022-12-13 14:06:42.910,-9.22E-08,3.52E-08
Sample Period:,0.5,,2022-12-13 14:06:43.409,-6.94E-08,4.14E-08
,,,2022-12-13 14:06:43.909,4.66E-08,-5.12E-08
,,,2022-12-13 14:06:44.410,7.04E-08,6.16E-08
,,,2022-12-13 14:06:44.909,5.7E-08,6.22E-08
,,,2022-12-13 14:06:45.409,4.32E-08,9.68E-08
,,,2022-12-13 14:06:45.909,4.74E-08,4.16E-08
,,,2022-12-13 14:06:46.409,4.7E-08,3.24E-08
,,,2022-12-13 14:06:46.909,4.22E-08,1.2E-08
,,,2022-12-13 14:06:47.408,-9.9E-08,-7.42E-08
,,,2022-12-13 14:06:47.908,4.94E-08,-7.46E-08
,,,2022-12-13 14:06:48.409,5.9E-08,3.98E-08
,,,2022-12-13 14:06:48.909,4.78E-08,3.36E-08
,,,2022-12-13 14:06:49.409,-8.1E-08,3.64E-08
,,,2022-12-13 14:06:49.909,5.06E-08,4.22E-08
,,,2022-12-13 14:06:50.410,6.1E-08,3.88E-08
,,,2022-12-13 14:06:50.910,5.24E-08,3.68E-08
,,,2022-12-13 14:06:51.410,-9.08E-08,4.14E-08
,,,2022-12-13 14:06:51.910,-7.8E-08,3.16E-08
,,,2022-12-13 14:06:52.410,4.24E-08,3.4E-08
,,,2022-12-13 14:06:52.910,-8.08E-08,3.38E-08
,,,2022-12-13 14:06:53.410,-9.8E-08,3.42E-08
,,,2022-12-13 14:06:53.910,-4.2E-09,-6.68E-08
,,,2022-12-13 14:06:54.410,4.96E-08,3.76E-08
,,,2022-12-13 14:06:54.911,4.06E-08,3.4E-08
,,,2022-12-13 14:06:55.410,-8.94E-08,3.58E-08
,,,2022-12-13 14:06:55.909,3.22E-08,3.7E-08
,,,2022-12-13 14:06:56.410,4.74E-08,5.3E-08
,,,2022-12-13 14:06:56.910,4.92E-08,3.52E-08
,,,2022-12-13 14:06:57.408,9.98E-08,-1.28E-08
,,,2022-12-13 14:06:57.908,4.74E-08,3.56E-08
,,,2022-12-13 14:06:58.409,5.76E-08,3.72E-08
,,,2022-12-13 14:06:58.909,3.42E-08,4.2E-08
,,,2022-12-13 14:06:59.409,4.86E-08,3.4E-09
,,,2022-12-13 14:06:59.909,-9.98E-08,4.1E-08
,,,2022-12-13 14:07:00.410,5.14E-08,3.1E-08
,,,2022-12-13 14:07:00.911,1.28E-08,4.18E-08
,,,2022-12-13 14:07:01.410,8.64E-08,-7.32E-08
,,,2022-12-13 14:07:01.909,4.9E-08,3.72E-08
,,,2022-12-13 14:07:02.409,-5.02E-08,-3.98E-08
,,,2022-12-13 14:07:02.910,3.22E-08,2.28E-08
,,,2022-12-13 14:07:03.410,4.38E-08,4.1E-08
,,,2022-12-13 14:07:03.909,4.98E-08,3.92E-08
,,,2022-12-13 14:07:04.410,7.64E-08,4.04E-08
,,,2022-12-13 14:07:04.912,-5.04E-08,3.86E-08
,,,2022-12-13 14:07:05.412,-4.76E-08,3.36E-08
,,,2022-12-13 14:07:05.911,4.56E-08,3.94E-08
,,,2022-12-13 14:07:06.411,8.18E-08,4.12E-08
,,,2022-12-13 14:07:06.910,-3.86E-08,3.52E-08
,,,2022-12-13 14:07:07.411,-9.58E-08,3.56E-08
,,,2022-12-13 14:07:07.911,-5.22E-08,3.66E-08
,,,2022-12-13 14:07:08.412,-6.82E-08,3.14E-08
,,,2022-12-13 14:07:08.911,-1.42E-08,1.44E-08
,,,2022-12-13 14:07:09.411,4.58E-08,3.18E-08
,,,2022-12-13 14:07:09.911,5.3E-08,-6.76E-08
,,,2022-12-13 14:07:10.410,2.62E-08,4.02E-08
,,,2022-12-13 14:07:10.936,-4.34E-08,6.8E-09
,,,2022-12-13 14:07:11.412,5.68E-08,3.4E-08
,,,2022-12-13 14:07:11.910,-2.68E-08,3.46E-08
,,,2022-12-13 14:07:12.409,-7.7E-08,-8.2E-08
,,,2022-12-13 14:07:12.909,4.56E-08,-2.96E-08
,,,2022-12-13 14:07:13.409,8.08E-08,3.24E-08
,,,2022-12-13 14:07:13.910,-8.78E-08,3.54E-08
,,,2022-12-13 14:07:14.411,6.22E-08,4.24E-08
,,,2022-12-13 14:07:14.910,4.64E-08,3.5E-08
,,,2022-12-13 14:07:15.410,5.12E-08,3.36E-08
,,,2022-12-13 14:07:15.910,8.44E-08,3.68E-08
,,,2022-12-13 14:07:16.409,-9.98E-08,-7.26E-08
,,,2022-12-13 14:07:16.909,4.82E-08,1.42E-08
,,,2022-12-13 14:07:17.409,9.12E-08,-9E-08
,,,2022-12-13 14:07:17.909,5.3E-08,3.98E-08
,,,2022-12-13 14:07:18.410,4.98E-08,3.7E-08
,,,2022-12-13 14:07:18.910,0,-9E-09
,,,2022-12-13 14:07:19.411,1.54E-08,2.88E-08
,,,2022-12-13 14:07:19.910,4.82E-08,4.22E-08
,,,2022-12-13 14:07:20.409,-8.24E-08,5.8E-08
,,,2022-12-13 14:07:20.911,-9.94E-08,3.64E-08
,,,2022-12-13 14:07:21.410,2.26E-08,3.98E-08
,,,2022-12-13 14:07:21.910,4.8E-08,3.66E-08
,,,2022-12-13 14:07:22.410,6.56E-08,3.44E-08
,,,2022-12-13 14:07:22.910,-1.68E-08,4.06E-08
,,,2022-12-13 14:07:23.409,4.82E-08,-7.6E-09
,,,2022-12-13 14:07:23.910,-9.94E-08,4.46E-08
,,,2022-12-13 14:07:24.409,4.5E-08,3.22E-08
,,,2022-12-13 14:07:24.909,5.04E-08,3.54E-08
,,,2022-12-13 14:07:25.409,5.1E-08,3.46E-08
,,,2022-12-13 14:07:25.909,-9.46E-08,-2.86E-08
,,,2022-12-13 14:07:26.409,-2.02E-08,-6.92E-08
,,,2022-12-13 14:07:26.909,-4.4E-09,3.8E-08
,,,2022-12-13 14:07:27.409,4.9E-08,3.6E-08
,,,2022-12-13 14:07:27.909,4.7E-08,5.46E-08
,,,2022-12-13 14:07:28.409,4.44E-08,3.3E-08
,,,2022-12-13 14:07:28.909,3.76E-08,-5.9E-08
,,,2022-12-13 14:07:29.409,-1.82E-08,3.46E-08
,,,2022-12-13 14:07:29.910,4.08E-08,6.38E-08
,,,2022-12-13 14:07:30.409,4.9E-08,3.62E-08
,,,2022-12-13 14:07:30.910,-8.3E-08,3.5E-08
,,,2022-12-13 14:07:31.410,-5.7E-08,-6E-08
,,,2022-12-13 14:07:31.909,3.98E-08,3.6E-08
,,,2022-12-13 14:07:32.409,4.92E-08,3.98E-08
,,,2022-12-13 14:07:32.910,4.78E-08,3.42E-08
,,,2022-12-13 14:07:33.409,5.36E-08,3.72E-08
,,,2022-12-13 14:07:33.909,2.82E-08,3.92E-08
,,,2022-12-13 14:07:34.409,4.26E-08,-8.2E-08
,,,2022-12-13 14:07:34.910,-5.62E-08,3.68E-08
,,,2022-12-13 14:07:35.410,4.1E-08,-5.36E-08
,,,2022-12-13 14:07:35.909,4.48E-08,3.24E-08
,,,2022-12-13 14:07:36.410,-8.38E-08,3.28E-08
,,,2022-12-13 14:07:36.910,7.84E-08,3.48E-08
,,,2022-12-13 14:07:37.410,5.48E-08,3.54E-08
,,,2022-12-13 14:07:37.910,5.5E-08,8.5E-08
,,,2022-12-13 14:07:38.410,7.96E-08,3.26E-08
,,,2022-12-13 14:07:38.909,2.72E-08,3.34E-08
,,,2022-12-13 14:07:39.409,3.3E-08,3.58E-08
,,,2022-12-13 14:07:39.909,5.46E-08,7.38E-08
,,,2022-12-13 14:07:40.410,5.32E-08,-3.6E-08
,,,2022-12-13 14:07:40.910,3.8E-09,3.66E-08
,,,2022-12-13 14:07:41.410,-7.48E-08,4.2E-08
,,,2022-12-13 14:07:41.910,-6.02E-08,1.54E-08
,,,2022-12-13 14:07:42.410,-7.8E-08,3.72E-08
,,,2022-12-13 14:07:42.910,8.62E-08,3.2E-08
,,,2022-12-13 14:07:43.410,4.14E-08,3.92E-08
,,,2022-12-13 14:07:43.910,-8E-10,-6.76E-08
,,,2022-12-13 14:07:44.410,3E-09,-3.02E-08
,,,2022-12-13 14:07:44.910,4.42E-08,3.52E-08
,,,2022-12-13 14:07:45.409,-7.98E-08,3.74E-08
,,,2022-12-13 14:07:45.909,4.64E-08,3.54E-08
,,,2022-12-13 14:07:46.409,7.58E-08,3.4E-08
,,,2022-12-13 14:07:46.910,9.84E-08,3.76E-08
,,,2022-12-13 14:07:47.410,2.44E-08,3.6E-08
,,,2022-12-13 14:07:47.910,3.18E-08,-5.9E-08
,,,2022-12-13 14:07:48.409,-1.4E-08,-3.16E-08
,,,2022-12-13 14:07:48.909,3.26E-08,3.82E-08
,,,2022-12-13 14:07:49.409,-7.36E-08,3.6E-08
,,,2022-12-13 14:07:49.910,-5.14E-08,-3.14E-08
,,,2022-12-13 14:07:50.411,5.34E-08,3.16E-08
,,,2022-12-13 14:07:50.912,4.88E-08,3.64E-08
,,,2022-12-13 14:07:51.410,4E-10,3.66E-08
,,,2022-12-13 14:07:51.910,9.96E-08,4.48E-08
,,,2022-12-13 14:07:52.410,-4.38E-08,-9.06E-08
,,,2022-12-13 14:07:52.909,-3.8E-08,-7.02E-08
,,,2022-12-13 14:07:53.409,-5.66E-08,1.66E-08
,,,2022-12-13 14:07:53.908,4.58E-08,3.46E-08
,,,2022-12-13 14:07:54.408,4.72E-08,3.5E-08
,,,2022-12-13 14:07:54.909,4.26E-08,4.14E-08
,,,2022-12-13 14:07:55.409,5.9E-08,5.4E-08
,,,2022-12-13 14:07:55.909,-6.78E-08,1.98E-08
,,,2022-12-13 14:07:56.409,8.8E-08,3.24E-08
,,,2022-12-13 14:07:56.911,4.36E-08,3.58E-08
,,,2022-12-13 14:07:57.409,-9.14E-08,4.06E-08
,,,2022-12-13 14:07:57.909,5.36E-08,4.18E-08
,,,2022-12-13 14:07:58.411,4.74E-08,3.32E-08
,,,2022-12-13 14:07:58.911,-2.2E-08,3.78E-08
,,,2022-12-13 14:07:59.412,4.46E-08,1.88E-08
,,,2022-12-13 14:07:59.910,-4.3E-08,-8.74E-08
,,,2022-12-13 14:08:00.411,-8.1E-08,3.74E-08
,,,2022-12-13 14:08:00.910,-2.8E-08,4.32E-08
,,,2022-12-13 14:08:01.410,5.4E-08,-7.4E-08
,,,2022-12-13 14:08:01.910,5.46E-08,3.54E-08
,,,2022-12-13 14:08:02.411,4.4E-08,-2.6E-08
,,,2022-12-13 14:08:02.909,1.6E-09,3.8E-08
,,,2022-12-13 14:08:03.409,4.22E-08,4.84E-08
,,,2022-12-13 14:08:03.911,-6.24E-08,-4.36E-08
,,,2022-12-13 14:08:04.410,8.48E-08,6.8E-09
,,,2022-12-13 14:08:04.911,4.62E-08,3.84E-08
,,,2022-12-13 14:08:05.410,-5E-08,-6.48E-08
,,,2022-12-13 14:08:05.909,5.72E-08,4.02E-08
,,,2022-12-13 14:08:06.409,4.54E-08,-3.4E-08
,,,2022-12-13 14:08:06.910,-5.92E-08,-8.76E-08
,,,2022-12-13 14:08:07.412,-8.38E-08,3.38E-08
,,,2022-12-13 14:08:07.910,-4.98E-08,6.46E-08
,,,2022-12-13 14:08:08.410,-9.42E-08,3.58E-08
,,,2022-12-13 14:08:08.911,4.76E-08,3.28E-08
,,,2022-12-13 14:08:09.411,8.66E-08,3.36E-08
,,,2022-12-13 14:08:09.911,-7.88E-08,3.62E-08
,,,2022-12-13 14:08:10.411,-3.88E-08,3.16E-08
,,,2022-12-13 14:08:10.910,4.54E-08,4.14E-08
,,,2022-12-13 14:08:11.409,-1E-07,3.48E-08
,,,2022-12-13 14:08:11.909,-9E-08,3.3E-08
,,,2022-12-13 14:08:12.410,-8.4E-09,3.72E-08
,,,2022-12-13 14:08:12.910,-8.94E-08,3.7E-08
,,,2022-12-13 14:08:13.409,-6.22E-08,3.48E-08
,,,2022-12-13 14:08:13.909,6.54E-08,3.72E-08
,,,2022-12-13 14:08:14.409,4.26E-08,9.22E-08
,,,2022-12-13 14:08:14.909,3.78E-08,3.9E-08
,,,2022-12-13 14:08:15.409,9.98E-08,3.3E-08
,,,2022-12-13 14:08:15.909,4.82E-08,3.44E-08
,,,2022-12-13 14:08:16.410,5.72E-08,4.04E-08
,,,2022-12-13 14:08:16.910,8.72E-08,7.38E-08
,,,2022-12-13 14:08:17.410,-5.98E-08,3.36E-08
,,,2022-12-13 14:08:17.910,5.18E-08,3.4E-08
,,,2022-12-13 14:08:18.409,-3.66E-08,3.72E-08
,,,2022-12-13 14:08:18.910,7.08E-08,3.74E-08
,,,2022-12-13 14:08:19.410,4.22E-08,-4.24E-08
,,,2022-12-13 14:08:19.910,5.26E-08,3.44E-08
,,,2022-12-13 14:08:20.410,7.04E-08,3.98E-08
,,,2022-12-13 14:08:20.911,-9.98E-08,4.16E-08
,,,2022-12-13 14:08:21.409,-4.16E-08,3.8E-08
,,,2022-12-13 14:08:21.910,-7.24E-08,3.14E-08
,,,2022-12-13 14:08:22.410,3.7E-08,4.5E-08
,,,2022-12-13 14:08:22.909,-2.28E-08,3.74E-08
,,,2022-12-13 14:08:23.409,4.58E-08,4.14E-08
,,,2022-12-13 14:08:23.909,4.54E-08,-6.98E-08
,,,2022-12-13 14:08:24.409,4.44E-08,-7.7E-08
,,,2022-12-13 14:08:24.908,2.6E-09,7.34E-08
,,,2022-12-13 14:08:25.408,5.26E-08,-5.6E-09
,,,2022-12-13 14:08:25.908,9.72E-08,3.4E-08
,,,2022-12-13 14:08:26.408,4.46E-08,4.54E-08
,,,2022-12-13 14:08:26.908,-3.1E-08,4.12E-08
,,,2022-12-13 14:08:27.409,-4.06E-08,3.76E-08
,,,2022-12-13 14:08:27.908,-7E-08,3.64E-08
,,,2022-12-13 14:08:28.408,-6.84E-08,3.34E-08
,,,2022-12-13 14:08:28.908,9.96E-08,8.98E-08
,,,2022-12-13 14:08:29.409,6.84E-08,3.86E-08
,,,2022-12-13 14:08:29.908,9.74E-08,-4.64E-08
,,,2022-12-13 14:08:30.408,4.62E-08,3.78E-08
,,,2022-12-13 14:08:30.908,-3.06E-08,3.5E-08
,,,2022-12-13 14:08:31.408,4.1E-08,3.68E-08
,,,2022-12-13 14:08:31.910,5.22E-08,6.14E-08
,,,2022-12-13 14:08:32.411,3.8E-09,-3.32E-08
,,,2022-12-13 14:08:32.911,-9.34E-08,3.54E-08
,,,2022-12-13 14:08:33.409,6.12E-08,3.14E-08
,,,2022-12-13 14:08:33.910,4.68E-08,4.12E-08
,,,2022-12-13 14:08:34.410,-5.88E-08,-5.02E-08
,,,2022-12-13 14:08:34.911,-8.58E-08,3.06E-08
,,,2022-12-13 14:08:35.411,3.62E-08,3.12E-08
,,,2022-12-13 14:08:35.909,-4.5E-08,4.44E-08
,,,2022-12-13 14:08:36.409,4.1E-08,3.58E-08
,,,2022-12-13 14:08:36.909,4.68E-08,3.26E-08
,,,2022-12-13 14:08:37.409,-6E-08,4.24E-08
,,,2022-12-13 14:08:37.909,5.8E-08,3.26E-08
,,,2022-12-13 14:08:38.409,4.74E-08,4.24E-08
,,,2022-12-13 14:08:38.910,4.32E-08,7.1E-08
,,,2022-12-13 14:08:39.410,9.2E-08,3.78E-08
,,,2022-12-13 14:08:39.910,4.38E-08,-3.06E-08
,,,2022-12-13 14:08:40.410,-2.44E-08,3.2E-08
,,,2022-12-13 14:08:40.910,-9.4E-09,3.44E-08
,,,2022-12-13 14:08:41.410,-1.02E-08,3.12E-08
,,,2022-12-13 14:08:41.909,3.34E-08,4.84E-08
,,,2022-12-13 14:08:42.409,-9.96E-08,3.2E-08
,,,2022-12-13 14:08:42.910,-7.38E-08,3.54E-08
,,,2022-12-13 14:08:43.410,4.88E-08,4.68E-08
,,,2022-12-13 14:08:43.910,4.96E-08,3.9E-08
,,,2022-12-13 14:08:44.409,4.66E-08,3.64E-08
,,,2022-12-13 14:08:44.910,-5.42E-08,-1.02E-08
,,,2022-12-13 14:08:45.410,4.72E-08,4.24E-08
,,,2022-12-13 14:08:45.909,4.24E-08,3.54E-08
,,,2022-12-13 14:08:46.410,-1E-07,-1.8E-08
,,,2022-12-13 14:08:46.909,5.96E-08,4.06E-08
,,,2022-12-13 14:08:47.409,7.92E-08,4.36E-08
,,,2022-12-13 14:08:47.909,4.76E-08,3.5E-08
,,,2022-12-13 14:08:48.410,5E-08,3.06E-08
,,,2022-12-13 14:08:48.910,-4.34E-08,6.02E-08
,,,2022-12-13 14:08:49.411,4.52E-08,-3.06E-08
,,,2022-12-13 14:08:49.911,7.52E-08,8.38E-08
,,,2022-12-13 14:08:50.411,-5.04E-08,-4.16E-08
,,,2022-12-13 14:08:50.910,-7.12E-08,3.98E-08
,,,2022-12-13 14:08:51.411,-2.72E-08,3.68E-08
,,,2022-12-13 14:08:51.911,-4.1E-08,-5.1E-08
,,,2022-12-13 14:08:52.411,3.08E-08,9.98E-08
,,,2022-12-13 14:08:52.911,9.8E-08,3.3E-08
,,,2022-12-13 14:08:53.410,4.22E-08,9.98E-08
,,,2022-12-13 14:08:53.910,7.44E-08,5.44E-08
,,,2022-12-13 14:08:54.409,-8.04E-08,4.26E-08
,,,2022-12-13 14:08:54.909,7E-09,3.48E-08
,,,2022-12-13 14:08:55.410,1.6E-09,7.84E-08
,,,2022-12-13 14:08:55.911,-1.3E-08,-8.2E-08
,,,2022-12-13 14:08:56.409,-1E-07,4.02E-08
,,,2022-12-13 14:08:56.910,-5.26E-08,3.78E-08
,,,2022-12-13 14:08:57.409,8.42E-08,3.3E-08
,,,2022-12-13 14:08:57.910,-4.04E-08,-6.46E-08
,,,2022-12-13 14:08:58.410,4.38E-08,-5.8E-09
,,,2022-12-13 14:08:58.911,5E-09,3.44E-08
,,,2022-12-13 14:08:59.411,4.2E-09,3.54E-08
,,,2022-12-13 14:08:59.910,-9.3E-08,5.92E-08
,,,2022-12-13 14:09:00.410,-5.2E-09,4.3E-08
,,,2022-12-13 14:09:00.911,4.98E-08,-8.3E-08
,,,2022-12-13 14:09:01.410,4.24E-08,4.46E-08
,,,2022-12-13 14:09:01.911,4.28E-08,3.86E-08
,,,2022-12-13 14:09:02.410,4.36E-08,3.46E-08
,,,2022-12-13 14:09:02.912,-2.9E-08,3.4E-08
,,,2022-12-13 14:09:03.411,5.16E-08,3.06E-08
,,,2022-12-13 14:09:03.910,4.04E-08,3.9E-08
,,,2022-12-13 14:09:04.410,3.76E-08,5.4E-09
,,,2022-12-13 14:09:04.911,5E-08,3.42E-08
,,,2022-12-13 14:09:05.410,6.12E-08,3.72E-08
,,,2022-12-13 14:09:05.910,4.5E-08,3.86E-08
,,,2022-12-13 14:09:06.410,4.3E-08,3.5E-08
,,,2022-12-13 14:09:06.910,5.94E-08,4.06E-08
,,,2022-12-13 14:09:07.410,5.58E-08,-8.28E-08
,,,2022-12-13 14:09:07.911,-9.3E-08,-1.6E-08
,,,2022-12-13 14:09:08.410,5.32E-08,8E-10
,,,2022-12-13 14:09:08.909,5.4E-08,3.94E-08
,,,2022-12-13 14:09:09.409,4.98E-08,3.62E-08
,,,2022-12-13 14:09:09.910,-9E-08,3.32E-08
,,,2022-12-13 14:09:10.409,4.68E-08,3.98E-08
,,,2022-12-13 14:09:10.909,1.6E-08,3.32E-08
,,,2022-12-13 14:09:11.410,5.16E-08,3.82E-08
,,,2022-12-13 14:09:11.910,-9.68E-08,3.64E-08
,,,2022-12-13 14:09:12.409,-7.12E-08,3.9E-08
,,,2022-12-13 14:09:12.910,4.34E-08,3.46E-08
,,,2022-12-13 14:09:13.410,-4.8E-09,3.64E-08
,,,2022-12-13 14:09:13.910,2.3E-08,3.28E-08
,,,2022-12-13 14:09:14.410,4.68E-08,7.6E-09
,,,2022-12-13 14:09:14.910,-3.02E-08,2.22E-08
,,,2022-12-13 14:09:15.410,2.1E-08,7.26E-08
,,,2022-12-13 14:09:15.910,-3.3E-08,4.72E-08
,,,2022-12-13 14:09:16.410,3.6E-08,3.44E-08
,,,2022-12-13 14:09:16.909,9.64E-08,4.5E-08
,,,2022-12-13 14:09:17.409,-4.9E-08,3.4E-08
,,,2022-12-13 14:09:17.910,5.94E-08,3.32E-08
,,,2022-12-13 14:09:18.410,6.78E-08,-6.9E-08
,,,2022-12-13 14:09:18.909,4.2E-08,-1E-07
,,,2022-12-13 14:09:19.408,-3.66E-08,3.72E-08
,,,2022-12-13 14:09:19.908,-1.08E-08,3.56E-08
,,,2022-12-13 14:09:20.408,5.58E-08,-9.62E-08
,,,2022-12-13 14:09:20.908,-2.16E-08,3.34E-08
,,,2022-12-13 14:09:21.408,-9.16E-08,-5.26E-08
,,,2022-12-13 14:09:21.908,-8.38E-08,4.56E-08
,,,2022-12-13 14:09:22.408,-4.9E-08,7.62E-08
,,,2022-12-13 14:09:22.909,4.32E-08,3.42E-08
,,,2022-12-13 14:09:23.409,6.28E-08,3.26E-08
,,,2022-12-13 14:09:23.909,4.24E-08,3.66E-08
,,,2022-12-13 14:09:24.409,-4.52E-08,3.54E-08
,,,2022-12-13 14:09:24.909,4.16E-08,3.4E-08
,,,2022-12-13 14:09:25.410,4.56E-08,3.8E-08
,,,2022-12-13 14:09:25.910,8.54E-08,2.54E-08
,,,2022-12-13 14:09:26.411,3.42E-08,3.64E-08
,,,2022-12-13 14:09:26.911,-4.14E-08,3.54E-08
,,,2022-12-13 14:09:27.409,4.2E-08,6.5E-08
,,,2022-12-13 14:09:27.909,8.4E-08,3.28E-08
,,,2022-12-13 14:09:28.409,-9.08E-08,3.88E-08
,,,2022-12-13 14:09:28.909,-1E-07,4.3E-08
,,,2022-12-13 14:09:29.410,-7.48E-08,3.62E-08
,,,2022-12-13 14:09:29.911,-8.58E-08,3.26E-08
,,,2022-12-13 14:09:30.410,-9.16E-08,3.42E-08
,,,2022-12-13 14:09:30.910,-9.6E-08,3.52E-08
,,,2022-12-13 14:09:31.409,4.96E-08,4.1E-08
,,,2022-12-13 14:09:31.909,-6.12E-08,3.4E-08
,,,2022-12-13 14:09:32.409,-9.82E-08,4.16E-08
,,,2022-12-13 14:09:32.909,4.78E-08,4.7E-08
,,,2022-12-13 14:09:33.409,-8.6E-09,3.4E-08
,,,2022-12-13 14:09:33.909,4.78E-08,4.22E-08
,,,2022-12-13 14:09:34.408,-9.76E-08,4.04E-08
,,,2022-12-13 14:09:34.910,-4.46E-08,1.04E-08
,,,2022-12-13 14:09:35.410,6.2E-08,3.5E-08
,,,2022-12-13 14:09:35.912,-1.4E-08,8E-09
,,,2022-12-13 14:09:36.409,-8.64E-08,3.64E-08
,,,2022-12-13 14:09:36.909,-3.26E-08,3.58E-08
,,,2022-12-13 14:09:37.409,5.28E-08,3.92E-08
,,,2022-12-13 14:09:37.910,4.82E-08,3.72E-08
,,,2022-12-13 14:09:38.411,-1.22E-08,4.16E-08
,,,2022-12-13 14:09:38.912,5E-08,3.6E-08
,,,2022-12-13 14:09:39.412,-9.08E-08,-9.44E-08
,,,2022-12-13 14:09:39.909,8E-08,3.12E-08
,,,2022-12-13 14:09:40.411,-4.92E-08,3.66E-08
,,,2022-12-13 14:09:40.911,4.04E-08,-7.64E-08
,,,2022-12-13 14:09:41.412,7.26E-08,3.46E-08
,,,2022-12-13 14:09:41.909,-1.9E-08,3.84E-08
,,,2022-12-13 14:09:42.411,4.1E-08,-7.22E-08
,,,2022-12-13 14:09:42.911,-3.4E-08,5.48E-08
,,,2022-12-13 14:09:43.411,4.42E-08,3.66E-08
,,,2022-12-13 14:09:43.911,1.82E-08,3.54E-08
,,,2022-12-13 14:09:44.410,-9.4E-08,3.58E-08
,,,2022-12-13 14:09:44.910,4.04E-08,3.94E-08
,,,2022-12-13 14:09:45.409,-3.32E-08,-9.52E-08
,,,2022-12-13 14:09:45.910,4.84E-08,-4.6E-09
,,,2022-12-13 14:09:46.410,-1E-07,7.5E-08
,,,2022-12-13 14:09:46.911,1.8E-08,3.22E-08
,,,2022-12-13 14:09:47.409,-3.2E-08,3.98E-08
,,,2022-12-13 14:09:47.910,-3.1E-08,3.14E-08
,,,2022-12-13 14:09:48.411,7.98E-08,3.88E-08
,,,2022-12-13 14:09:48.911,-4.3E-08,-1.6E-08
,,,2022-12-13 14:09:49.410,4.64E-08,4E-08
,,,2022-12-13 14:09:49.911,4.96E-08,4.06E-08
,,,2022-12-13 14:09:50.409,4.74E-08,4.24E-08
,,,2022-12-13 14:09:50.910,4.38E-08,3.36E-08
,,,2022-12-13 14:09:51.410,-5.88E-08,3.58E-08
,,,2022-12-13 14:09:51.909,-2.14E-08,3.54E-08
,,,2022-12-13 14:09:52.410,3.18E-08,4.26E-08
,,,2022-12-13 14:09:52.910,-3.62E-08,3.62E-08
,,,2022-12-13 14:09:53.409,5.98E-08,3.9E-08
,,,2022-12-13 14:09:53.909,-8E-08,-7.6E-08
,,,2022-12-13 14:09:54.410,-8.76E-08,3.38E-08
,,,2022-12-13 14:09:54.910,7.2E-09,-6.4E-08
,,,2022-12-13 14:09:55.411,4.52E-08,3.58E-08
,,,2022-12-13 14:09:55.910,-6.08E-08,4.52E-08
,,,2022-12-13 14:09:56.410,-5.68E-08,3.14E-08
,,,2022-12-13 14:09:56.909,3.6E-08,5.64E-08
,,,2022-12-13 14:09:57.410,-7.82E-08,4.22E-08
,,,2022-12-13 14:09:57.909,4.12E-08,4.72E-08
,,,2022-12-13 14:09:58.409,5E-08,-7.9E-08
,,,2022-12-13 14:09:58.909,-7.72E-08,3.5E-08
,,,2022-12-13 14:09:59.408,4.46E-08,3.74E-08
,,,2022-12-13 14:09:59.909,-9.98E-08,3.84E-08
,,,2022-12-13 14:10:00.409,3.58E-08,3.84E-08
,,,2022-12-13 14:10:00.910,5.1E-08,3.16E-08
,,,2022-12-13 14:10:01.411,5.08E-08,3.74E-08
,,,2022-12-13 14:10:01.910,-6.6E-08,-2.18E-08
,,,2022-12-13 14:10:02.410,-2.6E-09,3.98E-08
,,,2022-12-13 14:10:02.910,5.12E-08,3.3E-08
,,,2022-12-13 14:10:03.410,4.64E-08,-5.74E-08
,,,2022-12-13 14:10:03.910,-7.52E-08,3.68E-08
,,,2022-12-13 14:10:04.411,4.58E-08,8.6E-09
,,,2022-12-13 14:10:04.910,4.94E-08,3.38E-08
,,,2022-12-13 14:10:05.410,-4.62E-08,3.46E-08
,,,2022-12-13 14:10:05.909,8.74E-08,3.5E-08
,,,2022-12-13 14:10:06.409,-6.14E-08,3.3E-08
,,,2022-12-13 14:10:06.909,5.56E-08,3.34E-08
,,,2022-12-13 14:10:07.409,-4.28E-08,3.48E-08
,,,2022-12-13 14:10:07.910,8E-10,2.92E-08
,,,2022-12-13 14:10:08.411,-7.48E-08,8.16E-08
,,,2022-12-13 14:10:08.909,4.28E-08,3.6E-08
,,,2022-12-13 14:10:09.409,5.2E-08,-7.44E-08
,,,2022-12-13 14:10:09.910,4.54E-08,-3.8E-09
,,,2022-12-13 14:10:10.410,-6.04E-08,3.28E-08
,,,2022-12-13 14:10:10.909,2E-09,3.68E-08
,,,2022-12-13 14:10:11.409,-6.98E-08,-6.12E-08
,,,2022-12-13 14:10:11.910,4.98E-08,-7.04E-08
,,,2022-12-13 14:10:12.409,8.34E-08,-5.22E-08
,,,2022-12-13 14:10:12.909,-6.1E-08,4E-08
,,,2022-12-13 14:10:13.410,-9.92E-08,1.58E-08
,,,2022-12-13 14:10:13.911,-7.42E-08,4.7E-08
,,,2022-12-13 14:10:14.410,5.64E-08,4.22E-08
,,,2022-12-13 14:10:14.910,4.9E-08,-1.2E-08
,,,2022-12-13 14:10:15.410,4.92E-08,9.28E-08
,,,2022-12-13 14:10:15.910,4.88E-08,4.64E-08
,,,2022-12-13 14:10:16.410,-4.08E-08,3.92E-08
,,,2022-12-13 14:10:16.910,-4.34E-08,3.8E-08
,,,2022-12-13 14:10:17.411,4.32E-08,-9.6E-08
,,,2022-12-13 14:10:17.910,-5.78E-08,3.72E-08
,,,2022-12-13 14:10:18.409,4.62E-08,4.3E-08
,,,2022-12-13 14:10:18.910,-8.58E-08,3.42E-08
,,,2022-12-13 14:10:19.410,5.26E-08,3.42E-08
,,,2022-12-13 14:10:19.911,4.76E-08,3.36E-08
,,,2022-12-13 14:10:20.409,-9.04E-08,3.74E-08
,,,2022-12-13 14:10:20.909,4.72E-08,3.8E-08
,,,2022-12-13 14:10:21.410,-6.46E-08,4.52E-08
,,,2022-12-13 14:10:21.911,-9.24E-08,3.34E-08
,,,2022-12-13 14:10:22.409,4.7E-08,3.34E-08
,,,2022-12-13 14:10:22.909,6.36E-08,-1.8E-09
,,,2022-12-13 14:10:23.409,9.2E-09,2.38E-08
,,,2022-12-13 14:10:23.909,-8.92E-08,3.4E-08
,,,2022-12-13 14:10:24.410,4.64E-08,-3.16E-08
,,,2022-12-13 14:10:24.910,-9.58E-08,4.08E-08
,,,2022-12-13 14:10:25.410,-7.4E-09,4.52E-08
,,,2022-12-13 14:10:25.910,4.74E-08,8.08E-08
,,,2022-12-13 14:10:26.410,4.84E-08,3.94E-08
,,,2022-12-13 14:10:26.910,4.48E-08,3.82E-08
,,,2022-12-13 14:10:27.409,7.38E-08,4.64E-08
,,,2022-12-13 14:10:27.910,4.82E-08,3.3E-08
,,,2022-12-13 14:10:28.413,4.44E-08,-4.72E-08
,,,2022-12-13 14:10:28.909,3.28E-08,1.3E-08
,,,2022-12-13 14:10:29.409,5.84E-08,-8.94E-08
,,,2022-12-13 14:10:29.909,3.56E-08,3.52E-08
,,,2022-12-13 14:10:30.411,-6.88E-08,-3.64E-08
,,,2022-12-13 14:10:30.910,-3.68E-08,3.7E-08
,,,2022-12-13 14:10:31.411,5.34E-08,3.54E-08
,,,2022-12-13 14:10:31.910,-7.12E-08,4.56E-08
,,,2022-12-13 14:10:32.411,6.52E-08,6.04E-08
,,,2022-12-13 14:10:32.910,-9.94E-08,3.82E-08
,,,2022-12-13 14:10:33.411,-6.5E-08,-3.34E-08
,,,2022-12-13 14:10:33.911,4.68E-08,3.46E-08
,,,2022-12-13 14:10:34.410,4.66E-08,4.44E-08
,,,2022-12-13 14:10:34.909,-8.5E-08,3.44E-08
,,,2022-12-13 14:10:35.410,5.04E-08,8.16E-08
,,,2022-12-13 14:10:35.911,-2.6E-08,3.7E-08
,,,2022-12-13 14:10:36.409,5E-08,3.46E-08
,,,2022-12-13 14:10:36.910,-6.8E-08,5.24E-08
,,,2022-12-13 14:10:37.411,-3.26E-08,8.4E-09
,,,2022-12-13 14:10:37.911,3.4E-08,3.6E-08
,,,2022-12-13 14:10:38.410,-5.32E-08,3.52E-08
,,,2022-12-13 14:10:38.910,-3.6E-08,3.66E-08
,,,2022-12-13 14:10:39.410,1.06E-08,3.68E-08
,,,2022-12-13 14:10:39.911,4.66E-08,3.36E-08
,,,2022-12-13 14:10:40.411,5.08E-08,-7.72E-08
,,,2022-12-13 14:10:40.910,-8.7E-08,3.34E-08
,,,2022-12-13 14:10:41.410,6.1E-08,-6.14E-08
,,,2022-12-13 14:10:41.909,4.92E-08,3.78E-08
,,,2022-12-13 14:10:42.409,-8.44E-08,4.22E-08
,,,2022-12-13 14:10:42.909,3.24E-08,-3.24E-08
,,,2022-12-13 14:10:43.410,5.96E-08,3.68E-08
,,,2022-12-13 14:10:43.910,-7.4E-08,8.58E-08
,,,2022-12-13 14:10:44.410,-9.68E-08,3.48E-08
,,,2022-12-13 14:10:44.910,4.66E-08,4.12E-08
,,,2022-12-13 14:10:45.410,5.98E-08,3.8E-08
,,,2022-12-13 14:10:45.910,-7.02E-08,4.54E-08
,,,2022-12-13 14:10:46.410,-7.9E-08,4.62E-08
,,,2022-12-13 14:10:46.910,1.98E-08,-7.62E-08
,,,2022-12-13 14:10:47.409,4.66E-08,3.6E-08
,,,2022-12-13 14:10:47.909,4.7E-08,3.5E-08
,,,2022-12-13 14:10:48.410,4.36E-08,3.72E-08
,,,2022-12-13 14:10:48.910,6.96E-08,3.34E-08
,,,2022-12-13 14:10:49.409,-5.3E-08,4.94E-08
,,,2022-12-13 14:10:49.910,-1E-07,3.86E-08
,,,2022-12-13 14:10:50.409,-1.28E-08,-5.78E-08
,,,2022-12-13 14:10:50.909,-8.98E-08,3.76E-08
,,,2022-12-13 14:10:51.410,-3.72E-08,3.96E-08
,,,2022-12-13 14:10:51.910,-7.2E-09,3.9E-08
,,,2022-12-13 14:10:52.410,4.58E-08,3.56E-08
,,,2022-12-13 14:10:52.911,-7.48E-08,3.24E-08
,,,2022-12-13 14:10:53.409,-4.18E-08,9.98E-08
,,,2022-12-13 14:10:53.909,5.68E-08,5.92E-08
,,,2022-12-13 14:10:54.409,8.28E-08,3.8E-08
,,,2022-12-13 14:10:54.909,4.7E-08,3.9E-08
,,,2022-12-13 14:10:55.409,3.2E-08,3.02E-08
,,,2022-12-13 14:10:55.910,4.42E-08,3.62E-08
,,,2022-12-13 14:10:56.410,-2.38E-08,-8.6E-08
,,,2022-12-13 14:10:56.908,3.88E-08,3.58E-08
,,,2022-12-13 14:10:57.409,5.2E-08,3.4E-08
,,,2022-12-13 14:10:57.909,5.6E-08,4.9E-08
,,,2022-12-13 14:10:58.409,-8.96E-08,3.54E-08
,,,2022-12-13 14:10:58.909,5.02E-08,6.7E-08
,,,2022-12-13 14:10:59.410,6.22E-08,-7.6E-08
,,,2022-12-13 14:10:59.911,5.54E-08,3.52E-08
,,,2022-12-13 14:11:00.410,-4.64E-08,3.32E-08
,,,2022-12-13 14:11:00.910,4.66E-08,3.44E-08
,,,2022-12-13 14:11:01.411,4.14E-08,-7.08E-08
,,,2022-12-13 14:11:01.910,-4.42E-08,-7.3E-08
,,,2022-12-13 14:11:02.411,3.82E-08,7.28E-08
,,,2022-12-13 14:11:02.910,5.34E-08,4E-08
,,,2022-12-13 14:11:03.410,5.1E-08,3.4E-08
,,,2022-12-13 14:11:03.910,4.46E-08,-2.6E-08
,,,2022-12-13 14:11:04.411,-7.6E-08,3.54E-08
,,,2022-12-13 14:11:04.910,7.62E-08,3.66E-08
,,,2022-12-13 14:11:05.409,-7.48E-08,3.82E-08
,,,2022-12-13 14:11:05.910,-5.56E-08,3.38E-08
,,,2022-12-13 14:11:06.411,4.56E-08,1.36E-08
,,,2022-12-13 14:11:06.911,5.04E-08,3.62E-08
,,,2022-12-13 14:11:07.409,8.98E-08,3.46E-08
,,,2022-12-13 14:11:07.910,2.68E-08,4.1E-08
,,,2022-12-13 14:11:08.409,4.82E-08,3.62E-08
,,,2022-12-13 14:11:08.911,-5.44E-08,-9.8E-08
,,,2022-12-13 14:11:09.410,-9.38E-08,3.7E-08
,,,2022-12-13 14:11:09.911,4.64E-08,-7.32E-08
,,,2022-12-13 14:11:10.410,5E-09,4.08E-08
,,,2022-12-13 14:11:10.909,5.3E-08,3.44E-08
,,,2022-12-13 14:11:11.409,3.66E-08,3.96E-08
,,,2022-12-13 14:11:11.910,4.5E-08,3.14E-08
,,,2022-12-13 14:11:12.410,3.5E-08,3.44E-08
,,,2022-12-13 14:11:12.910,4.52E-08,-5.26E-08
,,,2022-12-13 14:11:13.409,3.78E-08,1.54E-08
,,,2022-12-13 14:11:13.910,5.26E-08,4.36E-08
,,,2022-12-13 14:11:14.410,4.3E-08,-9E-08
,,,2022-12-13 14:11:14.909,3.64E-08,-6.2E-08
,,,2022-12-13 14:11:15.409,-6.2E-08,3.68E-08
,,,2022-12-13 14:11:15.909,5.04E-08,7.34E-08
,,,2022-12-13 14:11:16.409,5.86E-08,3.46E-08
,,,2022-12-13 14:11:16.910,3.06E-08,5.36E-08
,,,2022-12-13 14:11:17.410,6.6E-08,-8.12E-08
,,,2022-12-13 14:11:17.911,1.06E-08,-5E-08
,,,2022-12-13 14:11:18.412,2.52E-08,3.54E-08
,,,2022-12-13 14:11:18.909,7.72E-08,4.06E-08
,,,2022-12-13 14:11:19.409,-7.1E-08,3.66E-08
,,,2022-12-13 14:11:19.910,6.88E-08,3.88E-08
,,,2022-12-13 14:11:20.411,-2.48E-08,-6.4E-08
,,,2022-12-13 14:11:20.911,4.08E-08,3.16E-08
,,,2022-12-13 14:11:21.411,-1E-07,3.68E-08
,,,2022-12-13 14:11:21.911,-8.46E-08,-1.64E-08
,,,2022-12-13 14:11:22.411,5.16E-08,-9.36E-08
,,,2022-12-13 14:11:22.912,-5.54E-08,3.3E-08
,,,2022-12-13 14:11:23.410,8E-09,3.64E-08
,,,2022-12-13 14:11:23.911,4.58E-08,3.6E-08
,,,2022-12-13 14:11:24.411,5.22E-08,4.02E-08
,,,2022-12-13 14:11:24.910,4.64E-08,2.94E-08
,,,2022-12-13 14:11:25.411,4.36E-08,-6.58E-08
,,,2022-12-13 14:11:25.912,5.08E-08,4.02E-08
,,,2022-12-13 14:11:26.410,-7.28E-08,3.36E-08
,,,2022-12-13 14:11:26.910,-2.98E-08,3.3E-08
,,,2022-12-13 14:11:27.410,-4.84E-08,3.72E-08
,,,2022-12-13 14:11:27.910,-7.7E-08,3.72E-08
,,,2022-12-13 14:11:28.411,6.94E-08,4.72E-08
,,,2022-12-13 14:11:28.910,-6.24E-08,3.52E-08
,,,2022-12-13 14:11:29.410,4.28E-08,3.34E-08
,,,2022-12-13 14:11:29.911,5.2E-08,4.42E-08
,,,2022-12-13 14:11:30.410,4.22E-08,5.48E-08
,,,2022-12-13 14:11:30.911,-8.3E-08,3.5E-08
,,,2022-12-13 14:11:31.411,4.44E-08,3.68E-08
,,,2022-12-13 14:11:31.910,6.42E-08,3.44E-08
,,,2022-12-13 14:11:32.410,-1.8E-08,6.44E-08
,,,2022-12-13 14:11:32.909,-3.92E-08,8.2E-09
,,,2022-12-13 14:11:33.410,3.34E-08,6.62E-08
,,,2022-12-13 14:11:33.910,4.22E-08,4.04E-08
,,,2022-12-13 14:11:34.409,-2.64E-08,3.72E-08
,,,2022-12-13 14:11:34.910,4.74E-08,3.64E-08
,,,2022-12-13 14:11:35.411,4.66E-08,3.74E-08
,,,2022-12-13 14:11:35.910,6.8E-08,3.42E-08
,,,2022-12-13 14:11:36.410,4.24E-08,3.7E-08
,,,2022-12-13 14:11:36.909,-9.82E-08,4.42E-08
,,,2022-12-13 14:11:37.409,-2.4E-08,-4.28E-08
,,,2022-12-13 14:11:37.909,5E-08,6.12E-08
,,,2022-12-13 14:11:38.409,4.32E-08,3.36E-08
,,,2022-12-13 14:11:38.909,-6.26E-08,3.56E-08
,,,2022-12-13 14:11:39.409,4.5E-08,3.7E-08
,,,2022-12-13 14:11:39.909,7.78E-08,4.54E-08
,,,2022-12-13 14:11:40.409,-7.72E-08,3.64E-08
,,,2022-12-13 14:11:40.909,4.22E-08,3.44E-08
,,,2022-12-13 14:11:41.408,5.34E-08,7.42E-08
,,,2022-12-13 14:11:41.909,4.34E-08,-9.7E-08
,,,2022-12-13 14:11:42.409,-7.68E-08,-3.4E-08
,,,2022-12-13 14:11:42.909,4.62E-08,4.12E-08
,,,2022-12-13 14:11:43.409,4.92E-08,3.76E-08
,,,2022-12-13 14:11:43.909,9.52E-08,7.12E-08
,,,2022-12-13 14:11:44.409,-4.94E-08,3.82E-08
,,,2022-12-13 14:11:44.909,9.2E-09,3.88E-08
,,,2022-12-13 14:11:45.409,3.42E-08,1.4E-08
,,,2022-12-13 14:11:45.909,4.42E-08,3.94E-08
,,,2022-12-13 14:11:46.409,9.92E-08,3.32E-08
,,,2022-12-13 14:11:46.910,9.94E-08,-6.08E-08
,,,2022-12-13 14:11:47.410,4.52E-08,5.78E-08
,,,2022-12-13 14:11:47.910,-3.72E-08,4.16E-08
,,,2022-12-13 14:11:48.410,-3.58E-08,3.4E-08
,,,2022-12-13 14:11:48.910,-3.28E-08,3.26E-08
,,,2022-12-13 14:11:49.410,-9.22E-08,3.6E-08
,,,2022-12-13 14:11:49.909,7.94E-08,2.02E-08
,,,2022-12-13 14:11:50.409,3.96E-08,3.26E-08
,,,2022-12-13 14:11:50.909,-9.46E-08,4.88E-08
,,,2022-12-13 14:11:51.410,-3.72E-08,3.44E-08
,,,2022-12-13 14:11:51.909,-9.94E-08,4.64E-08
,,,2022-12-13 14:11:52.409,-3.48E-08,3.6E-08
,,,2022-12-13 14:11:52.910,4.12E-08,-8.52E-08
,,,2022-12-13 14:11:53.410,6.66E-08,3.88E-08
,,,2022-12-13 14:11:53.910,4.38E-08,4.16E-08
,,,2022-12-13 14:11:54.410,-7.82E-08,5.2E-08
,,,2022-12-13 14:11:54.910,5.4E-08,-6.38E-08
,,,2022-12-13 14:11:55.410,5.48E-08,7.82E-08
,,,2022-12-13 14:11:55.910,-2.92E-08,3.04E-08
,,,2022-12-13 14:11:56.409,7.14E-08,3.44E-08
,,,2022-12-13 14:11:56.910,9.6E-09,6E-10
,,,2022-12-13 14:11:57.410,4.86E-08,3.26E-08
,,,2022-12-13 14:11:57.909,-6.22E-08,8.02E-08
,,,2022-12-13 14:11:58.409,4.96E-08,3.42E-08
,,,2022-12-13 14:11:58.909,4.7E-08,3.62E-08
,,,2022-12-13 14:11:59.409,-7.08E-08,3.9E-08
,,,2022-12-13 14:11:59.908,5.54E-08,3.76E-08
,,,2022-12-13 14:12:00.408,-8.5E-08,3.64E-08
,,,2022-12-13 14:12:00.909,4.28E-08,3.7E-08
,,,2022-12-13 14:12:01.409,4.42E-08,4.3E-08
,,,2022-12-13 14:12:01.910,-6.68E-08,3.58E-08
,,,2022-12-13 14:12:02.410,4.78E-08,4.26E-08
,,,2022-12-13 14:12:02.910,5.66E-08,3.94E-08
,,,2022-12-13 14:12:03.411,4.8E-08,-6.2E-09
,,,2022-12-13 14:12:03.911,9.94E-08,3.74E-08
,,,2022-12-13 14:12:04.410,4.82E-08,3.24E-08
,,,2022-12-13 14:12:04.910,-8E-10,3.32E-08
,,,2022-12-13 14:12:05.409,-9.2E-08,3.68E-08
,,,2022-12-13 14:12:05.910,5.88E-08,3.36E-08
,,,2022-12-13 14:12:06.410,-9.58E-08,4.5E-08
,,,2022-12-13 14:12:06.910,-7.72E-08,3.9E-08
,,,2022-12-13 14:12:07.410,1.18E-08,-2.84E-08
,,,2022-12-13 14:12:07.910,-7.74E-08,3.54E-08
,,,2022-12-13 14:12:08.410,-9.2E-09,3.78E-08
,,,2022-12-13 14:12:08.910,-9.66E-08,8.08E-08
,,,2022-12-13 14:12:09.409,5.58E-08,3.64E-08
,,,2022-12-13 14:12:09.910,-8.58E-08,9.62E-08
,,,2022-12-13 14:12:10.410,4.42E-08,-3.96E-08
,,,2022-12-13 14:12:10.910,-4.68E-08,3.28E-08
,,,2022-12-13 14:12:11.410,2.98E-08,3.62E-08
,,,2022-12-13 14:12:11.911,5.4E-08,3.6E-08
,,,2022-12-13 14:12:12.411,-5.2E-08,3.54E-08
,,,2022-12-13 14:12:12.911,4.64E-08,6.92E-08
,,,2022-12-13 14:12:13.410,-4.44E-08,3.1E-08
,,,2022-12-13 14:12:13.910,-3.2E-08,3.94E-08
,,,2022-12-13 14:12:14.410,4.26E-08,3.7E-08
,,,2022-12-13 14:12:14.911,4.6E-08,3.28E-08
,,,2022-12-13 14:12:15.411,-7.4E-09,4.06E-08
,,,2022-12-13 14:12:15.911,5.74E-08,3.62E-08
,,,2022-12-13 14:12:16.410,-9.04E-08,7.2E-09
,,,2022-12-13 14:12:16.909,9.22E-08,3.54E-08
,,,2022-12-13 14:12:17.411,-6.74E-08,4.34E-08
,,,2022-12-13 14:12:17.910,-8.12E-08,3.1E-08
,,,2022-12-13 14:12:18.410,-8.56E-08,3.76E-08
,,,2022-12-13 14:12:18.911,5.56E-08,3.92E-08
,,,2022-12-13 14:12:19.410,4.38E-08,3.68E-08
,,,2022-12-13 14:12:19.910,-8.68E-08,3.22E-08
,,,2022-12-13 14:12:20.411,5.04E-08,3.42E-08
,,,2022-12-13 14:12:20.910,-3.58E-08,3.52E-08
,,,2022-12-13 14:12:21.410,-1.66E-08,3.76E-08
,,,2022-12-13 14:12:21.911,5.52E-08,3.52E-08
,,,2022-12-13 14:12:22.410,5.02E-08,3.44E-08
,,,2022-12-13 14:12:22.909,-2.08E-08,-7.52E-08
,,,2022-12-13 14:12:23.410,6.12E-08,3.88E-08
,,,2022-12-13 14:12:23.910,7.66E-08,-2.18E-08
,,,2022-12-13 14:12:24.410,-1.44E-08,3.4E-08
,,,2022-12-13 14:12:24.910,-1.34E-08,4.72E-08
,,,2022-12-13 14:12:25.411,4.5E-08,4.04E-08
,,,2022-12-13 14:12:25.910,7.72E-08,3.4E-08
,,,2022-12-13 14:12:26.411,6E-08,-7.96E-08
,,,2022-12-13 14:12:26.909,4.8E-08,3.84E-08
,,,2022-12-13 14:12:27.410,-6.4E-08,3.94E-08
,,,2022-12-13 14:12:27.911,-9E-08,7.72E-08
,,,2022-12-13 14:12:28.411,-8.3E-08,-9.86E-08
,,,2022-12-13 14:12:28.910,5.22E-08,-7.36E-08
,,,2022-12-13 14:12:29.410,-9.5E-08,-1.44E-08
,,,2022-12-13 14:12:29.911,-2.8E-08,3.46E-08
,,,2022-12-13 14:12:30.409,-8.36E-08,3.82E-08
,,,2022-12-13 14:12:30.911,4.68E-08,3.4E-08
,,,2022-12-13 14:12:31.411,4.82E-08,5.82E-08
,,,2022-12-13 14:12:31.910,4.54E-08,3.74E-08
,,,2022-12-13 14:12:32.410,5.08E-08,3.66E-08
,,,2022-12-13 14:12:32.910,1.4E-08,3.18E-08
,,,2022-12-13 14:12:33.410,5E-08,-8.3E-08
,,,2022-12-13 14:12:33.910,-6.86E-08,7.86E-08
,,,2022-12-13 14:12:34.410,4.34E-08,2.68E-08
,,,2022-12-13 14:12:34.911,6.18E-08,-8.08E-08
,,,2022-12-13 14:12:35.410,6.38E-08,-8E-09
,,,2022-12-13 14:12:35.911,-7.8E-09,4.14E-08
,,,2022-12-13 14:12:36.410,3.62E-08,4.22E-08
,,,2022-12-13 14:12:36.910,-9.28E-08,-8.02E-08
,,,2022-12-13 14:12:37.410,4.12E-08,3.76E-08
,,,2022-12-13 14:12:37.910,5.9E-08,3.68E-08
,,,2022-12-13 14:12:38.410,1.8E-09,3.58E-08
,,,2022-12-13 14:12:38.910,4.4E-08,9.94E-08
,,,2022-12-13 14:12:39.410,-5.24E-08,3.72E-08
,,,2022-12-13 14:12:39.909,3.44E-08,3.42E-08
,,,2022-12-13 14:12:40.410,5.78E-08,1.24E-08
,,,2022-12-13 14:12:40.910,4.56E-08,4.3E-08
,,,2022-12-13 14:12:41.410,5.4E-08,4.18E-08
,,,2022-12-13 14:12:41.909,5.42E-08,4.14E-08
,,,2022-12-13 14:12:42.410,4.12E-08,3.44E-08
,,,2022-12-13 14:12:42.911,4.84E-08,3.4E-08
,,,2022-12-13 14:12:43.410,3.28E-08,-9.72E-08
,,,2022-12-13 14:12:43.910,-8.48E-08,5.32E-08
,,,2022-12-13 14:12:44.410,5.24E-08,3.42E-08
,,,2022-12-13 14:12:44.911,9.94E-08,4.06E-08
,,,2022-12-13 14:12:45.410,-8.22E-08,-4.84E-08
,,,2022-12-13 14:12:45.910,-5.84E-08,3.62E-08
,,,2022-12-13 14:12:46.411,-5.88E-08,4.16E-08
,,,2022-12-13 14:12:46.911,5.86E-08,-4.44E-08
,,,2022-12-13 14:12:47.409,4.52E-08,-1.92E-08
,,,2022-12-13 14:12:47.910,4.84E-08,5.08E-08
,,,2022-12-13 14:12:48.410,-2.44E-08,3.8E-08
,,,2022-12-13 14:12:48.910,-9.7E-08,-8.26E-08
,,,2022-12-13 14:12:49.411,-7.16E-08,3.48E-08
,,,2022-12-13 14:12:49.910,4.46E-08,3.9E-08
,,,2022-12-13 14:12:50.409,-1.72E-08,2.88E-08
,,,2022-12-13 14:12:50.910,5.72E-08,5.86E-08
,,,2022-12-13 14:12:51.410,4.92E-08,3.38E-08
,,,2022-12-13 14:12:51.911,4E-10,3.64E-08
,,,2022-12-13 14:12:52.410,6.14E-08,3.98E-08
,,,2022-12-13 14:12:52.909,6.02E-08,3.56E-08
,,,2022-12-13 14:12:53.409,5.1E-08,4.8E-08
,,,2022-12-13 14:12:53.909,-2.4E-08,-3.48E-08
,,,2022-12-13 14:12:54.411,5.08E-08,3.36E-08
,,,2022-12-13 14:12:54.910,-9.52E-08,-4.4E-09
,,,2022-12-13 14:12:55.410,-2E-09,3.98E-08
,,,2022-12-13 14:12:55.910,-5.48E-08,3.62E-08
,,,2022-12-13 14:12:56.410,4E-08,3.32E-08
,,,2022-12-13 14:12:56.910,4.18E-08,3.82E-08
,,,2022-12-13 14:12:57.410,4.46E-08,4.1E-08
,,,2022-12-13 14:12:57.910,-6.74E-08,4.02E-08
,,,2022-12-13 14:12:58.410,5.4E-08,4.68E-08
,,,2022-12-13 14:12:58.909,5.7E-08,3.3E-08
,,,2022-12-13 14:12:59.409,4.9E-08,3.92E-08
,,,2022-12-13 14:12:59.909,4.7E-08,4.02E-08
,,,2022-12-13 14:13:00.410,-4.88E-08,3.8E-08
,,,2022-12-13 14:13:00.910,4.84E-08,3.1E-08
,,,2022-12-13 14:13:01.411,4.56E-08,6.02E-08
,,,2022-12-13 14:13:01.911,-1E-07,-3.62E-08
,,,2022-12-13 14:13:02.411,-1E-07,4.7E-08
,,,2022-12-13 14:13:02.912,4E-08,4.98E-08
,,,2022-12-13 14:13:03.412,6.16E-08,3.56E-08
,,,2022-12-13 14:13:03.909,-4.38E-08,-4.06E-08
,,,2022-12-13 14:13:04.409,-8.52E-08,3.36E-08
,,,2022-12-13 14:13:04.909,-3.16E-08,3.2E-08
,,,2022-12-13 14:13:05.409,4.74E-08,-7.18E-08
,,,2022-12-13 14:13:05.910,3.46E-08,3.62E-08
,,,2022-12-13 14:13:06.412,4.34E-08,3.8E-08
,,,2022-12-13 14:13:06.910,9.38E-08,3.42E-08
,,,2022-12-13 14:13:07.410,4.86E-08,5.6E-08
,,,2022-12-13 14:13:07.911,-7.34E-08,3.5E-08
,,,2022-12-13 14:13:08.411,4.18E-08,3.56E-08
,,,2022-12-13 14:13:08.910,-9.98E-08,-8.26E-08
,,,2022-12-13 14:13:09.410,4.62E-08,6.22E-08
,,,2022-12-13 14:13:09.911,9.64E-08,-3.22E-08
,,,2022-12-13 14:13:10.411,1.06E-08,4.44E-08
,,,2022-12-13 14:13:10.911,-5.7E-08,3.52E-08
,,,2022-12-13 14:13:11.410,3.72E-08,3.88E-08
,,,2022-12-13 14:13:11.910,9.4E-09,3E-08
,,,2022-12-13 14:13:12.411,5.4E-08,-9.98E-08
,,,2022-12-13 14:13:12.911,4.62E-08,5.4E-08
,,,2022-12-13 14:13:13.410,-4.18E-08,9E-08
,,,2022-12-13 14:13:13.910,5.12E-08,4.18E-08
,,,2022-12-13 14:13:14.411,4.16E-08,3.78E-08
,,,2022-12-13 14:13:14.911,-1.36E-08,2.6E-08
,,,2022-12-13 14:13:15.409,-2.54E-08,4.18E-08
,,,2022-12-13 14:13:15.910,-4.56E-08,3.2E-08
,,,2022-12-13 14:13:16.411,5.2E-08,3.78E-08
,,,2022-12-13 14:13:16.910,3.46E-08,3.8E-08
,,,2022-12-13 14:13:17.409,5.12E-08,-7.12E-08
,,,2022-12-13 14:13:17.909,4.42E-08,3.78E-08
,,,2022-12-13 14:13:18.409,2.48E-08,3.2E-08
,,,2022-12-13 14:13:18.909,-4E-09,3.34E-08
,,,2022-12-13 14:13:19.409,5.1E-08,3.3E-08
,,,2022-12-13 14:13:19.910,3.46E-08,3.98E-08
,,,2022-12-13 14:13:20.410,-1E-07,3.2E-08
,,,2022-12-13 14:13:20.911,-2.58E-08,3.52E-08
,,,2022-12-13 14:13:21.409,4.22E-08,5.3E-08
,,,2022-12-13 14:13:21.910,-9.98E-08,3.7E-08
,,,2022-12-13 14:13:22.409,-3.02E-08,4.98E-08
,,,2022-12-13 14:13:22.910,5.12E-08,3.88E-08
,,,2022-12-13 14:13:23.411,7.6E-09,3.24E-08
,,,2022-12-13 14:13:23.910,9.4E-09,3.86E-08
,,,2022-12-13 14:13:24.411,-1.98E-08,4.62E-08
,,,2022-12-13 14:13:24.910,-4.14E-08,8.8E-09
,,,2022-12-13 14:13:25.410,4.72E-08,3.42E-08
,,,2022-12-13 14:13:25.910,-7.68E-08,2.92E-08
,,,2022-12-13 14:13:26.410,-4.08E-08,-4.58E-08
,,,2022-12-13 14:13:26.910,-1.36E-08,-6.14E-08
,,,2022-12-13 14:13:27.409,4.78E-08,-6.12E-08
,,,2022-12-13 14:13:27.909,5.26E-08,3.32E-08
,,,2022-12-13 14:13:28.410,-5.6E-08,4.8E-08
,,,2022-12-13 14:13:28.909,4.96E-08,-7.62E-08
,,,2022-12-13 14:13:29.410,-9.4E-09,3.06E-08
,,,2022-12-13 14:13:29.909,4.02E-08,3.1E-08
,,,2022-12-13 14:13:30.409,2.8E-08,3.52E-08
,,,2022-12-13 14:13:30.911,7.56E-08,6.64E-08
,,,2022-12-13 14:13:31.410,-3.76E-08,3.84E-08
,,,2022-12-13 14:13:31.910,4.5E-08,3.16E-08
,,,2022-12-13 14:13:32.409,-5.4E-09,-6.18E-08
,,,2022-12-13 14:13:32.909,4.62E-08,6.9E-08
,,,2022-12-13 14:13:33.409,3.72E-08,3.76E-08
,,,2022-12-13 14:13:33.909,4.4E-08,3.28E-08
,,,2022-12-13 14:13:34.409,8.24E-08,3.24E-08
,,,2022-12-13 14:13:34.909,4.7E-08,3.2E-08
,,,2022-12-13 14:13:35.409,5.4E-08,3.52E-08
,,,2022-12-13 14:13:35.909,6.74E-08,4.18E-08
,,,2022-12-13 14:13:36.408,9.8E-08,3.8E-08
,,,2022-12-13 14:13:36.908,4.72E-08,3.66E-08
,,,2022-12-13 14:13:37.409,1.64E-08,-4.52E-08
,,,2022-12-13 14:13:37.909,4.74E-08,3.4E-08
,,,2022-12-13 14:13:38.410,6E-09,2.96E-08
,,,2022-12-13 14:13:38.910,5.12E-08,-2.4E-09
,,,2022-12-13 14:13:39.411,6.8E-08,-8.12E-08
,,,2022-12-13 14:13:39.909,-1.72E-08,7.06E-08
,,,2022-12-13 14:13:40.408,4.44E-08,-2.3E-08
,,,2022-12-13 14:13:40.909,5.7E-08,9.38E-08
,,,2022-12-13 14:13:41.408,4.58E-08,-7.38E-08
,,,2022-12-13 14:13:41.908,-7.8E-08,5.16E-08
,,,2022-12-13 14:13:42.409,4.92E-08,4.16E-08
,,,2022-12-13 14:13:42.910,4.94E-08,3.78E-08
,,,2022-12-13 14:13:43.410,4.82E-08,-1.96E-08
,,,2022-12-13 14:13:43.910,4.56E-08,3.76E-08
,,,2022-12-13 14:13:44.409,4.94E-08,3.66E-08
,,,2022-12-13 14:13:44.909,-6.02E-08,3.7E-08
,,,2022-12-13 14:13:45.410,-7.12E-08,-9.6E-08
,,,2022-12-13 14:13:45.909,-9.18E-08,3.52E-08
,,,2022-12-13 14:13:46.409,4.76E-08,4.84E-08
,,,2022-12-13 14:13:46.909,6.58E-08,4.18E-08
,,,2022-12-13 14:13:47.409,4.56E-08,3.56E-08
,,,2022-12-13 14:13:47.909,5.9E-08,3.48E-08
,,,2022-12-13 14:13:48.409,4.56E-08,7.92E-08
,,,2022-12-13 14:13:48.909,2.4E-09,-4.6E-09
,,,2022-12-13 14:13:49.409,5.02E-08,4.32E-08
,,,2022-12-13 14:13:49.909,4.9E-08,-4.42E-08
,,,2022-12-13 14:13:50.409,4.76E-08,3.46E-08
,,,2022-12-13 14:13:50.910,2E-08,-8.02E-08
,,,2022-12-13 14:13:51.411,-5.18E-08,-3.24E-08
,,,2022-12-13 14:13:51.911,4.9E-08,3.24E-08
,,,2022-12-13 14:13:52.411,6.32E-08,4.04E-08
,,,2022-12-13 14:13:52.909,7.48E-08,3.56E-08
,,,2022-12-13 14:13:53.410,-5.42E-08,3.12E-08
,,,2022-12-13 14:13:53.911,-5.4E-08,3.82E-08
,,,2022-12-13 14:13:54.410,-1E-09,4.14E-08
,,,2022-12-13 14:13:54.910,-6.88E-08,4.14E-08
,,,2022-12-13 14:13:55.412,4.04E-08,3.56E-08
,,,2022-12-13 14:13:55.909,5.14E-08,4.06E-08
,,,2022-12-13 14:13:56.411,4.76E-08,3.34E-08
,,,2022-12-13 14:13:56.911,4.86E-08,3.74E-08
,,,2022-12-13 14:13:57.412,7.9E-08,-3.24E-08
,,,2022-12-13 14:13:57.908,-3.46E-08,3.3E-08
,,,2022-12-13 14:13:58.409,4.46E-08,3.76E-08
,,,2022-12-13 14:13:58.910,-9.14E-08,3.96E-08
,,,2022-12-13 14:13:59.410,-5E-08,3.46E-08
,,,2022-12-13 14:13:59.909,4.92E-08,3.8E-08
,,,2022-12-13 14:14:00.410,-3.42E-08,3.24E-08
,,,2022-12-13 14:14:00.911,1.96E-08,9.44E-08
,,,2022-12-13 14:14:01.410,-2.76E-08,6.52E-08
,,,2022-12-13 14:14:01.910,-5.08E-08,3.48E-08
,,,2022-12-13 14:14:02.411,4.46E-08,-6.16E-08
,,,2022-12-13 14:14:02.911,5.04E-08,-4E-08
,,,2022-12-13 14:14:03.410,-8.06E-08,3.6E-08
,,,2022-12-13 14:14:03.909,4.58E-08,3.44E-08
,,,2022-12-13 14:14:04.409,-6.1E-08,9.42E-08
,,,2022-12-13 14:14:04.910,-8.78E-08,-9.98E-08
,,,2022-12-13 14:14:05.410,-8.52E-08,-7.6E-09
,,,2022-12-13 14:14:05.910,6.66E-08,3.94E-08
,,,2022-12-13 14:14:06.410,4.3E-08,3.26E-08
,,,2022-12-13 14:14:06.910,1.24E-08,-2.8E-08
,,,2022-12-13 14:14:07.409,-6.02E-08,5.18E-08
,,,2022-12-13 14:14:07.910,-9.1E-08,3.8E-08
,,,2022-12-13 14:14:08.411,4.3E-08,8.82E-08
,,,2022-12-13 14:14:08.911,4.18E-08,4E-08
,,,2022-12-13 14:14:09.411,4.64E-08,3.2E-09
,,,2022-12-13 14:14:09.910,7.9E-08,4.34E-08
,,,2022-12-13 14:14:10.410,4.6E-08,3.54E-08
,,,2022-12-13 14:14:10.910,-3.48E-08,4.06E-08
,,,2022-12-13 14:14:11.409,9.6E-09,3.2E-08
,,,2022-12-13 14:14:11.908,-5.2E-08,4.62E-08
,,,2022-12-13 14:14:12.409,-1E-07,2.4E-08
,,,2022-12-13 14:14:12.909,5.08E-08,2.92E-08
,,,2022-12-13 14:14:13.408,4.54E-08,3.98E-08
,,,2022-12-13 14:14:13.909,5.06E-08,4.28E-08
,,,2022-12-13 14:14:14.408,5.02E-08,3.96E-08
,,,2022-12-13 14:14:14.909,6.16E-08,3.24E-08
,,,2022-12-13 14:14:15.408,-7.2E-08,-6.28E-08
,,,2022-12-13 14:14:15.908,-2.42E-08,3.98E-08
,,,2022-12-13 14:14:16.408,6.26E-08,-7.96E-08
,,,2022-12-13 14:14:16.908,-9.8E-08,2.08E-08
,,,2022-12-13 14:14:17.408,-8.16E-08,4.18E-08
,,,2022-12-13 14:14:17.908,4.1E-08,3.6E-08
,,,2022-12-13 14:14:18.409,5.52E-08,9.6E-09
,,,2022-12-13 14:14:18.909,4.84E-08,4.38E-08
,,,2022-12-13 14:14:19.410,7.68E-08,3.6E-08
,,,2022-12-13 14:14:19.910,5.02E-08,3.86E-08
,,,2022-12-13 14:14:20.410,-7.84E-08,3.6E-08
,,,2022-12-13 14:14:20.909,4.7E-08,6.98E-08
,,,2022-12-13 14:14:21.410,1.1E-08,3.18E-08
,,,2022-12-13 14:14:21.909,5.2E-08,3.5E-08
,,,2022-12-13 14:14:22.410,-5.7E-08,3.52E-08
,,,2022-12-13 14:14:22.911,4.86E-08,3.92E-08
,,,2022-12-13 14:14:23.411,2.72E-08,3.84E-08
,,,2022-12-13 14:14:23.910,4.56E-08,3.88E-08
,,,2022-12-13 14:14:24.409,3.34E-08,4.34E-08
,,,2022-12-13 14:14:24.909,-6.58E-08,2.6E-09
,,,2022-12-13 14:14:25.409,4.56E-08,4.1E-08
,,,2022-12-13 14:14:25.910,5.22E-08,7.72E-08
,,,2022-12-13 14:14:26.410,-1.98E-08,3.52E-08
,,,2022-12-13 14:14:26.909,3.42E-08,-9.8E-08
,,,2022-12-13 14:14:27.409,4.5E-08,3.52E-08
,,,2022-12-13 14:14:27.910,5.84E-08,4.96E-08
,,,2022-12-13 14:14:28.410,-6.08E-08,3.38E-08
,,,2022-12-13 14:14:28.910,-3.42E-08,3.6E-08
,,,2022-12-13 14:14:29.410,-8.22E-08,3.38E-08
,,,2022-12-13 14:14:29.910,6.14E-08,3.46E-08
,,,2022-12-13 14:14:30.408,-1E-07,3.18E-08
,,,2022-12-13 14:14:30.908,5.2E-08,3.68E-08
,,,2022-12-13 14:14:31.408,5.84E-08,3.58E-08
,,,2022-12-13 14:14:31.908,-7.32E-08,3.46E-08
,,,2022-12-13 14:14:32.408,-8.68E-08,3.36E-08
,,,2022-12-13 14:14:32.909,-7.94E-08,6.3E-08
,,,2022-12-13 14:14:33.409,9.12E-08,-5.54E-08
,,,2022-12-13 14:14:33.909,4.44E-08,9.12E-08
,,,2022-12-13 14:14:34.409,-8.3E-08,3.52E-08
,,,2022-12-13 14:14:34.910,-9.48E-08,-6.6E-08
,,,2022-12-13 14:14:35.411,5.06E-08,-8.08E-08
,,,2022-12-13 14:14:35.910,2.62E-08,-3.2E-08
,,,2022-12-13 14:14:36.410,7.58E-08,3.38E-08
,,,2022-12-13 14:14:36.911,9.12E-08,3.24E-08
,,,2022-12-13 14:14:37.411,1.68E-08,3.34E-08
,,,2022-12-13 14:14:37.910,-3.14E-08,6.64E-08
,,,2022-12-13 14:14:38.410,9.6E-08,4.8E-08
,,,2022-12-13 14:14:38.910,-4E-10,-4.02E-08
,,,2022-12-13 14:14:39.413,7.3E-08,4.1E-08
,,,2022-12-13 14:14:39.910,5E-08,3.86E-08
,,,2022-12-13 14:14:40.410,-2.38E-08,4.44E-08
,,,2022-12-13 14:14:40.910,1.52E-08,3.62E-08
,,,2022-12-13 14:14:41.411,-7.42E-08,4.62E-08
,,,2022-12-13 14:14:41.912,-4.8E-08,-4.4E-09
,,,2022-12-13 14:14:42.411,-4.28E-08,3.24E-08
,,,2022-12-13 14:14:42.911,4.74E-08,3.86E-08
,,,2022-12-13 14:14:43.411,-1.9E-08,2.22E-08
,,,2022-12-13 14:14:43.911,-5.04E-08,3.3E-08
,,,2022-12-13 14:14:44.410,-2.74E-08,3.68E-08
,,,2022-12-13 14:14:44.911,4.6E-08,3.96E-08
,,,2022-12-13 14:14:45.411,4.2E-08,3.72E-08
,,,2022-12-13 14:14:45.910,7.8E-08,3.16E-08
,,,2022-12-13 14:14:46.410,9.96E-08,-8.28E-08
,,,2022-12-13 14:14:46.911,-3.42E-08,3.76E-08
,,,2022-12-13 14:14:47.410,3.22E-08,3.18E-08
,,,2022-12-13 14:14:47.912,-9.88E-08,3.54E-08
,,,2022-12-13 14:14:48.411,-9.48E-08,3.74E-08
,,,2022-12-13 14:14:48.910,5.3E-08,-3.78E-08
,,,2022-12-13 14:14:49.409,-4.52E-08,3.62E-08
,,,2022-12-13 14:14:49.911,-8.76E-08,3.88E-08
,,,2022-12-13 14:14:50.411,-2.92E-08,3.8E-08
,,,2022-12-13 14:14:50.911,5.88E-08,3.52E-08
,,,2022-12-13 14:14:51.409,-9E-08,3.18E-08
,,,2022-12-13 14:14:51.911,5E-08,3.94E-08
,,,2022-12-13 14:14:52.409,4.62E-08,3.2E-08
,,,2022-12-13 14:14:52.909,4.62E-08,-5.74E-08
,,,2022-12-13 14:14:53.410,5.34E-08,4.8E-08
,,,2022-12-13 14:14:53.910,4.92E-08,3.56E-08
,,,2022-12-13 14:14:54.410,5.46E-08,-9.6E-09
,,,2022-12-13 14:14:54.910,-2.58E-08,3.36E-08
,,,2022-12-13 14:14:55.409,-9.96E-08,3.2E-08
,,,2022-12-13 14:14:55.910,5.56E-08,-7.4E-08
,,,2022-12-13 14:14:56.411,4.06E-08,3.44E-08
,,,2022-12-13 14:14:56.910,5.54E-08,4.02E-08
,,,2022-12-13 14:14:57.411,-8.68E-08,3.2E-08
,,,2022-12-13 14:14:57.911,-3.96E-08,3.56E-08
,,,2022-12-13 14:14:58.411,5.58E-08,3.22E-08
,,,2022-12-13 14:14:58.910,3.5E-08,3.3E-08
,,,2022-12-13 14:14:59.410,1.64E-08,3.06E-08
,,,2022-12-13 14:14:59.910,6.04E-08,3.58E-08
,,,2022-12-13 14:15:00.410,4.76E-08,3.46E-08
,,,2022-12-13 14:15:00.909,-5.22E-08,3.72E-08
,,,2022-12-13 14:15:01.410,-6.9E-08,-7.88E-08
,,,2022-12-13 14:15:01.909,8.94E-08,4.18E-08
,,,2022-12-13 14:15:02.409,-9.98E-08,8.68E-08
,,,2022-12-13 14:15:02.909,4.62E-08,4.14E-08
,,,2022-12-13 14:15:03.409,4.32E-08,7.72E-08
,,,2022-12-13 14:15:03.909,-1.06E-08,5.76E-08
,,,2022-12-13 14:15:04.409,2E-10,3.64E-08
,,,2022-12-13 14:15:04.909,-3.62E-08,-7.94E-08
,,,2022-12-13 14:15:05.410,2.74E-08,9.3E-08
,,,2022-12-13 14:15:05.910,-1E-07,8.34E-08
,,,2022-12-13 14:15:06.410,4.1E-08,-1.72E-08
,,,2022-12-13 14:15:06.911,4.6E-08,4.3E-08
,,,2022-12-13 14:15:07.410,4.84E-08,4.3E-08
,,,2022-12-13 14:15:07.910,-9.18E-08,3.92E-08
,,,2022-12-13 14:15:08.410,-7.12E-08,-1.4E-09
,,,2022-12-13 14:15:08.910,4.7E-08,3.98E-08
,,,2022-12-13 14:15:09.410,5.24E-08,3.12E-08
,,,2022-12-13 14:15:09.909,-4.9E-08,-8.4E-08
,,,2022-12-13 14:15:10.410,-8.84E-08,3.8E-08
,,,2022-12-13 14:15:10.911,-1.6E-09,4.02E-08
,,,2022-12-13 14:15:11.409,-1.78E-08,3.96E-08
,,,2022-12-13 14:15:11.910,4.98E-08,3.62E-08
,,,2022-12-13 14:15:12.410,6.08E-08,3.46E-08
,,,2022-12-13 14:15:12.910,4.32E-08,3.76E-08
,,,2022-12-13 14:15:13.409,7.6E-09,3.72E-08
,,,2022-12-13 14:15:13.909,-8.26E-08,3.7E-08
,,,2022-12-13 14:15:14.410,-6.26E-08,3.48E-08
,,,2022-12-13 14:15:14.909,4.62E-08,1.2E-08
,,,2022-12-13 14:15:15.409,5.86E-08,4.22E-08
,,,2022-12-13 14:15:15.910,1.42E-08,3.96E-08
,,,2022-12-13 14:15:16.410,3.18E-08,6.6E-08
,,,2022-12-13 14:15:16.909,-4.76E-08,3.3E-08
,,,2022-12-13 14:15:17.410,5.06E-08,1.98E-08
,,,2022-12-13 14:15:17.910,-6.28E-08,-1.72E-08
,,,2022-12-13 14:15:18.411,4.18E-08,3.58E-08
,,,2022-12-13 14:15:18.910,5.22E-08,3.8E-08
,,,2022-12-13 14:15:19.409,7.88E-08,4.32E-08
,,,2022-12-13 14:15:19.909,3.4E-08,3.6E-08
,,,2022-12-13 14:15:20.408,3.6E-09,4.2E-08
,,,2022-12-13 14:15:20.908,4.88E-08,3.22E-08
,,,2022-12-13 14:15:21.407,9.4E-08,4.72E-08
,,,2022-12-13 14:15:21.907,-1.24E-08,-6E-09
,,,2022-12-13 14:15:22.407,5.32E-08,4.1E-08
,,,2022-12-13 14:15:22.908,-3.16E-08,3.88E-08
,,,2022-12-13 14:15:23.409,5.4E-08,3.48E-08
,,,2022-12-13 14:15:23.910,4.46E-08,-7.96E-08
,,,2022-12-13 14:15:24.411,5.28E-08,3.26E-08
,,,2022-12-13 14:15:24.910,3.92E-08,3.74E-08
,,,2022-12-13 14:15:25.410,5.38E-08,3.4E-08
,,,2022-12-13 14:15:25.911,4.98E-08,4.62E-08
,,,2022-12-13 14:15:26.410,3.92E-08,-4E-10
,,,2022-12-13 14:15:26.910,4.98E-08,3.38E-08
,,,2022-12-13 14:15:27.411,4.82E-08,3.88E-08
,,,2022-12-13 14:15:27.910,4.14E-08,-8.96E-08
,,,2022-12-13 14:15:28.409,6.54E-08,3.52E-08
,,,2022-12-13 14:15:28.909,5.44E-08,3.02E-08
,,,2022-12-13 14:15:29.409,2.62E-08,3.68E-08
,,,2022-12-13 14:15:29.909,1.76E-08,3.32E-08
,,,2022-12-13 14:15:30.409,-1E-07,-7.7E-08
,,,2022-12-13 14:15:30.909,4.64E-08,3.8E-08
,,,2022-12-13 14:15:31.409,-7.98E-08,3.28E-08
,,,2022-12-13 14:15:31.910,-3.58E-08,-1.32E-08
,,,2022-12-13 14:15:32.410,5.88E-08,3.76E-08
,,,2022-12-13 14:15:32.911,4.54E-08,-7.88E-08
,,,2022-12-13 14:15:33.410,4.12E-08,3.06E-08
,,,2022-12-13 14:15:33.911,7.92E-08,3.82E-08
,,,2022-12-13 14:15:34.410,9.12E-08,3.5E-08
,,,2022-12-13 14:15:34.912,1.82E-08,-8.3E-08
,,,2022-12-13 14:15:35.411,4.54E-08,3.6E-08
,,,2022-12-13 14:15:35.910,-8.92E-08,-8E-09
,,,2022-12-13 14:15:36.410,-9.38E-08,3.02E-08
,,,2022-12-13 14:15:36.911,-5.98E-08,3.92E-08
,,,2022-12-13 14:15:37.411,-8.6E-08,3.42E-08
,,,2022-12-13 14:15:37.910,-3.66E-08,3.18E-08
,,,2022-12-13 14:15:38.411,4.74E-08,4.26E-08
,,,2022-12-13 14:15:38.909,-4.32E-08,3.02E-08
,,,2022-12-13 14:15:39.410,-1.16E-08,3.62E-08
,,,2022-12-13 14:15:39.911,6.56E-08,-8.6E-09
,,,2022-12-13 14:15:40.410,6.9E-08,3.4E-08
,,,2022-12-13 14:15:40.911,-3.8E-09,4.72E-08
,,,2022-12-13 14:15:41.411,4.74E-08,4.22E-08
,,,2022-12-13 14:15:41.910,8.86E-08,3.54E-08
,,,2022-12-13 14:15:42.409,4.98E-08,3.18E-08
,,,2022-12-13 14:15:42.909,8.08E-08,3.44E-08
,,,2022-12-13 14:15:43.410,-1.62E-08,3.14E-08
,,,2022-12-13 14:15:43.911,6.24E-08,3.54E-08
,,,2022-12-13 14:15:44.411,8.02E-08,-7.02E-08
,,,2022-12-13 14:15:44.909,-8E-09,3.76E-08
,,,2022-12-13 14:15:45.410,4.92E-08,4.22E-08
,,,2022-12-13 14:15:45.910,-3.98E-08,3.56E-08
,,,2022-12-13 14:15:46.410,4.18E-08,3.52E-08
,,,2022-12-13 14:15:46.909,-1.82E-08,3.24E-08
,,,2022-12-13 14:15:47.409,-7.88E-08,3.2E-08
,,,2022-12-13 14:15:47.909,-6.76E-08,3.34E-08
,,,2022-12-13 14:15:48.409,4.74E-08,3.34E-08
,,,2022-12-13 14:15:48.909,-5.52E-08,3.24E-08
,,,2022-12-13 14:15:49.410,-8.44E-08,3.36E-08
,,,2022-12-13 14:15:49.910,6.28E-08,4.42E-08
,,,2022-12-13 14:15:50.409,-6.7E-08,4.6E-09
,,,2022-12-13 14:15:50.909,5.16E-08,3.9E-08
,,,2022-12-13 14:15:51.409,5.64E-08,7.56E-08
,,,2022-12-13 14:15:51.910,4.72E-08,4.72E-08
,,,2022-12-13 14:15:52.410,-5.56E-08,4.66E-08
,,,2022-12-13 14:15:52.909,-8.84E-08,3.4E-08
,,,2022-12-13 14:15:53.409,-3.56E-08,5.86E-08
,,,2022-12-13 14:15:53.909,-6.86E-08,3.8E-08
,,,2022-12-13 14:15:54.409,4.36E-08,3.42E-08
,,,2022-12-13 14:15:54.910,4.64E-08,-2.2E-09
,,,2022-12-13 14:15:55.410,4.82E-08,3.12E-08
,,,2022-12-13 14:15:55.910,4.74E-08,3.56E-08
,,,2022-12-13 14:15:56.409,4.62E-08,4.42E-08
,,,2022-12-13 14:15:56.909,4.86E-08,3.12E-08
,,,2022-12-13 14:15:57.410,-2.48E-08,3.62E-08
,,,2022-12-13 14:15:57.910,3E-08,3.52E-08
,,,2022-12-13 14:15:58.409,5.16E-08,3.48E-08
,,,2022-12-13 14:15:58.909,-7.1E-08,3.58E-08
,,,2022-12-13 14:15:59.408,1.42E-08,3.9E-08
,,,2022-12-13 14:15:59.908,-8.92E-08,-9.86E-08
,,,2022-12-13 14:16:00.409,1.3E-08,4.62E-08
,,,2022-12-13 14:16:00.909,-4.6E-08,1.76E-08
,,,2022-12-13 14:16:01.409,4.16E-08,-7.62E-08
,,,2022-12-13 14:16:01.909,-3.6E-09,-1.46E-08
,,,2022-12-13 14:16:02.409,-2.18E-08,3.68E-08
,,,2022-12-13 14:16:02.910,-1.86E-08,4.02E-08
,,,2022-12-13 14:16:03.411,4.26E-08,3.36E-08
,,,2022-12-13 14:16:03.909,4.94E-08,4.14E-08
,,,2022-12-13 14:16:04.409,6.78E-08,-2.6E-08
,,,2022-12-13 14:16:04.909,7.1E-08,3.74E-08
,,,2022-12-13 14:16:05.408,-5.28E-08,3.22E-08
,,,2022-12-13 14:16:05.908,-7.24E-08,4.16E-08
,,,2022-12-13 14:16:06.407,4.22E-08,3.36E-08
,,,2022-12-13 14:16:06.908,5.2E-08,3.32E-08
,,,2022-12-13 14:16:07.408,-3.06E-08,4.78E-08
,,,2022-12-13 14:16:07.908,4.24E-08,4E-08
,,,2022-12-13 14:16:08.408,7.48E-08,8.74E-08
,,,2022-12-13 14:16:08.909,-5.64E-08,-7.92E-08
,,,2022-12-13 14:16:09.409,-5.98E-08,3.12E-08
,,,2022-12-13 14:16:09.910,4.3E-08,3.6E-08
,,,2022-12-13 14:16:10.410,4.12E-08,3.4E-08
,,,2022-12-13 14:16:10.910,3.68E-08,3.52E-08
,,,2022-12-13 14:16:11.410,-5.34E-08,3.94E-08
,,,2022-12-13 14:16:11.910,-4.76E-08,3.84E-08
,,,2022-12-13 14:16:12.410,-6.56E-08,3.18E-08
,,,2022-12-13 14:16:12.910,8.02E-08,3.52E-08
,,,2022-12-13 14:16:13.410,-7.94E-08,-6.2E-09
,,,2022-12-13 14:16:13.909,-7.62E-08,3.48E-08
,,,2022-12-13 14:16:14.409,3E-08,3.34E-08
,,,2022-12-13 14:16:14.909,7.56E-08,3.7E-08
,,,2022-12-13 14:16:15.409,4.36E-08,3.76E-08
,,,2022-12-13 14:16:15.909,-2.48E-08,3.26E-08
,,,2022-12-13 14:16:16.409,2.14E-08,3.48E-08
,,,2022-12-13 14:16:16.909,3.38E-08,3.3E-08
,,,2022-12-13 14:16:17.409,-1.16E-08,3.58E-08
,,,2022-12-13 14:16:17.908,-4.22E-08,5.74E-08
,,,2022-12-13 14:16:18.409,5.04E-08,-2.54E-08
,,,2022-12-13 14:16:18.909,9.7E-08,4.22E-08
,,,2022-12-13 14:16:19.408,9.96E-08,3.26E-08
,,,2022-12-13 14:16:19.908,-6.6E-08,6.28E-08
,,,2022-12-13 14:16:20.408,-8.68E-08,3.24E-08
,,,2022-12-13 14:16:20.909,6.98E-08,3.54E-08
,,,2022-12-13 14:16:21.408,4.54E-08,3.32E-08
,,,2022-12-13 14:16:21.908,-7.1E-08,3.84E-08
,,,2022-12-13 14:16:22.409,4.88E-08,-8.98E-08
,,,2022-12-13 14:16:22.909,4.46E-08,3.42E-08
,,,2022-12-13 14:16:23.409,-2.8E-09,3.3E-08
,,,2022-12-13 14:16:23.911,-1E-07,-6.76E-08
,,,2022-12-13 14:16:24.411,-7.06E-08,3.8E-08
,,,2022-12-13 14:16:24.911,2.46E-08,3.1E-08
,,,2022-12-13 14:16:25.412,-5.84E-08,3.88E-08
,,,2022-12-13 14:16:25.910,3.44E-08,3.96E-08
,,,2022-12-13 14:16:26.412,4.48E-08,7.52E-08
,,,2022-12-13 14:16:26.910,9.88E-08,-8.26E-08
,,,2022-12-13 14:16:27.411,-9.8E-09,3.64E-08
,,,2022-12-13 14:16:27.910,-5.92E-08,3.42E-08
,,,2022-12-13 14:16:28.410,4.64E-08,3.82E-08
,,,2022-12-13 14:16:28.912,8.48E-08,1.6E-08
,,,2022-12-13 14:16:29.412,8.22E-08,3.76E-08
,,,2022-12-13 14:16:29.909,-2.58E-08,3.9E-08
,,,2022-12-13 14:16:30.410,8E-08,3.04E-08
,,,2022-12-13 14:16:30.910,8.72E-08,-4.32E-08
,,,2022-12-13 14:16:31.410,4.18E-08,-2.2E-09
,,,2022-12-13 14:16:31.911,2.98E-08,3.78E-08
,,,2022-12-13 14:16:32.411,4.34E-08,4.26E-08
,,,2022-12-13 14:16:32.910,3.86E-08,3.26E-08
,,,2022-12-13 14:16:33.410,2.7E-08,3.3E-08
,,,2022-12-13 14:16:33.910,-1.74E-08,4.82E-08
,,,2022-12-13 14:16:34.410,8.26E-08,4E-08
,,,2022-12-13 14:16:34.911,-6.78E-08,3.74E-08
,,,2022-12-13 14:16:35.410,4.34E-08,3.32E-08
,,,2022-12-13 14:16:35.910,4.4E-08,3.64E-08
,,,2022-12-13 14:16:36.409,-1E-07,6.34E-08
,,,2022-12-13 14:16:36.909,4.72E-08,3.7E-08
,,,2022-12-13 14:16:37.410,5.84E-08,3.46E-08
,,,2022-12-13 14:16:37.910,2.42E-08,3.4E-08
,,,2022-12-13 14:16:38.410,4.5E-08,4.62E-08
,,,2022-12-13 14:16:38.910,6.88E-08,-6.32E-08
,,,2022-12-13 14:16:39.410,4.88E-08,-4.44E-08
,,,2022-12-13 14:16:39.911,3.64E-08,-6.86E-08
,,,2022-12-13 14:16:40.409,-4.42E-08,3.56E-08
,,,2022-12-13 14:16:40.909,3.04E-08,4.8E-08
