Address:,TCPIP0::192.168.1.2::inst0::INSTR,,Time (s),Minimum(4) (V),Minimum(1) (V)
Model:,MSO-X 4154A,,2022-12-13 11:58:11.081,-0.01105,-0.005955
Serial Number:,MY60101365,,2022-12-13 11:58:11.581,-0.009377,-0.020014
Firmware Version:,07.31.2020012900,,2022-12-13 11:58:12.080,-0.014397,-0.006624
Start Time:,2022-12-13 11:58:11.081,,2022-12-13 11:58:12.579,-0.018079,-0.01198
Stop Time:,2022-12-13 12:08:50.580,,2022-12-13 11:58:13.079,-0.00536,-0.02403
Sample Period:,0.5,,2022-12-13 11:58:13.579,-0.010046,-0.002608
,,,2022-12-13 11:58:14.079,-0.016406,-0.020683
,,,2022-12-13 11:58:14.580,-0.00536,-0.019344
,,,2022-12-13 11:58:15.080,-0.014063,-0.002608
,,,2022-12-13 11:58:15.579,-0.013728,-0.032064
,,,2022-12-13 11:58:16.079,-0.017745,-0.020014
,,,2022-12-13 11:58:16.579,-0.013393,-0.018675
,,,2022-12-13 11:58:17.079,-0.009377,-0.039428
,,,2022-12-13 11:58:17.579,-0.010046,-0.015327
,,,2022-12-13 11:58:18.079,-0.014397,-0.020014
,,,2022-12-13 11:58:18.579,-0.006029,-0.025369
,,,2022-12-13 11:58:19.080,-0.009377,-0.02403
,,,2022-12-13 11:58:19.580,-0.008707,-0.011311
,,,2022-12-13 11:58:20.081,-0.009377,-0.009302
,,,2022-12-13 11:58:20.580,-0.010046,-0.009972
,,,2022-12-13 11:58:21.080,-0.009377,-0.005286
,,,2022-12-13 11:58:21.579,-0.009711,-0.028047
,,,2022-12-13 11:58:22.079,-0.009711,-0.019344
,,,2022-12-13 11:58:22.579,-0.016406,-0.015327
,,,2022-12-13 11:58:23.079,-0.006029,-0.009302
,,,2022-12-13 11:58:23.579,-0.00536,-0.0247
,,,2022-12-13 11:58:24.080,-0.009042,-0.010641
,,,2022-12-13 11:58:24.580,-0.009711,-0.002608
,,,2022-12-13 11:58:25.079,-0.009042,-0.015997
,,,2022-12-13 11:58:25.579,-0.00536,-0.011311
,,,2022-12-13 11:58:26.079,-0.009042,-0.028047
,,,2022-12-13 11:58:26.579,-0.009711,-0.034742
,,,2022-12-13 11:58:27.079,-0.014063,-0.020014
,,,2022-12-13 11:58:27.580,-0.014063,-0.015327
,,,2022-12-13 11:58:28.080,-0.013393,-0.014658
,,,2022-12-13 11:58:28.581,-0.013728,-0.032064
,,,2022-12-13 11:58:29.079,-0.009711,-0.022691
,,,2022-12-13 11:58:29.579,-0.013728,-0.010641
,,,2022-12-13 11:58:30.079,-0.014397,-0.014658
,,,2022-12-13 11:58:30.579,-0.005695,-0.022022
,,,2022-12-13 11:58:31.079,-0.014397,-0.014658
,,,2022-12-13 11:58:31.579,-0.01741,-0.006624
,,,2022-12-13 11:58:32.080,-0.009042,-0.005955
,,,2022-12-13 11:58:32.579,-0.009042,-0.025369
,,,2022-12-13 11:58:33.081,-0.013728,-0.020014
,,,2022-12-13 11:58:33.581,-0.00536,-0.008633
,,,2022-12-13 11:58:34.080,-0.010381,-0.009302
,,,2022-12-13 11:58:34.581,-0.009042,-0.022691
,,,2022-12-13 11:58:35.080,-0.014063,-0.01265
,,,2022-12-13 11:58:35.582,-0.005695,-0.010641
,,,2022-12-13 11:58:36.080,-0.012054,-0.023361
,,,2022-12-13 11:58:36.580,-0.014397,-0.006624
,,,2022-12-13 11:58:37.081,-0.014732,-0.016666
,,,2022-12-13 11:58:37.580,-0.015067,-0.020014
,,,2022-12-13 11:58:38.080,-0.009377,-0.005955
,,,2022-12-13 11:58:38.580,-0.00536,-0.013319
,,,2022-12-13 11:58:39.081,-0.009711,-0.020683
,,,2022-12-13 11:58:39.580,-0.005695,-0.019344
,,,2022-12-13 11:58:40.080,-0.014063,-0.020683
,,,2022-12-13 11:58:40.580,-0.009377,-0.014658
,,,2022-12-13 11:58:41.080,-0.010046,-0.030725
,,,2022-12-13 11:58:41.581,-0.018749,-0.013988
,,,2022-12-13 11:58:42.079,-0.00536,-0.020014
,,,2022-12-13 11:58:42.580,-0.006029,-0.014658
,,,2022-12-13 11:58:43.079,-0.019084,-0.019344
,,,2022-12-13 11:58:43.580,-0.00536,-0.001938
,,,2022-12-13 11:58:44.080,-0.009042,-0.0247
,,,2022-12-13 11:58:44.580,-0.009042,-0.020014
,,,2022-12-13 11:58:45.080,-0.015736,-0.007963
,,,2022-12-13 11:58:45.580,-0.00536,-0.010641
,,,2022-12-13 11:58:46.079,-0.005025,-0.019344
,,,2022-12-13 11:58:46.580,-0.010715,-0.014658
,,,2022-12-13 11:58:47.079,-0.036155,-0.011311
,,,2022-12-13 11:58:47.580,-0.00536,-0.015327
,,,2022-12-13 11:58:48.080,-0.010046,-0.011311
,,,2022-12-13 11:58:48.579,-0.01741,-0.005955
,,,2022-12-13 11:58:49.080,-0.01741,-0.015327
,,,2022-12-13 11:58:49.582,-0.018414,-0.011311
,,,2022-12-13 11:58:50.080,-0.00536,-0.014658
,,,2022-12-13 11:58:50.580,-0.009377,-0.007963
,,,2022-12-13 11:58:51.080,-0.005695,-0.011311
,,,2022-12-13 11:58:51.580,-0.013393,-0.011311
,,,2022-12-13 11:58:52.080,-0.01172,-0.010641
,,,2022-12-13 11:58:52.580,-0.009711,-0.010641
,,,2022-12-13 11:58:53.080,-0.009042,-0.006624
,,,2022-12-13 11:58:53.579,-0.013059,-0.032064
,,,2022-12-13 11:58:54.079,-0.015067,-0.010641
,,,2022-12-13 11:58:54.580,-0.013393,-0.0247
,,,2022-12-13 11:58:55.080,-0.012389,-0.0247
,,,2022-12-13 11:58:55.579,-0.009042,-0.009972
,,,2022-12-13 11:58:56.079,-0.014732,-0.032064
,,,2022-12-13 11:58:56.580,-0.009711,-0.01198
,,,2022-12-13 11:58:57.079,-0.010715,-0.018675
,,,2022-12-13 11:58:57.580,-0.009711,-0.018675
,,,2022-12-13 11:58:58.080,-0.005695,-0.014658
,,,2022-12-13 11:58:58.579,-0.01741,-0.025369
,,,2022-12-13 11:58:59.080,-0.009377,-0.019344
,,,2022-12-13 11:58:59.580,-0.009042,-0.015997
,,,2022-12-13 11:59:00.079,-0.01172,-0.019344
,,,2022-12-13 11:59:00.579,-0.015736,-0.015997
,,,2022-12-13 11:59:01.080,-0.009377,-0.0247
,,,2022-12-13 11:59:01.580,-0.014063,-0.021353
,,,2022-12-13 11:59:02.080,-0.013393,-0.021353
,,,2022-12-13 11:59:02.580,-0.00536,-0.022022
,,,2022-12-13 11:59:03.079,-0.012389,-0.010641
,,,2022-12-13 11:59:03.579,-0.009042,-0.006624
,,,2022-12-13 11:59:04.080,-0.010046,-0.015327
,,,2022-12-13 11:59:04.580,-0.010046,-0.002608
,,,2022-12-13 11:59:05.080,-0.009711,-0.013319
,,,2022-12-13 11:59:05.581,-0.009377,-0.0247
,,,2022-12-13 11:59:06.079,-0.013728,-0.0247
,,,2022-12-13 11:59:06.579,-0.009377,-0.013988
,,,2022-12-13 11:59:07.079,-0.012724,-0.022022
,,,2022-12-13 11:59:07.579,-0.006029,-0.015327
,,,2022-12-13 11:59:08.079,-0.014397,-0.010641
,,,2022-12-13 11:59:08.580,-0.016071,-0.020014
,,,2022-12-13 11:59:09.080,-0.009711,-0.0247
,,,2022-12-13 11:59:09.579,-0.010046,-0.022691
,,,2022-12-13 11:59:10.079,-0.006029,-0.007294
,,,2022-12-13 11:59:10.580,-0.012724,-0.015327
,,,2022-12-13 11:59:11.079,-0.009711,-0.034742
,,,2022-12-13 11:59:11.579,-0.016406,-0.013988
,,,2022-12-13 11:59:12.078,-0.018414,-0.019344
,,,2022-12-13 11:59:12.578,-0.014063,-0.019344
,,,2022-12-13 11:59:13.078,-0.018414,-0.026708
,,,2022-12-13 11:59:13.578,-0.014732,-0.018005
,,,2022-12-13 11:59:14.078,-0.00536,-0.01198
,,,2022-12-13 11:59:14.579,-0.009377,-0.020683
,,,2022-12-13 11:59:15.079,-0.009377,-0.025369
,,,2022-12-13 11:59:15.580,-0.009042,-0.020683
,,,2022-12-13 11:59:16.079,-0.013728,-0.010641
,,,2022-12-13 11:59:16.580,-0.010715,-0.018005
,,,2022-12-13 11:59:17.080,-0.013393,-0.010641
,,,2022-12-13 11:59:17.582,-0.015402,-0.020014
,,,2022-12-13 11:59:18.079,-0.005695,-0.020683
,,,2022-12-13 11:59:18.580,-0.009042,-0.006624
,,,2022-12-13 11:59:19.081,-0.020757,-0.006624
,,,2022-12-13 11:59:19.579,-0.013728,-0.01265
,,,2022-12-13 11:59:20.079,-0.013393,-0.015327
,,,2022-12-13 11:59:20.579,-0.013393,-0.011311
,,,2022-12-13 11:59:21.079,-0.009377,-0.006624
,,,2022-12-13 11:59:21.580,-0.018414,-0.015327
,,,2022-12-13 11:59:22.082,-0.00536,-0.015327
,,,2022-12-13 11:59:22.580,-0.009042,-0.020014
,,,2022-12-13 11:59:23.081,-0.005025,-0.016666
,,,2022-12-13 11:59:23.581,-0.021427,-0.01198
,,,2022-12-13 11:59:24.082,-0.009711,-0.038089
,,,2022-12-13 11:59:24.582,-0.010381,-0.005955
,,,2022-12-13 11:59:25.081,-0.00536,-0.025369
,,,2022-12-13 11:59:25.584,-0.008707,-0.014658
,,,2022-12-13 11:59:26.080,-0.005695,-0.017336
,,,2022-12-13 11:59:26.581,-0.011385,-0.0247
,,,2022-12-13 11:59:27.081,-0.00536,-0.020014
,,,2022-12-13 11:59:27.580,-0.010046,-0.025369
,,,2022-12-13 11:59:28.080,-0.008707,-0.015997
,,,2022-12-13 11:59:28.581,-0.012724,-0.005955
,,,2022-12-13 11:59:29.081,-0.014397,-0.025369
,,,2022-12-13 11:59:29.581,-0.012054,-0.034072
,,,2022-12-13 11:59:30.079,-0.009377,-0.011311
,,,2022-12-13 11:59:30.580,-0.006029,-0.025369
,,,2022-12-13 11:59:31.080,-0.014063,-0.01198
,,,2022-12-13 11:59:31.579,-0.008372,-0.014658
,,,2022-12-13 11:59:32.080,-0.00536,-0.027378
,,,2022-12-13 11:59:32.579,-0.009042,-0.020683
,,,2022-12-13 11:59:33.080,-0.01741,-0.027378
,,,2022-12-13 11:59:33.580,-0.013393,-0.023361
,,,2022-12-13 11:59:34.080,-0.005695,-0.025369
,,,2022-12-13 11:59:34.580,-0.010046,-0.022691
,,,2022-12-13 11:59:35.080,-0.013059,-0.020683
,,,2022-12-13 11:59:35.581,-0.013728,-0.015327
,,,2022-12-13 11:59:36.079,-0.018414,-0.010641
,,,2022-12-13 11:59:36.580,-0.005695,-0.026039
,,,2022-12-13 11:59:37.081,-0.022096,-0.009972
,,,2022-12-13 11:59:37.579,-0.009377,-0.020014
,,,2022-12-13 11:59:38.080,-0.009042,-0.015327
,,,2022-12-13 11:59:38.580,-0.013393,-0.010641
,,,2022-12-13 11:59:39.081,-0.010046,-0.019344
,,,2022-12-13 11:59:39.580,-0.009377,-0.008633
,,,2022-12-13 11:59:40.080,-0.018749,-0.026708
,,,2022-12-13 11:59:40.579,-0.018414,-0.042106
,,,2022-12-13 11:59:41.080,-0.014397,-0.009972
,,,2022-12-13 11:59:41.579,-0.01172,-0.005955
,,,2022-12-13 11:59:42.080,-0.013393,-0.013988
,,,2022-12-13 11:59:42.581,-0.016406,-0.011311
,,,2022-12-13 11:59:43.079,-0.009377,-0.020014
,,,2022-12-13 11:59:43.580,-0.009377,-0.005955
,,,2022-12-13 11:59:44.080,-0.014063,-0.0247
,,,2022-12-13 11:59:44.580,-0.021092,-0.006624
,,,2022-12-13 11:59:45.080,-0.01105,-0.018675
,,,2022-12-13 11:59:45.580,-0.009377,-0.015327
,,,2022-12-13 11:59:46.078,-0.013393,-0.007963
,,,2022-12-13 11:59:46.578,-0.014397,-0.005955
,,,2022-12-13 11:59:47.079,-0.013393,-0.015327
,,,2022-12-13 11:59:47.578,-0.010381,-0.010641
,,,2022-12-13 11:59:48.079,-0.009711,-0.029386
,,,2022-12-13 11:59:48.580,-0.015402,-0.010641
,,,2022-12-13 11:59:49.079,-0.014397,-0.005955
,,,2022-12-13 11:59:49.579,-0.009377,-0.015997
,,,2022-12-13 11:59:50.080,-0.0231,-0.001938
,,,2022-12-13 11:59:50.580,-0.01741,-0.018005
,,,2022-12-13 11:59:51.079,-0.014063,-0.015327
,,,2022-12-13 11:59:51.579,-0.0231,-0.015997
,,,2022-12-13 11:59:52.079,-0.013728,-0.007294
,,,2022-12-13 11:59:52.579,-0.010715,-0.016666
,,,2022-12-13 11:59:53.079,-0.016071,-0.028717
,,,2022-12-13 11:59:53.579,-0.009042,-0.021353
,,,2022-12-13 11:59:54.079,-0.009042,-0.020014
,,,2022-12-13 11:59:54.579,-0.009711,-0.015327
,,,2022-12-13 11:59:55.079,-0.010046,-0.021353
,,,2022-12-13 11:59:55.579,-0.008707,-0.027378
,,,2022-12-13 11:59:56.079,-0.008707,-0.011311
,,,2022-12-13 11:59:56.579,-0.013393,-0.014658
,,,2022-12-13 11:59:57.080,-0.009377,-0.018675
,,,2022-12-13 11:59:57.581,-0.013728,-0.009972
,,,2022-12-13 11:59:58.079,-0.011385,-0.009972
,,,2022-12-13 11:59:58.579,-0.00536,-0.015327
,,,2022-12-13 11:59:59.079,-0.013728,-0.02403
,,,2022-12-13 11:59:59.579,-0.021762,-0.005955
,,,2022-12-13 12:00:00.078,-0.00536,-0.019344
,,,2022-12-13 12:00:00.579,-0.014063,-0.032733
,,,2022-12-13 12:00:01.079,-0.009042,-0.011311
,,,2022-12-13 12:00:01.579,-0.012054,-0.013988
,,,2022-12-13 12:00:02.079,-0.009377,-0.009972
,,,2022-12-13 12:00:02.579,-0.018079,-0.007294
,,,2022-12-13 12:00:03.080,-0.012724,-0.044114
,,,2022-12-13 12:00:03.581,-0.009377,-0.028047
,,,2022-12-13 12:00:04.079,-0.014397,-0.032064
,,,2022-12-13 12:00:04.580,-0.009042,-0.013319
,,,2022-12-13 12:00:05.081,-0.009042,-0.030725
,,,2022-12-13 12:00:05.581,-0.009042,-0.005955
,,,2022-12-13 12:00:06.080,-0.016406,-0.015997
,,,2022-12-13 12:00:06.582,-0.018414,-0.014658
,,,2022-12-13 12:00:07.079,-0.010046,-0.015997
,,,2022-12-13 12:00:07.579,-0.006029,-0.015327
,,,2022-12-13 12:00:08.080,-0.018079,-0.011311
,,,2022-12-13 12:00:08.580,-0.00536,-0.003277
,,,2022-12-13 12:00:09.080,-0.013059,-0.019344
,,,2022-12-13 12:00:09.579,-0.006029,-0.009972
,,,2022-12-13 12:00:10.079,-0.00536,-0.022022
,,,2022-12-13 12:00:10.579,-0.015402,-0.009972
,,,2022-12-13 12:00:11.078,-0.009377,-0.02403
,,,2022-12-13 12:00:11.578,-0.009377,-0.0247
,,,2022-12-13 12:00:12.078,-0.014397,-0.020014
,,,2022-12-13 12:00:12.578,-0.011385,-0.009302
,,,2022-12-13 12:00:13.078,-0.014063,-0.02403
,,,2022-12-13 12:00:13.578,-0.010381,-0.018675
,,,2022-12-13 12:00:14.078,-0.009042,-0.015327
,,,2022-12-13 12:00:14.578,-0.01172,-0.009302
,,,2022-12-13 12:00:15.078,-0.008707,-0.023361
,,,2022-12-13 12:00:15.578,-0.022431,-0.007294
,,,2022-12-13 12:00:16.079,-0.010046,-0.036081
,,,2022-12-13 12:00:16.581,-0.009711,-0.005955
,,,2022-12-13 12:00:17.080,-0.013393,-0.007294
,,,2022-12-13 12:00:17.580,-0.017745,-0.023361
,,,2022-12-13 12:00:18.081,-0.010046,-0.023361
,,,2022-12-13 12:00:18.580,-0.005695,-0.006624
,,,2022-12-13 12:00:19.081,-0.019084,-0.007294
,,,2022-12-13 12:00:19.580,-0.014397,-0.027378
,,,2022-12-13 12:00:20.079,-0.014397,-0.015327
,,,2022-12-13 12:00:20.580,-0.010046,-0.031394
,,,2022-12-13 12:00:21.080,-0.009377,-0.020014
,,,2022-12-13 12:00:21.581,-0.019753,-0.009972
,,,2022-12-13 12:00:22.079,-0.012389,-0.025369
,,,2022-12-13 12:00:22.581,-0.012054,-0.015327
,,,2022-12-13 12:00:23.080,-0.009711,-0.019344
,,,2022-12-13 12:00:23.581,-0.008372,-0.005286
,,,2022-12-13 12:00:24.080,-0.013393,-0.002608
,,,2022-12-13 12:00:24.580,-0.012389,-0.013988
,,,2022-12-13 12:00:25.081,-0.009377,-0.009972
,,,2022-12-13 12:00:25.581,-0.018749,-0.02403
,,,2022-12-13 12:00:26.080,-0.00536,-0.014658
,,,2022-12-13 12:00:26.581,-0.007033,-0.022022
,,,2022-12-13 12:00:27.080,-0.005695,-0.020014
,,,2022-12-13 12:00:27.580,-0.011385,-0.010641
,,,2022-12-13 12:00:28.080,-0.020423,-0.018675
,,,2022-12-13 12:00:28.580,-0.014397,-0.0247
,,,2022-12-13 12:00:29.080,-0.015736,-0.005955
,,,2022-12-13 12:00:29.581,-0.009711,-0.033403
,,,2022-12-13 12:00:30.079,-0.009711,-0.015327
,,,2022-12-13 12:00:30.580,-0.007368,-0.009972
,,,2022-12-13 12:00:31.081,-0.007368,-0.026039
,,,2022-12-13 12:00:31.581,-0.01741,-0.014658
,,,2022-12-13 12:00:32.080,-0.014063,-0.015327
,,,2022-12-13 12:00:32.581,-0.00536,-0.020014
,,,2022-12-13 12:00:33.080,-0.008707,-0.019344
,,,2022-12-13 12:00:33.580,-0.014732,-0.005955
,,,2022-12-13 12:00:34.079,-0.009711,-0.015327
,,,2022-12-13 12:00:34.579,-0.013728,-0.009302
,,,2022-12-13 12:00:35.079,-0.009377,-0.013988
,,,2022-12-13 12:00:35.579,-0.009711,-0.019344
,,,2022-12-13 12:00:36.080,-0.018749,-0.014658
,,,2022-12-13 12:00:36.580,-0.00536,-0.006624
,,,2022-12-13 12:00:37.080,-0.00536,-0.018005
,,,2022-12-13 12:00:37.581,-0.009042,-0.010641
,,,2022-12-13 12:00:38.080,-0.009042,-0.006624
,,,2022-12-13 12:00:38.579,-0.016071,-0.015997
,,,2022-12-13 12:00:39.079,-0.00536,-0.009972
,,,2022-12-13 12:00:39.579,-0.014063,-0.01198
,,,2022-12-13 12:00:40.078,-0.005695,-0.006624
,,,2022-12-13 12:00:40.578,-0.009711,-0.018675
,,,2022-12-13 12:00:41.079,-0.01105,-0.006624
,,,2022-12-13 12:00:41.579,-0.013728,-0.006624
,,,2022-12-13 12:00:42.079,-0.015402,-0.034742
,,,2022-12-13 12:00:42.578,-0.013393,-0.018675
,,,2022-12-13 12:00:43.079,-0.009042,-0.010641
,,,2022-12-13 12:00:43.579,-0.013728,-0.015327
,,,2022-12-13 12:00:44.080,-0.009042,-0.009302
,,,2022-12-13 12:00:44.580,-0.009377,-0.005955
,,,2022-12-13 12:00:45.081,-0.014063,-0.025369
,,,2022-12-13 12:00:45.580,-0.010381,-0.030055
,,,2022-12-13 12:00:46.080,-0.031469,-0.010641
,,,2022-12-13 12:00:46.579,-0.010381,-0.020014
,,,2022-12-13 12:00:47.079,-0.009711,-0.018675
,,,2022-12-13 12:00:47.579,-0.019084,-0.010641
,,,2022-12-13 12:00:48.079,-0.013393,-0.019344
,,,2022-12-13 12:00:48.579,-0.008372,-0.019344
,,,2022-12-13 12:00:49.079,-0.010046,-0.017336
,,,2022-12-13 12:00:49.579,-0.009377,-0.011311
,,,2022-12-13 12:00:50.078,-0.009377,-0.0247
,,,2022-12-13 12:00:50.578,-0.026782,-0.017336
,,,2022-12-13 12:00:51.078,-0.012724,-0.041436
,,,2022-12-13 12:00:51.577,-0.010046,-0.015327
,,,2022-12-13 12:00:52.078,-0.012389,-0.02403
,,,2022-12-13 12:00:52.578,-0.00536,-0.016666
,,,2022-12-13 12:00:53.078,-0.010046,-0.005955
,,,2022-12-13 12:00:53.578,-0.010046,-0.01265
,,,2022-12-13 12:00:54.078,-0.009377,-0.01198
,,,2022-12-13 12:00:54.577,-0.009377,-0.015327
,,,2022-12-13 12:00:55.078,-0.014732,-0.020014
,,,2022-12-13 12:00:55.578,-0.013728,-0.015327
,,,2022-12-13 12:00:56.078,-0.010715,-0.005955
,,,2022-12-13 12:00:56.578,-0.009377,-0.032064
,,,2022-12-13 12:00:57.079,-0.009377,-0.010641
,,,2022-12-13 12:00:57.578,-0.009711,-0.015327
,,,2022-12-13 12:00:58.079,-0.009042,-0.014658
,,,2022-12-13 12:00:58.580,-0.014732,-0.009972
,,,2022-12-13 12:00:59.080,-0.019418,-0.016666
,,,2022-12-13 12:00:59.579,-0.005695,-0.015327
,,,2022-12-13 12:01:00.079,-0.005695,-0.005955
,,,2022-12-13 12:01:00.579,-0.013393,-0.018675
,,,2022-12-13 12:01:01.080,-0.009377,-0.015327
,,,2022-12-13 12:01:01.580,-0.010046,-0.015997
,,,2022-12-13 12:01:02.080,-0.009042,-0.020014
,,,2022-12-13 12:01:02.580,-0.00536,-0.010641
,,,2022-12-13 12:01:03.080,-0.013728,-0.013319
,,,2022-12-13 12:01:03.581,-0.012724,-0.010641
,,,2022-12-13 12:01:04.080,-0.014397,-0.015327
,,,2022-12-13 12:01:04.580,-0.026782,-0.013319
,,,2022-12-13 12:01:05.079,-0.009042,-0.009972
,,,2022-12-13 12:01:05.579,-0.01172,-0.020683
,,,2022-12-13 12:01:06.081,-0.009042,-0.010641
,,,2022-12-13 12:01:06.581,-0.006029,-0.015327
,,,2022-12-13 12:01:07.079,-0.010381,-0.020014
,,,2022-12-13 12:01:07.581,-0.01741,-0.044114
,,,2022-12-13 12:01:08.080,-0.013728,-0.005955
,,,2022-12-13 12:01:08.580,-0.005695,-0.033403
,,,2022-12-13 12:01:09.081,-0.009711,-0.005955
,,,2022-12-13 12:01:09.580,-0.013059,-0.014658
,,,2022-12-13 12:01:10.080,-0.009711,-0.013988
,,,2022-12-13 12:01:10.580,-0.017745,-0.018675
,,,2022-12-13 12:01:11.081,-0.009377,-0.039428
,,,2022-12-13 12:01:11.580,-0.009711,-0.014658
,,,2022-12-13 12:01:12.080,-0.014063,-0.017336
,,,2022-12-13 12:01:12.580,-0.012389,-0.015997
,,,2022-12-13 12:01:13.081,-0.01105,-0.001938
,,,2022-12-13 12:01:13.581,-0.00536,-0.015327
,,,2022-12-13 12:01:14.080,-0.009711,-0.015997
,,,2022-12-13 12:01:14.581,-0.01741,-0.010641
,,,2022-12-13 12:01:15.080,-0.009711,-0.015327
,,,2022-12-13 12:01:15.579,-0.009042,-0.01198
,,,2022-12-13 12:01:16.080,-0.006029,-0.0247
,,,2022-12-13 12:01:16.581,-0.009042,-0.015327
,,,2022-12-13 12:01:17.080,-0.010046,-0.022691
,,,2022-12-13 12:01:17.579,-0.00536,-0.014658
,,,2022-12-13 12:01:18.081,-0.018749,-0.009302
,,,2022-12-13 12:01:18.580,-0.009377,-0.020014
,,,2022-12-13 12:01:19.079,-0.00536,-0.029386
,,,2022-12-13 12:01:19.580,-0.024439,-0.016666
,,,2022-12-13 12:01:20.080,-0.009711,-0.028717
,,,2022-12-13 12:01:20.581,-0.009711,-0.020014
,,,2022-12-13 12:01:21.080,-0.010046,-0.015327
,,,2022-12-13 12:01:21.580,-0.009042,-0.018675
,,,2022-12-13 12:01:22.080,-0.012724,-0.027378
,,,2022-12-13 12:01:22.580,-0.009042,-0.011311
,,,2022-12-13 12:01:23.079,-0.009711,-0.0247
,,,2022-12-13 12:01:23.580,-0.014732,-0.015327
,,,2022-12-13 12:01:24.080,-0.014397,-0.013319
,,,2022-12-13 12:01:24.580,-0.009711,-0.006624
,,,2022-12-13 12:01:25.080,-0.009711,-0.027378
,,,2022-12-13 12:01:25.579,-0.007033,-0.023361
,,,2022-12-13 12:01:26.079,-0.00536,-0.02403
,,,2022-12-13 12:01:26.579,-0.017075,-0.018675
,,,2022-12-13 12:01:27.079,-0.010381,-0.013988
,,,2022-12-13 12:01:27.579,-0.018079,-0.032733
,,,2022-12-13 12:01:28.079,-0.018079,-0.018005
,,,2022-12-13 12:01:28.580,-0.016406,-0.010641
,,,2022-12-13 12:01:29.080,-0.015402,-0.035411
,,,2022-12-13 12:01:29.580,-0.009711,-0.028717
,,,2022-12-13 12:01:30.080,-0.009377,-0.038089
,,,2022-12-13 12:01:30.579,-0.021762,-0.025369
,,,2022-12-13 12:01:31.079,-0.005695,-0.021353
,,,2022-12-13 12:01:31.579,-0.014397,-0.015327
,,,2022-12-13 12:01:32.079,-0.013728,-0.013988
,,,2022-12-13 12:01:32.580,-0.016406,-0.013988
,,,2022-12-13 12:01:33.080,-0.012389,-0.005955
,,,2022-12-13 12:01:33.579,-0.008372,-0.015997
,,,2022-12-13 12:01:34.079,-0.022096,-0.020014
,,,2022-12-13 12:01:34.579,-0.010381,-0.014658
,,,2022-12-13 12:01:35.079,-0.020757,-0.021353
,,,2022-12-13 12:01:35.579,-0.014397,-0.02403
,,,2022-12-13 12:01:36.079,-0.009711,-0.005955
,,,2022-12-13 12:01:36.580,-0.009377,-0.017336
,,,2022-12-13 12:01:37.079,-0.009711,-0.016666
,,,2022-12-13 12:01:37.579,-0.012724,-0.001938
,,,2022-12-13 12:01:38.080,-0.009042,-0.016666
,,,2022-12-13 12:01:38.580,-0.010715,-0.014658
,,,2022-12-13 12:01:39.080,-0.013728,-0.006624
,,,2022-12-13 12:01:39.580,-0.005695,-0.005955
,,,2022-12-13 12:01:40.080,-0.00536,-0.005955
,,,2022-12-13 12:01:40.579,-0.010046,-0.007963
,,,2022-12-13 12:01:41.078,-0.010046,-0.015997
,,,2022-12-13 12:01:41.578,-0.010381,-0.005955
,,,2022-12-13 12:01:42.078,-0.014397,-0.009972
,,,2022-12-13 12:01:42.578,-0.006699,-0.010641
,,,2022-12-13 12:01:43.078,-0.008372,-0.015327
,,,2022-12-13 12:01:43.578,-0.00536,-0.0247
,,,2022-12-13 12:01:44.079,-0.028121,-0.01265
,,,2022-12-13 12:01:44.579,-0.014063,-0.010641
,,,2022-12-13 12:01:45.080,-0.014732,-0.033403
,,,2022-12-13 12:01:45.581,-0.00536,-0.020683
,,,2022-12-13 12:01:46.081,-0.009042,-0.02403
,,,2022-12-13 12:01:46.581,-0.009377,-0.001938
,,,2022-12-13 12:01:47.081,-0.014063,-0.006624
,,,2022-12-13 12:01:47.580,-0.00536,-0.017336
,,,2022-12-13 12:01:48.081,-0.00536,-0.013988
,,,2022-12-13 12:01:48.581,-0.014063,-0.005955
,,,2022-12-13 12:01:49.080,-0.01172,-0.014658
,,,2022-12-13 12:01:49.580,-0.00536,-0.027378
,,,2022-12-13 12:01:50.079,-0.009711,-0.015327
,,,2022-12-13 12:01:50.579,-0.009377,-0.020683
,,,2022-12-13 12:01:51.080,-0.00536,-0.032064
,,,2022-12-13 12:01:51.580,-0.013393,-0.02403
,,,2022-12-13 12:01:52.079,-0.014397,-0.006624
,,,2022-12-13 12:01:52.579,-0.010715,-0.029386
,,,2022-12-13 12:01:53.079,-0.014063,-0.021353
,,,2022-12-13 12:01:53.579,-0.027787,-0.006624
,,,2022-12-13 12:01:54.079,-0.016406,-0.010641
,,,2022-12-13 12:01:54.579,-0.033477,-0.023361
,,,2022-12-13 12:01:55.079,-0.008707,-0.006624
,,,2022-12-13 12:01:55.579,-0.01105,-0.026039
,,,2022-12-13 12:01:56.081,-0.006029,-0.015327
,,,2022-12-13 12:01:56.581,-0.008707,-0.017336
,,,2022-12-13 12:01:57.080,-0.0231,-0.020683
,,,2022-12-13 12:01:57.580,-0.00536,-0.007294
,,,2022-12-13 12:01:58.081,-0.009377,-0.008633
,,,2022-12-13 12:01:58.580,-0.01172,-0.015327
,,,2022-12-13 12:01:59.080,-0.014063,-0.010641
,,,2022-12-13 12:01:59.580,-0.00536,-0.022691
,,,2022-12-13 12:02:00.081,-0.009377,-0.020683
,,,2022-12-13 12:02:00.579,-0.009711,-0.001938
,,,2022-12-13 12:02:01.080,-0.018079,-0.018675
,,,2022-12-13 12:02:01.579,-0.013059,-0.006624
,,,2022-12-13 12:02:02.080,-0.009711,-0.010641
,,,2022-12-13 12:02:02.581,-0.01172,-0.025369
,,,2022-12-13 12:02:03.081,-0.00536,-0.01198
,,,2022-12-13 12:02:03.580,-0.013728,-0.010641
,,,2022-12-13 12:02:04.080,-0.010715,-0.009972
,,,2022-12-13 12:02:04.580,-0.017745,-0.009972
,,,2022-12-13 12:02:05.080,-0.035151,-0.046122
,,,2022-12-13 12:02:05.580,-0.00536,-0.017336
,,,2022-12-13 12:02:06.080,-0.008707,-0.028717
,,,2022-12-13 12:02:06.580,-0.012724,-0.009972
,,,2022-12-13 12:02:07.080,-0.01105,-0.006624
,,,2022-12-13 12:02:07.580,-0.00536,-0.023361
,,,2022-12-13 12:02:08.079,-0.009711,-0.0247
,,,2022-12-13 12:02:08.580,-0.009711,-0.019344
,,,2022-12-13 12:02:09.079,-0.015736,-0.005286
,,,2022-12-13 12:02:09.580,-0.009377,-0.014658
,,,2022-12-13 12:02:10.080,-0.014732,-0.029386
,,,2022-12-13 12:02:10.580,-0.013393,-0.002608
,,,2022-12-13 12:02:11.079,-0.020088,-0.015327
,,,2022-12-13 12:02:11.579,-0.010381,-0.020683
,,,2022-12-13 12:02:12.080,-0.009042,-0.015327
,,,2022-12-13 12:02:12.580,-0.013728,-0.034072
,,,2022-12-13 12:02:13.081,-0.013393,-0.023361
,,,2022-12-13 12:02:13.580,-0.00536,-0.020014
,,,2022-12-13 12:02:14.080,-0.014063,-0.007294
,,,2022-12-13 12:02:14.581,-0.010046,-0.029386
,,,2022-12-13 12:02:15.080,-0.020757,-0.0247
,,,2022-12-13 12:02:15.580,-0.014397,-0.015327
,,,2022-12-13 12:02:16.080,-0.009042,-0.0247
,,,2022-12-13 12:02:16.580,-0.014397,-0.016666
,,,2022-12-13 12:02:17.080,-0.008707,-0.028717
,,,2022-12-13 12:02:17.580,-0.010381,-0.020683
,,,2022-12-13 12:02:18.079,-0.005695,-0.034742
,,,2022-12-13 12:02:18.579,-0.008707,-0.020014
,,,2022-12-13 12:02:19.079,-0.009377,-0.020683
,,,2022-12-13 12:02:19.579,-0.013393,-0.007963
,,,2022-12-13 12:02:20.079,-0.00536,-0.029386
,,,2022-12-13 12:02:20.579,-0.008372,-0.0247
,,,2022-12-13 12:02:21.080,-0.013059,-0.022691
,,,2022-12-13 12:02:21.579,-0.009042,-0.018675
,,,2022-12-13 12:02:22.079,-0.009377,-0.011311
,,,2022-12-13 12:02:22.580,-0.009711,-0.005955
,,,2022-12-13 12:02:23.080,-0.009711,-0.005955
,,,2022-12-13 12:02:23.580,-0.009042,-0.01265
,,,2022-12-13 12:02:24.079,-0.00536,-0.009972
,,,2022-12-13 12:02:24.578,-0.010381,-0.01198
,,,2022-12-13 12:02:25.078,-0.009377,-0.014658
,,,2022-12-13 12:02:25.578,-0.009042,-0.0247
,,,2022-12-13 12:02:26.078,-0.012389,-0.01265
,,,2022-12-13 12:02:26.578,-0.010046,-0.020683
,,,2022-12-13 12:02:27.078,-0.013728,-0.015327
,,,2022-12-13 12:02:27.578,-0.016406,-0.014658
,,,2022-12-13 12:02:28.079,-0.009711,-0.015327
,,,2022-12-13 12:02:28.580,-0.012724,-0.020683
,,,2022-12-13 12:02:29.080,-0.009711,-0.005955
,,,2022-12-13 12:02:29.581,-0.009711,-0.018005
,,,2022-12-13 12:02:30.079,-0.016741,-0.009972
,,,2022-12-13 12:02:30.580,-0.009042,-0.020683
,,,2022-12-13 12:02:31.079,-0.005695,-0.02403
,,,2022-12-13 12:02:31.580,-0.012724,-0.007963
,,,2022-12-13 12:02:32.080,-0.007033,-0.016666
,,,2022-12-13 12:02:32.579,-0.00536,-0.022022
,,,2022-12-13 12:02:33.079,-0.009711,-0.028047
,,,2022-12-13 12:02:33.580,-0.005695,-0.015327
,,,2022-12-13 12:02:34.079,-0.009377,-0.029386
,,,2022-12-13 12:02:34.579,-0.017745,-0.020014
,,,2022-12-13 12:02:35.080,-0.009711,-0.028047
,,,2022-12-13 12:02:35.580,-0.009042,-0.011311
,,,2022-12-13 12:02:36.080,-0.014397,-0.009972
,,,2022-12-13 12:02:36.580,-0.014397,-0.006624
,,,2022-12-13 12:02:37.080,-0.013393,-0.015327
,,,2022-12-13 12:02:37.580,-0.00536,-0.015327
,,,2022-12-13 12:02:38.079,-0.016071,-0.020683
,,,2022-12-13 12:02:38.580,-0.006029,-0.020683
,,,2022-12-13 12:02:39.080,-0.018079,-0.023361
,,,2022-12-13 12:02:39.580,-0.012054,-0.020014
,,,2022-12-13 12:02:40.080,-0.013059,-0.019344
,,,2022-12-13 12:02:40.579,-0.013393,-0.01265
,,,2022-12-13 12:02:41.080,-0.009711,-0.01198
,,,2022-12-13 12:02:41.579,-0.017745,-0.02403
,,,2022-12-13 12:02:42.079,-0.009042,-0.023361
,,,2022-12-13 12:02:42.580,-0.019418,-0.013319
,,,2022-12-13 12:02:43.080,-0.00536,-0.01198
,,,2022-12-13 12:02:43.582,-0.005695,-0.006624
,,,2022-12-13 12:02:44.079,-0.018749,-0.009972
,,,2022-12-13 12:02:44.580,-0.010715,-0.016666
,,,2022-12-13 12:02:45.079,-0.009377,-0.015327
,,,2022-12-13 12:02:45.579,-0.008707,-0.007963
,,,2022-12-13 12:02:46.079,-0.009711,-0.042775
,,,2022-12-13 12:02:46.579,-0.005695,-0.014658
,,,2022-12-13 12:02:47.080,-0.013393,-0.011311
,,,2022-12-13 12:02:47.581,-0.005695,-0.033403
,,,2022-12-13 12:02:48.081,-0.009711,-0.009972
,,,2022-12-13 12:02:48.581,-0.005695,-0.017336
,,,2022-12-13 12:02:49.080,-0.014397,-0.015327
,,,2022-12-13 12:02:49.580,-0.006364,-0.028717
,,,2022-12-13 12:02:50.080,-0.009377,-0.017336
,,,2022-12-13 12:02:50.579,-0.010046,-0.011311
,,,2022-12-13 12:02:51.080,-0.009377,-0.009302
,,,2022-12-13 12:02:51.581,-0.010381,-0.023361
,,,2022-12-13 12:02:52.080,-0.009377,-0.007294
,,,2022-12-13 12:02:52.580,-0.009377,-0.020014
,,,2022-12-13 12:02:53.079,-0.009711,-0.022022
,,,2022-12-13 12:02:53.580,-0.009377,-0.011311
,,,2022-12-13 12:02:54.081,-0.009377,-0.044114
,,,2022-12-13 12:02:54.580,-0.01105,-0.01265
,,,2022-12-13 12:02:55.081,-0.008707,-0.01265
,,,2022-12-13 12:02:55.579,-0.014732,-0.02403
,,,2022-12-13 12:02:56.080,-0.009711,-0.02403
,,,2022-12-13 12:02:56.580,-0.009042,-0.01198
,,,2022-12-13 12:02:57.081,-0.00536,-0.011311
,,,2022-12-13 12:02:57.581,-0.010046,-0.027378
,,,2022-12-13 12:02:58.080,-0.009042,-0.0247
,,,2022-12-13 12:02:58.580,-0.009042,-0.02403
,,,2022-12-13 12:02:59.080,-0.008707,-0.010641
,,,2022-12-13 12:02:59.580,-0.014732,-0.006624
,,,2022-12-13 12:03:00.080,-0.009042,-0.028047
,,,2022-12-13 12:03:00.581,-0.009377,-0.020014
,,,2022-12-13 12:03:01.080,-0.00536,-0.009972
,,,2022-12-13 12:03:01.580,-0.018749,-0.0247
,,,2022-12-13 12:03:02.079,-0.026782,-0.033403
,,,2022-12-13 12:03:02.579,-0.009377,-0.019344
,,,2022-12-13 12:03:03.079,-0.009711,-0.01198
,,,2022-12-13 12:03:03.579,-0.006364,-0.009972
,,,2022-12-13 12:03:04.079,-0.019753,-0.01198
,,,2022-12-13 12:03:04.580,-0.009377,-0.015327
,,,2022-12-13 12:03:05.079,-0.005695,-0.013319
,,,2022-12-13 12:03:05.579,-0.010715,-0.005955
,,,2022-12-13 12:03:06.079,-0.018079,-0.030055
,,,2022-12-13 12:03:06.580,-0.017075,-0.005955
,,,2022-12-13 12:03:07.080,-0.010715,-0.019344
,,,2022-12-13 12:03:07.580,-0.013393,-0.015327
,,,2022-12-13 12:03:08.079,-0.010381,-0.010641
,,,2022-12-13 12:03:08.580,-0.00536,-0.035411
,,,2022-12-13 12:03:09.080,-0.009042,-0.005286
,,,2022-12-13 12:03:09.581,-0.009711,-0.02403
,,,2022-12-13 12:03:10.079,-0.022431,-0.015997
,,,2022-12-13 12:03:10.580,-0.010381,-0.013988
,,,2022-12-13 12:03:11.081,-0.009711,-0.0247
,,,2022-12-13 12:03:11.581,-0.01172,-0.009302
,,,2022-12-13 12:03:12.080,-0.014063,-0.007963
,,,2022-12-13 12:03:12.581,-0.013728,-0.020014
,,,2022-12-13 12:03:13.080,-0.009711,-0.013988
,,,2022-12-13 12:03:13.579,-0.00536,-0.02403
,,,2022-12-13 12:03:14.079,-0.009377,-0.018675
,,,2022-12-13 12:03:14.581,-0.013728,-0.032064
,,,2022-12-13 12:03:15.081,-0.008707,-0.011311
,,,2022-12-13 12:03:15.581,-0.005695,-0.034742
,,,2022-12-13 12:03:16.079,-0.017075,-0.007963
,,,2022-12-13 12:03:16.579,-0.014397,-0.020014
,,,2022-12-13 12:03:17.079,-0.013393,-0.028717
,,,2022-12-13 12:03:17.579,-0.009042,-0.005955
,,,2022-12-13 12:03:18.079,-0.010715,-0.015327
,,,2022-12-13 12:03:18.579,-0.010381,-0.016666
,,,2022-12-13 12:03:19.080,-0.022766,-0.020014
,,,2022-12-13 12:03:19.580,-0.009042,-0.028717
,,,2022-12-13 12:03:20.080,-0.011385,-0.006624
,,,2022-12-13 12:03:20.580,-0.014732,-0.013988
,,,2022-12-13 12:03:21.081,-0.006029,-0.040097
,,,2022-12-13 12:03:21.579,-0.010046,-0.005955
,,,2022-12-13 12:03:22.079,-0.009042,-0.011311
,,,2022-12-13 12:03:22.579,-0.016741,-0.016666
,,,2022-12-13 12:03:23.080,-0.008707,-0.015327
,,,2022-12-13 12:03:23.580,-0.015067,-0.011311
,,,2022-12-13 12:03:24.079,-0.015736,-0.001938
,,,2022-12-13 12:03:24.579,-0.009377,-0.020014
,,,2022-12-13 12:03:25.079,-0.009711,-0.034072
,,,2022-12-13 12:03:25.579,-0.018079,-0.008633
,,,2022-12-13 12:03:26.079,-0.009042,-0.009972
,,,2022-12-13 12:03:26.579,-0.009377,-0.015327
,,,2022-12-13 12:03:27.079,-0.009711,-0.0247
,,,2022-12-13 12:03:27.580,-0.00536,-0.014658
,,,2022-12-13 12:03:28.080,-0.01105,-0.010641
,,,2022-12-13 12:03:28.579,-0.018749,-0.013319
,,,2022-12-13 12:03:29.079,-0.018079,-0.015327
,,,2022-12-13 12:03:29.580,-0.009377,-0.006624
,,,2022-12-13 12:03:30.080,-0.005695,-0.01265
,,,2022-12-13 12:03:30.580,-0.01741,-0.005955
,,,2022-12-13 12:03:31.081,-0.010046,-0.02403
,,,2022-12-13 12:03:31.580,-0.026448,-0.002608
,,,2022-12-13 12:03:32.080,-0.009711,-0.015997
,,,2022-12-13 12:03:32.579,-0.009377,-0.002608
,,,2022-12-13 12:03:33.080,-0.009711,-0.015327
,,,2022-12-13 12:03:33.582,-0.008372,-0.019344
,,,2022-12-13 12:03:34.084,-0.006029,-0.014658
,,,2022-12-13 12:03:34.580,-0.006029,-0.014658
,,,2022-12-13 12:03:35.080,-0.016406,-0.016666
,,,2022-12-13 12:03:35.580,-0.009377,-0.010641
,,,2022-12-13 12:03:36.083,-0.009377,-0.030725
,,,2022-12-13 12:03:36.582,-0.008707,-0.010641
,,,2022-12-13 12:03:37.083,-0.014397,-0.007963
,,,2022-12-13 12:03:37.581,-0.012724,-0.005955
,,,2022-12-13 12:03:38.082,-0.014063,-0.015327
,,,2022-12-13 12:03:38.581,-0.010046,-0.005955
,,,2022-12-13 12:03:39.082,-0.009711,-0.015327
,,,2022-12-13 12:03:39.581,-0.009711,-0.005955
,,,2022-12-13 12:03:40.083,-0.021762,-0.031394
,,,2022-12-13 12:03:40.580,-0.010046,-0.014658
,,,2022-12-13 12:03:41.080,-0.00536,-0.014658
,,,2022-12-13 12:03:41.579,-0.013393,-0.023361
,,,2022-12-13 12:03:42.081,-0.012389,-0.01198
,,,2022-12-13 12:03:42.582,-0.014397,-0.018675
,,,2022-12-13 12:03:43.082,-0.009711,-0.020683
,,,2022-12-13 12:03:43.581,-0.014063,-0.010641
,,,2022-12-13 12:03:44.081,-0.014397,-0.009302
,,,2022-12-13 12:03:44.580,-0.009711,-0.015997
,,,2022-12-13 12:03:45.081,-0.010381,-0.020014
,,,2022-12-13 12:03:45.581,-0.009377,-0.018005
,,,2022-12-13 12:03:46.081,-0.015067,-0.026708
,,,2022-12-13 12:03:46.580,-0.017075,-0.005955
,,,2022-12-13 12:03:47.080,-0.018749,-0.005955
,,,2022-12-13 12:03:47.580,-0.019418,-0.010641
,,,2022-12-13 12:03:48.080,-0.014397,-0.015327
,,,2022-12-13 12:03:48.582,-0.017745,-0.015327
,,,2022-12-13 12:03:49.080,-0.009042,-0.015997
,,,2022-12-13 12:03:49.580,-0.014732,-0.015327
,,,2022-12-13 12:03:50.081,-0.009711,-0.015327
,,,2022-12-13 12:03:50.580,-0.00536,-0.01265
,,,2022-12-13 12:03:51.080,-0.013728,-0.009302
,,,2022-12-13 12:03:51.580,-0.009377,-0.030055
,,,2022-12-13 12:03:52.081,-0.009711,-0.015997
,,,2022-12-13 12:03:52.579,-0.010046,-0.027378
,,,2022-12-13 12:03:53.079,-0.009377,-0.011311
,,,2022-12-13 12:03:53.580,-0.018414,-0.022022
,,,2022-12-13 12:03:54.080,-0.014063,-0.029386
,,,2022-12-13 12:03:54.580,-0.022431,-0.022691
,,,2022-12-13 12:03:55.080,-0.020423,-0.009972
,,,2022-12-13 12:03:55.579,-0.018079,-0.010641
,,,2022-12-13 12:03:56.080,-0.016406,-0.02403
,,,2022-12-13 12:03:56.580,-0.005695,-0.011311
,,,2022-12-13 12:03:57.080,-0.009042,-0.018675
,,,2022-12-13 12:03:57.579,-0.013728,-0.019344
,,,2022-12-13 12:03:58.079,-0.018749,-0.014658
,,,2022-12-13 12:03:58.579,-0.018749,-0.018005
,,,2022-12-13 12:03:59.080,-0.005695,-0.02403
,,,2022-12-13 12:03:59.580,-0.009377,-0.034742
,,,2022-12-13 12:04:00.079,-0.009711,-0.019344
,,,2022-12-13 12:04:00.579,-0.01172,-0.020014
,,,2022-12-13 12:04:01.080,-0.0231,-0.010641
,,,2022-12-13 12:04:01.580,-0.018749,-0.02403
,,,2022-12-13 12:04:02.080,-0.009377,-0.015327
,,,2022-12-13 12:04:02.579,-0.009042,-0.015997
,,,2022-12-13 12:04:03.079,-0.009377,-0.020014
,,,2022-12-13 12:04:03.580,-0.009377,-0.020683
,,,2022-12-13 12:04:04.080,-0.006029,-0.006624
,,,2022-12-13 12:04:04.580,-0.02377,-0.013319
,,,2022-12-13 12:04:05.081,-0.008707,-0.015997
,,,2022-12-13 12:04:05.580,-0.009377,-0.028717
,,,2022-12-13 12:04:06.079,-0.021762,-0.010641
,,,2022-12-13 12:04:06.579,-0.013393,-0.013319
,,,2022-12-13 12:04:07.079,-0.00536,-0.007963
,,,2022-12-13 12:04:07.579,-0.018079,-0.023361
,,,2022-12-13 12:04:08.080,-0.012724,-0.009972
,,,2022-12-13 12:04:08.581,-0.010715,-0.028047
,,,2022-12-13 12:04:09.080,-0.013728,-0.010641
,,,2022-12-13 12:04:09.580,-0.008707,-0.013988
,,,2022-12-13 12:04:10.080,-0.014397,-0.033403
,,,2022-12-13 12:04:10.581,-0.013728,-0.003277
,,,2022-12-13 12:04:11.079,-0.009711,-0.005955
,,,2022-12-13 12:04:11.579,-0.009711,-0.006624
,,,2022-12-13 12:04:12.080,-0.009377,-0.020014
,,,2022-12-13 12:04:12.580,-0.010046,-0.009972
,,,2022-12-13 12:04:13.080,-0.01105,-0.014658
,,,2022-12-13 12:04:13.580,-0.013728,-0.0247
,,,2022-12-13 12:04:14.079,-0.008707,-0.01198
,,,2022-12-13 12:04:14.579,-0.015402,-0.010641
,,,2022-12-13 12:04:15.079,-0.014063,-0.011311
,,,2022-12-13 12:04:15.579,-0.005695,-0.010641
,,,2022-12-13 12:04:16.079,-0.008707,-0.010641
,,,2022-12-13 12:04:16.579,-0.008707,-0.020014
,,,2022-12-13 12:04:17.079,-0.010381,-0.020683
,,,2022-12-13 12:04:17.579,-0.006364,-0.010641
,,,2022-12-13 12:04:18.078,-0.009042,-0.011311
,,,2022-12-13 12:04:18.578,-0.018079,-0.009972
,,,2022-12-13 12:04:19.078,-0.009377,-0.020014
,,,2022-12-13 12:04:19.578,-0.021762,-0.018675
,,,2022-12-13 12:04:20.078,-0.009711,-0.010641
,,,2022-12-13 12:04:20.577,-0.009042,-0.015327
,,,2022-12-13 12:04:21.078,-0.013059,-0.006624
,,,2022-12-13 12:04:21.579,-0.018749,-0.030055
,,,2022-12-13 12:04:22.078,-0.010715,-0.028047
,,,2022-12-13 12:04:22.579,-0.010715,-0.007963
,,,2022-12-13 12:04:23.080,-0.013393,-0.023361
,,,2022-12-13 12:04:23.579,-0.009711,-0.011311
,,,2022-12-13 12:04:24.079,-0.009377,-0.014658
,,,2022-12-13 12:04:24.579,-0.018079,-0.014658
,,,2022-12-13 12:04:25.079,-0.009711,-0.009972
,,,2022-12-13 12:04:25.579,-0.016071,-0.006624
,,,2022-12-13 12:04:26.079,-0.009377,-0.015327
,,,2022-12-13 12:04:26.579,-0.010046,-0.010641
,,,2022-12-13 12:04:27.078,-0.009377,-0.014658
,,,2022-12-13 12:04:27.579,-0.019753,-0.009302
,,,2022-12-13 12:04:28.078,-0.01105,-0.01198
,,,2022-12-13 12:04:28.578,-0.005695,-0.011311
,,,2022-12-13 12:04:29.079,-0.005695,-0.005955
,,,2022-12-13 12:04:29.579,-0.009711,-0.039428
,,,2022-12-13 12:04:30.078,-0.009711,-0.015997
,,,2022-12-13 12:04:30.578,-0.010715,-0.01198
,,,2022-12-13 12:04:31.078,-0.01105,-0.015327
,,,2022-12-13 12:04:31.579,-0.007703,-0.03675
,,,2022-12-13 12:04:32.080,-0.009377,-0.027378
,,,2022-12-13 12:04:32.581,-0.008707,-0.01265
,,,2022-12-13 12:04:33.080,-0.009377,-0.010641
,,,2022-12-13 12:04:33.580,-0.010381,-0.034072
,,,2022-12-13 12:04:34.079,-0.014063,-0.014658
,,,2022-12-13 12:04:34.581,-0.01105,-0.005955
,,,2022-12-13 12:04:35.081,-0.008707,-0.016666
,,,2022-12-13 12:04:35.580,-0.013728,-0.025369
,,,2022-12-13 12:04:36.081,-0.012389,-0.019344
,,,2022-12-13 12:04:36.580,-0.009377,-0.011311
,,,2022-12-13 12:04:37.079,-0.019418,-0.013319
,,,2022-12-13 12:04:37.580,-0.014063,-0.029386
,,,2022-12-13 12:04:38.079,-0.014063,-0.020683
,,,2022-12-13 12:04:38.580,-0.019084,-0.025369
,,,2022-12-13 12:04:39.080,-0.009377,-0.005955
,,,2022-12-13 12:04:39.580,-0.009377,-0.020014
,,,2022-12-13 12:04:40.080,-0.014732,-0.005955
,,,2022-12-13 12:04:40.578,-0.009377,-0.021353
,,,2022-12-13 12:04:41.079,-0.010715,-0.005955
,,,2022-12-13 12:04:41.580,-0.005695,-0.013988
,,,2022-12-13 12:04:42.080,-0.014397,-0.014658
,,,2022-12-13 12:04:42.581,-0.014063,-0.0247
,,,2022-12-13 12:04:43.079,-0.009042,-0.014658
,,,2022-12-13 12:04:43.580,-0.00536,-0.014658
,,,2022-12-13 12:04:44.080,-0.014397,-0.015327
,,,2022-12-13 12:04:44.580,-0.010046,-0.015327
,,,2022-12-13 12:04:45.081,-0.019753,-0.020683
,,,2022-12-13 12:04:45.580,-0.013393,-0.005955
,,,2022-12-13 12:04:46.079,-0.031134,-0.020683
,,,2022-12-13 12:04:46.579,-0.012054,-0.005955
,,,2022-12-13 12:04:47.079,-0.009042,-0.009972
,,,2022-12-13 12:04:47.579,-0.01172,-0.026708
,,,2022-12-13 12:04:48.079,-0.00536,-0.006624
,,,2022-12-13 12:04:48.579,-0.008707,-0.025369
,,,2022-12-13 12:04:49.079,-0.009377,-0.026708
,,,2022-12-13 12:04:49.579,-0.00536,-0.022691
,,,2022-12-13 12:04:50.080,-0.015067,-0.010641
,,,2022-12-13 12:04:50.579,-0.013728,-0.015327
,,,2022-12-13 12:04:51.080,-0.00536,-0.015997
,,,2022-12-13 12:04:51.580,-0.019084,-0.011311
,,,2022-12-13 12:04:52.079,-0.016071,-0.025369
,,,2022-12-13 12:04:52.579,-0.005695,-0.020014
,,,2022-12-13 12:04:53.079,-0.008707,-0.022022
,,,2022-12-13 12:04:53.579,-0.009377,-0.010641
,,,2022-12-13 12:04:54.079,-0.0231,-0.009972
,,,2022-12-13 12:04:54.579,-0.005695,-0.018005
,,,2022-12-13 12:04:55.080,-0.00536,-0.018005
,,,2022-12-13 12:04:55.581,-0.00536,-0.038758
,,,2022-12-13 12:04:56.080,-0.022431,-0.025369
,,,2022-12-13 12:04:56.581,-0.016071,-0.02403
,,,2022-12-13 12:04:57.081,-0.014397,-0.028047
,,,2022-12-13 12:04:57.579,-0.008372,-0.015327
,,,2022-12-13 12:04:58.080,-0.010381,-0.010641
,,,2022-12-13 12:04:58.581,-0.01105,-0.015327
,,,2022-12-13 12:04:59.079,-0.009377,-0.005955
,,,2022-12-13 12:04:59.579,-0.008707,-0.018675
,,,2022-12-13 12:05:00.079,-0.009377,-0.010641
,,,2022-12-13 12:05:00.579,-0.009042,-0.007294
,,,2022-12-13 12:05:01.079,-0.006029,-0.009302
,,,2022-12-13 12:05:01.580,-0.017745,-0.002608
,,,2022-12-13 12:05:02.080,-0.013728,-0.011311
,,,2022-12-13 12:05:02.581,-0.01105,-0.011311
,,,2022-12-13 12:05:03.081,-0.012389,-0.0488
,,,2022-12-13 12:05:03.580,-0.007033,-0.010641
,,,2022-12-13 12:05:04.081,-0.009711,-0.015997
,,,2022-12-13 12:05:04.581,-0.013393,-0.026039
,,,2022-12-13 12:05:05.197,-0.009711,-0.005955
,,,2022-12-13 12:05:05.639,-0.005695,-0.034072
,,,2022-12-13 12:05:06.081,-0.01105,-0.009972
,,,2022-12-13 12:05:06.580,-0.009711,-0.038089
,,,2022-12-13 12:05:07.080,-0.015067,-0.023361
,,,2022-12-13 12:05:07.580,-0.024439,-0.005955
,,,2022-12-13 12:05:08.080,-0.014732,-0.014658
,,,2022-12-13 12:05:08.580,-0.010046,-0.018675
,,,2022-12-13 12:05:09.080,-0.00536,-0.0247
,,,2022-12-13 12:05:09.580,-0.005695,-0.006624
,,,2022-12-13 12:05:10.079,-0.010046,-0.015327
,,,2022-12-13 12:05:10.579,-0.006029,-0.034072
,,,2022-12-13 12:05:11.080,-0.005695,-0.014658
,,,2022-12-13 12:05:11.580,-0.010046,-0.015997
,,,2022-12-13 12:05:12.079,-0.009377,-0.005955
,,,2022-12-13 12:05:12.579,-0.013393,-0.005955
,,,2022-12-13 12:05:13.079,-0.018079,-0.019344
,,,2022-12-13 12:05:13.579,-0.00536,-0.009972
,,,2022-12-13 12:05:14.079,-0.015736,-0.009302
,,,2022-12-13 12:05:14.579,-0.018079,-0.011311
,,,2022-12-13 12:05:15.079,-0.008372,-0.006624
,,,2022-12-13 12:05:15.579,-0.009377,-0.011311
,,,2022-12-13 12:05:16.079,-0.017745,-0.01265
,,,2022-12-13 12:05:16.579,-0.009711,-0.023361
,,,2022-12-13 12:05:17.078,-0.009711,-0.020014
,,,2022-12-13 12:05:17.579,-0.00536,-0.006624
,,,2022-12-13 12:05:18.079,-0.009711,-0.014658
,,,2022-12-13 12:05:18.579,-0.01172,-0.020683
,,,2022-12-13 12:05:19.079,-0.00536,-0.014658
,,,2022-12-13 12:05:19.580,-0.010381,-0.009302
,,,2022-12-13 12:05:20.081,-0.014397,-0.014658
,,,2022-12-13 12:05:20.579,-0.009042,-0.006624
,,,2022-12-13 12:05:21.080,-0.014397,-0.015997
,,,2022-12-13 12:05:21.580,-0.005695,-0.023361
,,,2022-12-13 12:05:22.081,-0.008372,-0.014658
,,,2022-12-13 12:05:22.580,-0.009377,-0.005955
,,,2022-12-13 12:05:23.082,-0.00536,-0.032064
,,,2022-12-13 12:05:23.580,-0.010381,-0.015327
,,,2022-12-13 12:05:24.081,-0.013393,-0.011311
,,,2022-12-13 12:05:24.579,-0.010046,-0.010641
,,,2022-12-13 12:05:25.080,-0.027452,-0.018675
,,,2022-12-13 12:05:25.580,-0.009042,-0.022691
,,,2022-12-13 12:05:26.079,-0.013059,-0.014658
,,,2022-12-13 12:05:26.580,-0.00536,-0.014658
,,,2022-12-13 12:05:27.080,-0.008372,-0.030055
,,,2022-12-13 12:05:27.580,-0.009042,-0.019344
,,,2022-12-13 12:05:28.079,-0.009711,-0.01265
,,,2022-12-13 12:05:28.579,-0.009377,-0.022691
,,,2022-12-13 12:05:29.080,-0.013059,-0.038089
,,,2022-12-13 12:05:29.581,-0.010046,-0.020014
,,,2022-12-13 12:05:30.081,-0.010046,-0.005955
,,,2022-12-13 12:05:30.579,-0.010046,-0.018005
,,,2022-12-13 12:05:31.079,-0.019753,-0.006624
,,,2022-12-13 12:05:31.581,-0.009377,-0.007963
,,,2022-12-13 12:05:32.080,-0.009042,-0.015997
,,,2022-12-13 12:05:32.581,-0.018079,-0.013988
,,,2022-12-13 12:05:33.079,-0.012389,-0.019344
,,,2022-12-13 12:05:33.580,-0.014732,-0.019344
,,,2022-12-13 12:05:34.080,-0.020088,-0.005955
,,,2022-12-13 12:05:34.579,-0.010381,-0.019344
,,,2022-12-13 12:05:35.080,-0.01172,-0.009302
,,,2022-12-13 12:05:35.581,-0.010046,-0.014658
,,,2022-12-13 12:05:36.080,-0.014397,-0.020014
,,,2022-12-13 12:05:36.580,-0.013728,-0.011311
,,,2022-12-13 12:05:37.080,-0.013059,-0.020014
,,,2022-12-13 12:05:37.580,-0.012054,-0.010641
,,,2022-12-13 12:05:38.079,-0.014397,-0.006624
,,,2022-12-13 12:05:38.580,-0.010715,-0.010641
,,,2022-12-13 12:05:39.080,-0.014732,-0.028717
,,,2022-12-13 12:05:39.580,-0.013728,-0.014658
,,,2022-12-13 12:05:40.078,-0.009711,-0.015997
,,,2022-12-13 12:05:40.578,-0.009377,-0.005955
,,,2022-12-13 12:05:41.078,-0.009042,-0.032733
,,,2022-12-13 12:05:41.579,-0.008707,-0.023361
,,,2022-12-13 12:05:42.079,-0.00536,-0.018005
,,,2022-12-13 12:05:42.579,-0.005695,-0.023361
,,,2022-12-13 12:05:43.079,-0.00536,-0.013988
,,,2022-12-13 12:05:43.579,-0.008707,-0.041436
,,,2022-12-13 12:05:44.081,-0.009042,-0.010641
,,,2022-12-13 12:05:44.581,-0.011385,-0.015327
,,,2022-12-13 12:05:45.080,-0.010381,-0.015997
,,,2022-12-13 12:05:45.581,-0.009042,-0.021353
,,,2022-12-13 12:05:46.080,-0.013393,-0.028047
,,,2022-12-13 12:05:46.579,-0.010381,-0.010641
,,,2022-12-13 12:05:47.079,-0.010046,-0.015997
,,,2022-12-13 12:05:47.580,-0.017075,-0.029386
,,,2022-12-13 12:05:48.079,-0.010046,-0.01265
,,,2022-12-13 12:05:48.580,-0.005695,-0.019344
,,,2022-12-13 12:05:49.080,-0.013393,-0.019344
,,,2022-12-13 12:05:49.580,-0.01172,-0.015327
,,,2022-12-13 12:05:50.079,-0.009042,-0.010641
,,,2022-12-13 12:05:50.579,-0.015736,-0.008633
,,,2022-12-13 12:05:51.080,-0.009711,-0.020014
,,,2022-12-13 12:05:51.580,-0.006029,-0.028717
,,,2022-12-13 12:05:52.079,-0.026782,-0.015327
,,,2022-12-13 12:05:52.579,-0.008707,-0.033403
,,,2022-12-13 12:05:53.079,-0.010381,-0.023361
,,,2022-12-13 12:05:53.578,-0.022431,-0.029386
,,,2022-12-13 12:05:54.079,-0.008707,-0.009302
,,,2022-12-13 12:05:54.579,-0.009377,-0.018675
,,,2022-12-13 12:05:55.079,-0.015067,-0.020683
,,,2022-12-13 12:05:55.579,-0.018749,-0.01265
,,,2022-12-13 12:05:56.079,-0.012389,-0.019344
,,,2022-12-13 12:05:56.579,-0.014397,-0.023361
,,,2022-12-13 12:05:57.079,-0.00536,-0.028047
,,,2022-12-13 12:05:57.579,-0.017075,-0.014658
,,,2022-12-13 12:05:58.080,-0.005025,-0.013319
,,,2022-12-13 12:05:58.580,-0.013728,-0.015327
,,,2022-12-13 12:05:59.079,-0.010381,-0.022691
,,,2022-12-13 12:05:59.580,-0.009377,-0.014658
,,,2022-12-13 12:06:00.080,-0.009042,-0.020683
,,,2022-12-13 12:06:00.579,-0.009042,-0.020683
,,,2022-12-13 12:06:01.079,-0.014732,-0.009972
,,,2022-12-13 12:06:01.579,-0.009377,-0.010641
,,,2022-12-13 12:06:02.079,-0.014397,-0.014658
,,,2022-12-13 12:06:02.580,-0.018414,-0.019344
,,,2022-12-13 12:06:03.081,-0.014063,-0.010641
,,,2022-12-13 12:06:03.581,-0.022096,-0.044114
,,,2022-12-13 12:06:04.081,-0.013728,-0.014658
,,,2022-12-13 12:06:04.581,-0.009711,-0.020683
,,,2022-12-13 12:06:05.080,-0.013728,-0.020014
,,,2022-12-13 12:06:05.580,-0.022766,-0.022022
,,,2022-12-13 12:06:06.080,-0.009711,-0.019344
,,,2022-12-13 12:06:06.580,-0.0231,-0.015997
,,,2022-12-13 12:06:07.080,-0.009377,-0.005955
,,,2022-12-13 12:06:07.579,-0.013728,-0.009972
,,,2022-12-13 12:06:08.080,-0.009042,-0.028047
,,,2022-12-13 12:06:08.579,-0.018079,-0.019344
,,,2022-12-13 12:06:09.079,-0.008372,-0.015327
,,,2022-12-13 12:06:09.579,-0.008707,-0.010641
,,,2022-12-13 12:06:10.079,-0.00536,-0.011311
,,,2022-12-13 12:06:10.578,-0.01741,-0.015327
,,,2022-12-13 12:06:11.079,-0.005025,-0.009972
,,,2022-12-13 12:06:11.580,-0.00536,-0.007963
,,,2022-12-13 12:06:12.081,-0.012389,-0.015997
,,,2022-12-13 12:06:12.581,-0.005695,-0.021353
,,,2022-12-13 12:06:13.080,-0.009377,-0.020014
,,,2022-12-13 12:06:13.581,-0.014397,-0.02403
,,,2022-12-13 12:06:14.080,-0.009711,-0.006624
,,,2022-12-13 12:06:14.580,-0.009377,-0.032064
,,,2022-12-13 12:06:15.079,-0.014732,-0.023361
,,,2022-12-13 12:06:15.580,-0.009711,-0.0247
,,,2022-12-13 12:06:16.080,-0.013728,-0.006624
,,,2022-12-13 12:06:16.580,-0.009042,-0.011311
,,,2022-12-13 12:06:17.080,-0.010046,-0.015327
,,,2022-12-13 12:06:17.580,-0.012724,-0.022691
,,,2022-12-13 12:06:18.080,-0.01172,-0.022691
,,,2022-12-13 12:06:18.579,-0.010046,-0.015327
,,,2022-12-13 12:06:19.080,-0.009377,-0.016666
,,,2022-12-13 12:06:19.579,-0.00536,-0.015327
,,,2022-12-13 12:06:20.080,-0.009711,-0.017336
,,,2022-12-13 12:06:20.580,-0.009042,-0.026039
,,,2022-12-13 12:06:21.080,-0.00536,-0.021353
,,,2022-12-13 12:06:21.580,-0.013728,-0.020014
,,,2022-12-13 12:06:22.080,-0.022431,-0.02403
,,,2022-12-13 12:06:22.579,-0.009711,-0.011311
,,,2022-12-13 12:06:23.079,-0.009711,-0.009302
,,,2022-12-13 12:06:23.581,-0.009377,-0.009972
,,,2022-12-13 12:06:24.080,-0.009711,-0.029386
,,,2022-12-13 12:06:24.579,-0.009377,-0.001938
,,,2022-12-13 12:06:25.079,-0.009711,-0.006624
,,,2022-12-13 12:06:25.579,-0.009711,-0.009972
,,,2022-12-13 12:06:26.080,-0.0231,-0.020683
,,,2022-12-13 12:06:26.580,-0.009377,-0.019344
,,,2022-12-13 12:06:27.080,-0.007703,-0.002608
,,,2022-12-13 12:06:27.580,-0.009711,-0.018675
,,,2022-12-13 12:06:28.081,-0.013393,-0.026039
,,,2022-12-13 12:06:28.580,-0.014063,-0.01198
,,,2022-12-13 12:06:29.080,-0.00536,-0.040097
,,,2022-12-13 12:06:29.579,-0.010381,-0.006624
,,,2022-12-13 12:06:30.080,-0.013728,-0.0247
,,,2022-12-13 12:06:30.579,-0.009377,-0.0247
,,,2022-12-13 12:06:31.079,-0.013728,-0.023361
,,,2022-12-13 12:06:31.580,-0.012724,-0.029386
,,,2022-12-13 12:06:32.080,-0.015067,-0.013319
,,,2022-12-13 12:06:32.580,-0.013393,-0.025369
,,,2022-12-13 12:06:33.080,-0.014063,-0.018005
,,,2022-12-13 12:06:33.580,-0.013728,-0.020014
,,,2022-12-13 12:06:34.081,-0.005695,-0.013319
,,,2022-12-13 12:06:34.580,-0.011385,-0.018675
,,,2022-12-13 12:06:35.080,-0.010046,-0.018675
,,,2022-12-13 12:06:35.579,-0.01105,-0.020014
,,,2022-12-13 12:06:36.079,-0.008372,-0.01198
,,,2022-12-13 12:06:36.579,-0.009711,-0.038089
,,,2022-12-13 12:06:37.080,-0.013393,-0.009972
,,,2022-12-13 12:06:37.581,-0.014063,-0.014658
,,,2022-12-13 12:06:38.080,-0.018414,-0.020014
,,,2022-12-13 12:06:38.579,-0.018079,-0.013988
,,,2022-12-13 12:06:39.080,-0.006029,-0.028717
,,,2022-12-13 12:06:39.581,-0.009042,-0.013988
,,,2022-12-13 12:06:40.078,-0.00536,-0.005955
,,,2022-12-13 12:06:40.579,-0.012724,-0.015327
,,,2022-12-13 12:06:41.079,-0.018414,-0.021353
,,,2022-12-13 12:06:41.579,-0.009377,-0.015327
,,,2022-12-13 12:06:42.079,-0.009711,-0.028047
,,,2022-12-13 12:06:42.578,-0.020088,-0.014658
,,,2022-12-13 12:06:43.079,-0.010381,-0.009972
,,,2022-12-13 12:06:43.579,-0.013728,-0.010641
,,,2022-12-13 12:06:44.080,-0.00536,-0.029386
,,,2022-12-13 12:06:44.580,-0.009377,-0.005286
,,,2022-12-13 12:06:45.080,-0.005695,-0.026039
,,,2022-12-13 12:06:45.580,-0.021762,-0.011311
,,,2022-12-13 12:06:46.079,-0.020757,-0.023361
,,,2022-12-13 12:06:46.579,-0.008707,-0.014658
,,,2022-12-13 12:06:47.080,-0.009042,-0.010641
,,,2022-12-13 12:06:47.580,-0.00536,-0.009972
,,,2022-12-13 12:06:48.080,-0.01105,-0.015327
,,,2022-12-13 12:06:48.579,-0.013728,-0.019344
,,,2022-12-13 12:06:49.081,-0.017745,-0.0247
,,,2022-12-13 12:06:49.579,-0.009711,-0.042106
,,,2022-12-13 12:06:50.080,-0.009711,-0.013988
,,,2022-12-13 12:06:50.580,-0.019418,-0.011311
,,,2022-12-13 12:06:51.081,-0.009042,-0.010641
,,,2022-12-13 12:06:51.579,-0.013393,-0.013319
,,,2022-12-13 12:06:52.078,-0.009711,-0.013988
,,,2022-12-13 12:06:52.579,-0.009377,-0.020014
,,,2022-12-13 12:06:53.079,-0.01105,-0.018005
,,,2022-12-13 12:06:53.579,-0.009711,-0.009302
,,,2022-12-13 12:06:54.079,-0.014063,-0.010641
,,,2022-12-13 12:06:54.579,-0.005695,-0.020683
,,,2022-12-13 12:06:55.080,-0.009042,-0.031394
,,,2022-12-13 12:06:55.579,-0.009377,-0.028717
,,,2022-12-13 12:06:56.080,-0.019084,-0.016666
,,,2022-12-13 12:06:56.580,-0.005695,-0.019344
,,,2022-12-13 12:06:57.079,-0.01105,-0.013988
,,,2022-12-13 12:06:57.579,-0.009042,-0.019344
,,,2022-12-13 12:06:58.080,-0.005695,-0.019344
,,,2022-12-13 12:06:58.581,-0.009711,-0.009302
,,,2022-12-13 12:06:59.079,-0.009377,-0.028047
,,,2022-12-13 12:06:59.579,-0.009377,-0.020014
,,,2022-12-13 12:07:00.080,-0.014063,-0.020683
,,,2022-12-13 12:07:00.580,-0.009711,-0.005286
,,,2022-12-13 12:07:01.081,-0.018749,-0.03675
,,,2022-12-13 12:07:01.581,-0.010381,-0.031394
,,,2022-12-13 12:07:02.081,-0.009711,-0.005955
,,,2022-12-13 12:07:02.579,-0.018079,-0.0247
,,,2022-12-13 12:07:03.080,-0.012054,-0.006624
,,,2022-12-13 12:07:03.580,-0.009711,-0.016666
,,,2022-12-13 12:07:04.081,-0.008707,-0.005955
,,,2022-12-13 12:07:04.579,-0.038498,-0.009972
,,,2022-12-13 12:07:05.080,-0.013393,-0.023361
,,,2022-12-13 12:07:05.581,-0.018414,-0.028047
,,,2022-12-13 12:07:06.080,-0.008372,-0.015997
,,,2022-12-13 12:07:06.580,-0.013728,-0.005955
,,,2022-12-13 12:07:07.080,-0.010046,-0.010641
,,,2022-12-13 12:07:07.580,-0.00536,-0.013988
,,,2022-12-13 12:07:08.080,-0.010715,-0.0247
,,,2022-12-13 12:07:08.580,-0.009042,-0.019344
,,,2022-12-13 12:07:09.080,-0.014397,-0.018675
,,,2022-12-13 12:07:09.580,-0.005695,-0.03675
,,,2022-12-13 12:07:10.081,-0.012389,-0.020014
,,,2022-12-13 12:07:10.579,-0.013393,-0.013319
,,,2022-12-13 12:07:11.080,-0.022096,-0.014658
,,,2022-12-13 12:07:11.580,-0.009711,-0.025369
,,,2022-12-13 12:07:12.080,-0.009711,-0.015997
,,,2022-12-13 12:07:12.580,-0.010381,-0.015997
,,,2022-12-13 12:07:13.081,-0.010046,-0.02403
,,,2022-12-13 12:07:13.580,-0.009711,-0.028717
,,,2022-12-13 12:07:14.081,-0.013393,-0.015327
,,,2022-12-13 12:07:14.581,-0.009377,-0.020014
,,,2022-12-13 12:07:15.080,-0.018414,-0.006624
,,,2022-12-13 12:07:15.580,-0.009042,-0.011311
,,,2022-12-13 12:07:16.079,-0.009377,-0.018005
,,,2022-12-13 12:07:16.579,-0.013728,-0.022022
,,,2022-12-13 12:07:17.080,-0.009042,-0.014658
,,,2022-12-13 12:07:17.580,-0.009711,-0.001938
,,,2022-12-13 12:07:18.081,-0.01105,-0.014658
,,,2022-12-13 12:07:18.580,-0.009377,-0.008633
,,,2022-12-13 12:07:19.080,-0.009042,-0.010641
,,,2022-12-13 12:07:19.581,-0.009042,-0.005955
,,,2022-12-13 12:07:20.080,-0.009711,-0.030725
,,,2022-12-13 12:07:20.580,-0.00536,-0.009302
,,,2022-12-13 12:07:21.079,-0.013393,-0.006624
,,,2022-12-13 12:07:21.579,-0.00536,-0.0247
,,,2022-12-13 12:07:22.079,-0.010381,-0.025369
,,,2022-12-13 12:07:22.580,-0.009042,-0.0247
,,,2022-12-13 12:07:23.081,-0.009711,-0.023361
,,,2022-12-13 12:07:23.581,-0.010046,-0.010641
,,,2022-12-13 12:07:24.078,-0.008707,-0.023361
,,,2022-12-13 12:07:24.578,-0.009042,-0.026708
,,,2022-12-13 12:07:25.080,-0.009711,-0.010641
,,,2022-12-13 12:07:25.580,-0.015736,-0.0247
,,,2022-12-13 12:07:26.079,-0.009377,-0.009972
,,,2022-12-13 12:07:26.579,-0.009711,-0.020014
,,,2022-12-13 12:07:27.080,-0.006029,-0.015997
,,,2022-12-13 12:07:27.579,-0.009377,-0.011311
,,,2022-12-13 12:07:28.079,-0.013393,-0.0247
,,,2022-12-13 12:07:28.579,-0.011385,-0.020014
,,,2022-12-13 12:07:29.079,-0.010715,-0.026708
,,,2022-12-13 12:07:29.579,-0.015067,-0.033403
,,,2022-12-13 12:07:30.079,-0.013393,-0.009972
,,,2022-12-13 12:07:30.579,-0.009377,-0.009302
,,,2022-12-13 12:07:31.079,-0.010715,-0.023361
,,,2022-12-13 12:07:31.580,-0.018079,-0.005955
,,,2022-12-13 12:07:32.080,-0.007033,-0.033403
,,,2022-12-13 12:07:32.580,-0.009377,-0.022022
,,,2022-12-13 12:07:33.079,-0.009377,-0.013988
,,,2022-12-13 12:07:33.580,-0.009377,-0.020014
,,,2022-12-13 12:07:34.080,-0.013728,-0.005955
,,,2022-12-13 12:07:34.580,-0.036155,-0.010641
,,,2022-12-13 12:07:35.080,-0.014732,-0.007294
,,,2022-12-13 12:07:35.580,-0.010715,-0.007294
,,,2022-12-13 12:07:36.080,-0.010046,-0.015327
,,,2022-12-13 12:07:36.579,-0.018414,-0.028717
,,,2022-12-13 12:07:37.079,-0.009711,-0.028717
,,,2022-12-13 12:07:37.579,-0.005695,-0.005286
,,,2022-12-13 12:07:38.078,-0.009042,-0.019344
,,,2022-12-13 12:07:38.579,-0.015736,-0.028717
,,,2022-12-13 12:07:39.079,-0.005695,-0.01198
,,,2022-12-13 12:07:39.579,-0.009042,-0.028047
,,,2022-12-13 12:07:40.079,-0.026448,-0.015327
,,,2022-12-13 12:07:40.579,-0.009377,-0.020683
,,,2022-12-13 12:07:41.079,-0.010046,-0.010641
,,,2022-12-13 12:07:41.579,-0.010046,-0.013988
,,,2022-12-13 12:07:42.078,-0.009711,-0.016666
,,,2022-12-13 12:07:42.579,-0.010381,-0.010641
,,,2022-12-13 12:07:43.079,-0.009377,-0.009302
,,,2022-12-13 12:07:43.580,-0.009711,-0.019344
,,,2022-12-13 12:07:44.080,-0.009711,-0.018675
,,,2022-12-13 12:07:44.579,-0.009711,-0.014658
,,,2022-12-13 12:07:45.079,-0.012389,-0.023361
,,,2022-12-13 12:07:45.578,-0.013059,-0.013988
,,,2022-12-13 12:07:46.078,-0.010715,-0.013988
,,,2022-12-13 12:07:46.578,-0.010381,-0.034072
,,,2022-12-13 12:07:47.079,-0.014732,-0.02403
,,,2022-12-13 12:07:47.580,-0.009377,-0.005286
,,,2022-12-13 12:07:48.080,-0.024439,-0.009972
,,,2022-12-13 12:07:48.580,-0.012724,-0.005955
,,,2022-12-13 12:07:49.079,-0.009377,-0.005955
,,,2022-12-13 12:07:49.579,-0.009711,-0.032064
,,,2022-12-13 12:07:50.079,-0.01105,-0.010641
,,,2022-12-13 12:07:50.579,-0.009042,-0.005955
,,,2022-12-13 12:07:51.080,-0.006029,-0.046792
,,,2022-12-13 12:07:51.581,-0.009377,-0.027378
,,,2022-12-13 12:07:52.081,-0.014397,-0.009972
,,,2022-12-13 12:07:52.581,-0.005695,-0.019344
,,,2022-12-13 12:07:53.079,-0.017075,-0.014658
,,,2022-12-13 12:07:53.580,-0.014063,-0.013319
,,,2022-12-13 12:07:54.081,-0.01105,-0.014658
,,,2022-12-13 12:07:54.580,-0.023435,-0.005286
,,,2022-12-13 12:07:55.081,-0.009711,-0.01265
,,,2022-12-13 12:07:55.580,-0.005695,-0.009302
,,,2022-12-13 12:07:56.081,-0.01172,-0.015327
,,,2022-12-13 12:07:56.579,-0.014397,-0.006624
,,,2022-12-13 12:07:57.081,-0.019753,-0.006624
,,,2022-12-13 12:07:57.581,-0.009377,-0.001938
,,,2022-12-13 12:07:58.079,-0.010046,-0.005955
,,,2022-12-13 12:07:58.580,-0.014063,-0.014658
,,,2022-12-13 12:07:59.080,-0.011385,-0.007963
,,,2022-12-13 12:07:59.580,-0.006029,-0.031394
,,,2022-12-13 12:08:00.079,-0.008707,-0.01198
,,,2022-12-13 12:08:00.580,-0.009711,-0.028717
,,,2022-12-13 12:08:01.080,-0.009711,-0.020014
,,,2022-12-13 12:08:01.581,-0.00536,-0.020014
,,,2022-12-13 12:08:02.080,-0.017745,-0.009972
,,,2022-12-13 12:08:02.580,-0.018414,-0.01198
,,,2022-12-13 12:08:03.080,-0.026782,-0.015327
,,,2022-12-13 12:08:03.580,-0.012724,-0.009972
,,,2022-12-13 12:08:04.079,-0.010046,-0.013319
,,,2022-12-13 12:08:04.579,-0.021092,-0.020683
,,,2022-12-13 12:08:05.079,-0.019753,-0.011311
,,,2022-12-13 12:08:05.580,-0.014063,-0.033403
,,,2022-12-13 12:08:06.081,-0.014397,-0.005286
,,,2022-12-13 12:08:06.579,-0.009711,-0.007294
,,,2022-12-13 12:08:07.080,-0.005695,-0.025369
,,,2022-12-13 12:08:07.581,-0.00536,-0.005955
,,,2022-12-13 12:08:08.081,-0.008707,-0.014658
,,,2022-12-13 12:08:08.580,-0.011385,-0.015327
,,,2022-12-13 12:08:09.080,-0.010381,-0.010641
,,,2022-12-13 12:08:09.580,-0.014063,-0.044783
,,,2022-12-13 12:08:10.080,-0.009377,-0.018675
,,,2022-12-13 12:08:10.580,-0.009377,-0.006624
,,,2022-12-13 12:08:11.080,-0.014063,-0.022691
,,,2022-12-13 12:08:11.580,-0.009377,-0.013988
,,,2022-12-13 12:08:12.079,-0.014063,-0.009302
,,,2022-12-13 12:08:12.580,-0.013059,-0.023361
,,,2022-12-13 12:08:13.079,-0.018079,-0.025369
,,,2022-12-13 12:08:13.579,-0.013393,-0.0247
,,,2022-12-13 12:08:14.079,-0.009042,-0.014658
,,,2022-12-13 12:08:14.579,-0.016406,-0.020014
,,,2022-12-13 12:08:15.079,-0.010381,-0.015327
,,,2022-12-13 12:08:15.579,-0.009711,-0.015327
,,,2022-12-13 12:08:16.079,-0.009042,-0.019344
,,,2022-12-13 12:08:16.579,-0.010381,-0.026708
,,,2022-12-13 12:08:17.078,-0.00536,-0.01198
,,,2022-12-13 12:08:17.580,-0.017745,-0.011311
,,,2022-12-13 12:08:18.080,-0.005695,-0.009302
,,,2022-12-13 12:08:18.580,-0.014732,-0.018675
,,,2022-12-13 12:08:19.079,-0.009377,-0.0247
,,,2022-12-13 12:08:19.580,-0.009042,-0.013988
,,,2022-12-13 12:08:20.080,-0.015402,-0.015997
,,,2022-12-13 12:08:20.580,-0.018079,-0.014658
,,,2022-12-13 12:08:21.080,-0.014397,-0.010641
,,,2022-12-13 12:08:21.580,-0.013728,-0.026039
,,,2022-12-13 12:08:22.079,-0.011385,-0.007294
,,,2022-12-13 12:08:22.579,-0.014063,-0.015997
,,,2022-12-13 12:08:23.079,-0.016071,-0.021353
,,,2022-12-13 12:08:23.580,-0.009042,-0.019344
,,,2022-12-13 12:08:24.080,-0.010046,-0.019344
,,,2022-12-13 12:08:24.579,-0.005695,-0.005955
,,,2022-12-13 12:08:25.079,-0.009711,-0.015327
,,,2022-12-13 12:08:25.580,-0.010381,-0.005286
,,,2022-12-13 12:08:26.080,-0.013393,-0.019344
,,,2022-12-13 12:08:26.579,-0.008707,-0.010641
,,,2022-12-13 12:08:27.079,-0.00536,-0.001938
,,,2022-12-13 12:08:27.579,-0.013393,-0.001938
,,,2022-12-13 12:08:28.079,-0.019753,-0.029386
,,,2022-12-13 12:08:28.580,-0.013393,-0.009302
,,,2022-12-13 12:08:29.080,-0.009711,-0.015327
,,,2022-12-13 12:08:29.581,-0.011385,-0.009302
,,,2022-12-13 12:08:30.080,-0.009711,-0.001938
,,,2022-12-13 12:08:30.579,-0.009711,-0.018005
,,,2022-12-13 12:08:31.080,-0.006029,-0.015327
,,,2022-12-13 12:08:31.580,-0.005695,-0.009302
,,,2022-12-13 12:08:32.080,-0.009042,-0.01265
,,,2022-12-13 12:08:32.579,-0.01105,-0.015327
,,,2022-12-13 12:08:33.080,-0.018749,-0.017336
,,,2022-12-13 12:08:33.580,-0.009377,-0.030055
,,,2022-12-13 12:08:34.081,-0.013393,-0.029386
,,,2022-12-13 12:08:34.579,-0.022431,-0.0247
,,,2022-12-13 12:08:35.079,-0.009711,-0.018675
,,,2022-12-13 12:08:35.578,-0.013728,-0.020014
,,,2022-12-13 12:08:36.078,-0.014732,-0.028047
,,,2022-12-13 12:08:36.578,-0.009377,-0.009972
,,,2022-12-13 12:08:37.078,-0.009711,-0.010641
,,,2022-12-13 12:08:37.579,-0.018079,-0.032733
,,,2022-12-13 12:08:38.080,-0.005695,-0.021353
,,,2022-12-13 12:08:38.580,-0.005695,-0.003277
,,,2022-12-13 12:08:39.079,-0.009377,-0.011311
,,,2022-12-13 12:08:39.579,-0.013393,-0.015327
,,,2022-12-13 12:08:40.086,-0.010046,-0.007963
,,,2022-12-13 12:08:40.585,-0.009042,-0.007294
,,,2022-12-13 12:08:41.079,-0.013728,-0.015327
,,,2022-12-13 12:08:41.581,-0.021762,-0.010641
,,,2022-12-13 12:08:42.081,-0.011385,-0.005955
,,,2022-12-13 12:08:42.579,-0.009377,-0.029386
,,,2022-12-13 12:08:43.079,-0.009042,-0.018675
,,,2022-12-13 12:08:43.579,-0.00536,-0.026039
,,,2022-12-13 12:08:44.079,-0.016406,-0.005955
,,,2022-12-13 12:08:44.580,-0.009711,-0.020014
,,,2022-12-13 12:08:45.080,-0.022766,-0.010641
,,,2022-12-13 12:08:45.581,-0.009377,-0.011311
,,,2022-12-13 12:08:46.080,-0.009711,-0.015997
,,,2022-12-13 12:08:46.580,-0.012389,-0.015327
,,,2022-12-13 12:08:47.080,-0.009711,-0.020014
,,,2022-12-13 12:08:47.580,-0.010046,-0.020014
,,,2022-12-13 12:08:48.080,-0.01741,-0.018005
,,,2022-12-13 12:08:48.581,-0.009711,-0.009302
,,,2022-12-13 12:08:49.080,-0.013393,-0.01198
,,,2022-12-13 12:08:49.581,-0.014732,-0.025369
,,,2022-12-13 12:08:50.079,-0.018079,-0.013988
,,,2022-12-13 12:08:50.580,-0.005695,-0.015327
