Address:,USB0::0x0957::0x17BC::MY60101365::0::INSTR,,Time (s),Maximum(1) (V)
Model:,MSO-X 4154A,,2022-09-29 13:02:34.959,0.0042845
Serial Number:,MY60101365,,2022-09-29 13:02:35.596,0.0050879
Firmware Version:,07.31.2020012900,,2022-09-29 13:02:36.235,0.0041506
Start Time:,2022-09-29 13:02:34.959,,2022-09-29 13:02:36.952,0.0046862
Stop Time:,2022-09-29 13:22:34.429,,2022-09-29 13:02:37.611,0.003749
Sample Period:,0.5,,2022-09-29 13:02:38.267,0.0034812
,,,2022-09-29 13:02:38.909,0.0068285
,,,2022-09-29 13:02:39.568,0.0044854
,,,2022-09-29 13:02:40.223,0.0030795
,,,2022-09-29 13:02:40.871,0.0040167
,,,2022-09-29 13:02:41.522,0.0032134
,,,2022-09-29 13:02:42.177,0.0041506
,,,2022-09-29 13:02:42.800,0.003749
,,,2022-09-29 13:02:43.440,0.0035481
,,,2022-09-29 13:02:44.088,0.0032134
,,,2022-09-29 13:02:44.726,0.003749
,,,2022-09-29 13:02:45.445,0.003749
,,,2022-09-29 13:02:46.148,0.0044854
,,,2022-09-29 13:02:46.791,0.0033473
,,,2022-09-29 13:02:47.414,0.0034812
,,,2022-09-29 13:02:48.060,0.0042845
,,,2022-09-29 13:02:48.711,0.0041506
,,,2022-09-29 13:02:49.357,0.0034812
,,,2022-09-29 13:02:49.996,0.0036151
,,,2022-09-29 13:02:50.635,0.0042845
,,,2022-09-29 13:02:51.285,0.0022762
,,,2022-09-29 13:02:51.920,0.004954
,,,2022-09-29 13:02:52.560,0.0040167
,,,2022-09-29 13:02:53.228,0.0036151
,,,2022-09-29 13:02:53.879,0.0033473
,,,2022-09-29 13:02:54.529,0.0046192
,,,2022-09-29 13:02:55.172,0.0036151
,,,2022-09-29 13:02:55.819,0.0034142
,,,2022-09-29 13:02:56.457,0.0038828
,,,2022-09-29 13:02:57.099,0.0046862
,,,2022-09-29 13:02:57.745,0.0029456
,,,2022-09-29 13:02:58.385,0.0053556
,,,2022-09-29 13:02:59.026,0.0036151
,,,2022-09-29 13:02:59.673,0.0054895
,,,2022-09-29 13:03:00.315,0.0032134
,,,2022-09-29 13:03:00.952,0.0039498
,,,2022-09-29 13:03:01.606,0.0044184
,,,2022-09-29 13:03:02.244,0.0025439
,,,2022-09-29 13:03:02.885,0.0040167
,,,2022-09-29 13:03:03.534,0.0040167
,,,2022-09-29 13:03:04.188,0.0038159
,,,2022-09-29 13:03:04.834,0.0056234
,,,2022-09-29 13:03:05.492,0.0041506
,,,2022-09-29 13:03:06.127,0.0030795
,,,2022-09-29 13:03:06.765,0.004887
,,,2022-09-29 13:03:07.411,0.0036151
,,,2022-09-29 13:03:08.051,0.0034812
,,,2022-09-29 13:03:08.695,0.0033473
,,,2022-09-29 13:03:09.341,0.0036151
,,,2022-09-29 13:03:10.007,0.0052218
,,,2022-09-29 13:03:10.654,0.0036151
,,,2022-09-29 13:03:11.295,0.0027448
,,,2022-09-29 13:03:11.938,0.0036151
,,,2022-09-29 13:03:12.577,0.0026778
,,,2022-09-29 13:03:13.223,0.0029456
,,,2022-09-29 13:03:13.872,0.0032134
,,,2022-09-29 13:03:14.524,0.0032134
,,,2022-09-29 13:03:15.167,0.0036151
,,,2022-09-29 13:03:15.832,0.0034812
,,,2022-09-29 13:03:16.472,0.0034142
,,,2022-09-29 13:03:17.119,0.003749
,,,2022-09-29 13:03:17.767,0.0033473
,,,2022-09-29 13:03:18.404,0.0033473
,,,2022-09-29 13:03:19.046,0.0040167
,,,2022-09-29 13:03:19.690,0.0044854
,,,2022-09-29 13:03:20.338,0.0028117
,,,2022-09-29 13:03:20.979,0.0044184
,,,2022-09-29 13:03:21.627,0.0032134
,,,2022-09-29 13:03:22.274,0.004954
,,,2022-09-29 13:03:22.916,0.0040167
,,,2022-09-29 13:03:23.554,0.0042845
,,,2022-09-29 13:03:24.194,0.003682
,,,2022-09-29 13:03:24.855,0.0050879
,,,2022-09-29 13:03:25.504,0.0041506
,,,2022-09-29 13:03:26.156,0.0026778
,,,2022-09-29 13:03:26.807,0.0040837
,,,2022-09-29 13:03:27.449,0.0038828
,,,2022-09-29 13:03:28.098,0.0044184
,,,2022-09-29 13:03:28.752,0.0030795
,,,2022-09-29 13:03:29.404,0.0046862
,,,2022-09-29 13:03:30.051,0.0038828
,,,2022-09-29 13:03:30.700,0.0036151
,,,2022-09-29 13:03:31.350,0.0026778
,,,2022-09-29 13:03:31.989,0.0036151
,,,2022-09-29 13:03:32.633,0.0036151
,,,2022-09-29 13:03:33.283,0.0033473
,,,2022-09-29 13:03:33.925,0.0029456
,,,2022-09-29 13:03:34.573,0.0032134
,,,2022-09-29 13:03:35.224,0.0060251
,,,2022-09-29 13:03:35.893,0.0025439
,,,2022-09-29 13:03:36.532,0.0046862
,,,2022-09-29 13:03:37.205,0.0048201
,,,2022-09-29 13:03:37.853,0.0030795
,,,2022-09-29 13:03:38.508,0.0042176
,,,2022-09-29 13:03:39.149,0.0036151
,,,2022-09-29 13:03:39.797,0.0034812
,,,2022-09-29 13:03:40.436,0.0040167
,,,2022-09-29 13:03:41.086,0.0045523
,,,2022-09-29 13:03:41.744,0.0026778
,,,2022-09-29 13:03:42.385,0.0040837
,,,2022-09-29 13:03:43.036,0.0054895
,,,2022-09-29 13:03:43.692,0.0038828
,,,2022-09-29 13:03:44.343,0.0033473
,,,2022-09-29 13:03:44.995,0.0034812
,,,2022-09-29 13:03:45.652,0.003749
,,,2022-09-29 13:03:46.310,0.0053556
,,,2022-09-29 13:03:46.951,0.0045523
,,,2022-09-29 13:03:47.597,0.0032134
,,,2022-09-29 13:03:48.245,0.0030795
,,,2022-09-29 13:03:48.892,0.0038159
,,,2022-09-29 13:03:49.562,0.0048201
,,,2022-09-29 13:03:50.209,0.0048201
,,,2022-09-29 13:03:50.851,0.0028117
,,,2022-09-29 13:03:51.495,0.0042845
,,,2022-09-29 13:03:52.142,0.0041506
,,,2022-09-29 13:03:52.791,0.0041506
,,,2022-09-29 13:03:53.440,0.0052218
,,,2022-09-29 13:03:54.114,0.003749
,,,2022-09-29 13:03:54.766,0.003749
,,,2022-09-29 13:03:55.410,0.0025439
,,,2022-09-29 13:03:56.059,0.0041506
,,,2022-09-29 13:03:56.709,0.0040167
,,,2022-09-29 13:03:57.372,0.0042176
,,,2022-09-29 13:03:58.025,0.0032134
,,,2022-09-29 13:03:58.675,0.0029456
,,,2022-09-29 13:03:59.325,0.0050879
,,,2022-09-29 13:03:59.962,0.0029456
,,,2022-09-29 13:04:00.612,0.0038828
,,,2022-09-29 13:04:01.254,0.0034812
,,,2022-09-29 13:04:01.902,0.0039498
,,,2022-09-29 13:04:02.561,0.0032134
,,,2022-09-29 13:04:03.213,0.0062929
,,,2022-09-29 13:04:03.870,0.0050879
,,,2022-09-29 13:04:04.539,0.0036151
,,,2022-09-29 13:04:05.197,0.0029456
,,,2022-09-29 13:04:05.871,0.0042845
,,,2022-09-29 13:04:06.524,0.0045523
,,,2022-09-29 13:04:07.180,0.0029456
,,,2022-09-29 13:04:07.862,0.0048201
,,,2022-09-29 13:04:08.524,0.0025439
,,,2022-09-29 13:04:09.185,0.0029456
,,,2022-09-29 13:04:09.887,0.0030795
,,,2022-09-29 13:04:10.558,0.004954
,,,2022-09-29 13:04:11.200,0.004954
,,,2022-09-29 13:04:11.850,0.0028117
,,,2022-09-29 13:04:12.492,0.0029456
,,,2022-09-29 13:04:13.161,0.0041506
,,,2022-09-29 13:04:13.831,0.0038828
,,,2022-09-29 13:04:14.471,0.0032134
,,,2022-09-29 13:04:15.118,0.003749
,,,2022-09-29 13:04:15.769,0.003749
,,,2022-09-29 13:04:16.422,0.003749
,,,2022-09-29 13:04:17.068,0.0045523
,,,2022-09-29 13:04:17.735,0.0038828
,,,2022-09-29 13:04:18.392,0.0046862
,,,2022-09-29 13:04:19.061,0.0048201
,,,2022-09-29 13:04:19.706,0.0042845
,,,2022-09-29 13:04:20.363,0.0029456
,,,2022-09-29 13:04:21.017,0.0036151
,,,2022-09-29 13:04:21.674,0.0045523
,,,2022-09-29 13:04:22.331,0.0038828
,,,2022-09-29 13:04:22.970,0.0045523
,,,2022-09-29 13:04:23.628,0.0050879
,,,2022-09-29 13:04:24.280,0.0034812
,,,2022-09-29 13:04:24.930,0.0032134
,,,2022-09-29 13:04:25.583,0.0030795
,,,2022-09-29 13:04:26.235,0.0038828
,,,2022-09-29 13:04:26.887,0.0028117
,,,2022-09-29 13:04:27.541,0.0025439
,,,2022-09-29 13:04:28.189,0.0025439
,,,2022-09-29 13:04:28.836,0.0048201
,,,2022-09-29 13:04:29.487,0.0028117
,,,2022-09-29 13:04:30.154,0.0030795
,,,2022-09-29 13:04:30.811,0.0034812
,,,2022-09-29 13:04:31.451,0.0036151
,,,2022-09-29 13:04:32.095,0.0038159
,,,2022-09-29 13:04:32.759,0.003749
,,,2022-09-29 13:04:33.428,0.0030795
,,,2022-09-29 13:04:34.079,0.003682
,,,2022-09-29 13:04:34.734,0.0032134
,,,2022-09-29 13:04:35.394,0.0041506
,,,2022-09-29 13:04:36.045,0.0033473
,,,2022-09-29 13:04:36.677,0.0030795
,,,2022-09-29 13:04:37.334,0.0038828
,,,2022-09-29 13:04:37.969,0.0035481
,,,2022-09-29 13:04:38.635,0.0029456
,,,2022-09-29 13:04:39.292,0.0038828
,,,2022-09-29 13:04:39.935,0.0039498
,,,2022-09-29 13:04:40.592,0.0039498
,,,2022-09-29 13:04:41.242,0.0048201
,,,2022-09-29 13:04:41.909,0.0045523
,,,2022-09-29 13:04:42.551,0.0038828
,,,2022-09-29 13:04:43.201,0.0029456
,,,2022-09-29 13:04:43.875,0.0028117
,,,2022-09-29 13:04:44.531,0.0053556
,,,2022-09-29 13:04:45.189,0.0026778
,,,2022-09-29 13:04:45.854,0.0036151
,,,2022-09-29 13:04:46.494,0.0030795
,,,2022-09-29 13:04:47.156,0.0030795
,,,2022-09-29 13:04:47.809,0.0033473
,,,2022-09-29 13:04:48.458,0.0029456
,,,2022-09-29 13:04:49.107,0.0028117
,,,2022-09-29 13:04:49.758,0.004954
,,,2022-09-29 13:04:50.400,0.0044184
,,,2022-09-29 13:04:51.049,0.0032134
,,,2022-09-29 13:04:51.701,0.0036151
,,,2022-09-29 13:04:52.356,0.0036151
,,,2022-09-29 13:04:53.015,0.0034812
,,,2022-09-29 13:04:53.672,0.0045523
,,,2022-09-29 13:04:54.313,0.0029456
,,,2022-09-29 13:04:54.948,0.0044184
,,,2022-09-29 13:04:55.605,0.0044854
,,,2022-09-29 13:04:56.254,0.003682
,,,2022-09-29 13:04:56.918,0.003749
,,,2022-09-29 13:04:57.569,0.0046862
,,,2022-09-29 13:04:58.221,0.0053556
,,,2022-09-29 13:04:58.872,0.0048201
,,,2022-09-29 13:04:59.533,0.0032134
,,,2022-09-29 13:05:00.176,0.0034812
,,,2022-09-29 13:05:00.825,0.0044184
,,,2022-09-29 13:05:01.476,0.0030795
,,,2022-09-29 13:05:02.125,0.0033473
,,,2022-09-29 13:05:02.770,0.0031464
,,,2022-09-29 13:05:03.406,0.0034812
,,,2022-09-29 13:05:04.054,0.0042845
,,,2022-09-29 13:05:04.707,0.003749
,,,2022-09-29 13:05:05.365,0.0030795
,,,2022-09-29 13:05:06.018,0.0032803
,,,2022-09-29 13:05:06.668,0.0041506
,,,2022-09-29 13:05:07.332,0.0044184
,,,2022-09-29 13:05:07.974,0.004887
,,,2022-09-29 13:05:08.628,0.0038828
,,,2022-09-29 13:05:09.287,0.0050879
,,,2022-09-29 13:05:09.934,0.0034142
,,,2022-09-29 13:05:10.587,0.0030795
,,,2022-09-29 13:05:11.210,0.0031464
,,,2022-09-29 13:05:11.863,0.0042845
,,,2022-09-29 13:05:12.510,0.0044184
,,,2022-09-29 13:05:13.155,0.0030126
,,,2022-09-29 13:05:13.815,0.0044184
,,,2022-09-29 13:05:14.457,0.0033473
,,,2022-09-29 13:05:15.107,0.0030795
,,,2022-09-29 13:05:15.761,0.0046192
,,,2022-09-29 13:05:16.420,0.003749
,,,2022-09-29 13:05:17.065,0.0038828
,,,2022-09-29 13:05:17.723,0.0054895
,,,2022-09-29 13:05:18.372,0.0052218
,,,2022-09-29 13:05:19.014,0.0033473
,,,2022-09-29 13:05:19.665,0.0040167
,,,2022-09-29 13:05:20.319,0.0034812
,,,2022-09-29 13:05:20.958,0.0029456
,,,2022-09-29 13:05:21.615,0.0041506
,,,2022-09-29 13:05:22.271,0.0033473
,,,2022-09-29 13:05:22.896,0.0028787
,,,2022-09-29 13:05:23.547,0.0043515
,,,2022-09-29 13:05:24.201,0.0040167
,,,2022-09-29 13:05:24.858,0.0031464
,,,2022-09-29 13:05:25.506,0.0034812
,,,2022-09-29 13:05:26.154,0.0042845
,,,2022-09-29 13:05:26.802,0.0029456
,,,2022-09-29 13:05:27.454,0.0044184
,,,2022-09-29 13:05:28.108,0.003749
,,,2022-09-29 13:05:28.762,0.0029456
,,,2022-09-29 13:05:29.400,0.0029456
,,,2022-09-29 13:05:30.043,0.0057573
,,,2022-09-29 13:05:30.693,0.0033473
,,,2022-09-29 13:05:31.349,0.0041506
,,,2022-09-29 13:05:31.976,0.0033473
,,,2022-09-29 13:05:32.626,0.0040167
,,,2022-09-29 13:05:33.277,0.0041506
,,,2022-09-29 13:05:33.923,0.0038828
,,,2022-09-29 13:05:34.580,0.0045523
,,,2022-09-29 13:05:35.228,0.0041506
,,,2022-09-29 13:05:35.877,0.0041506
,,,2022-09-29 13:05:36.531,0.0030795
,,,2022-09-29 13:05:37.159,0.0042845
,,,2022-09-29 13:05:37.809,0.0046862
,,,2022-09-29 13:05:38.451,0.0044184
,,,2022-09-29 13:05:39.095,0.0056904
,,,2022-09-29 13:05:39.750,0.0028117
,,,2022-09-29 13:05:40.395,0.0032134
,,,2022-09-29 13:05:41.050,0.0032134
,,,2022-09-29 13:05:41.707,0.0027448
,,,2022-09-29 13:05:42.356,0.0043515
,,,2022-09-29 13:05:43.024,0.0053556
,,,2022-09-29 13:05:43.690,0.003749
,,,2022-09-29 13:05:44.344,0.0043515
,,,2022-09-29 13:05:45.061,0.0036151
,,,2022-09-29 13:05:45.706,0.0028787
,,,2022-09-29 13:05:46.361,0.003749
,,,2022-09-29 13:05:47.006,0.0046862
,,,2022-09-29 13:05:47.661,0.0032134
,,,2022-09-29 13:05:48.317,0.0044184
,,,2022-09-29 13:05:48.997,0.0041506
,,,2022-09-29 13:05:49.654,0.0036151
,,,2022-09-29 13:05:50.308,0.0044184
,,,2022-09-29 13:05:50.951,0.00241
,,,2022-09-29 13:05:51.608,0.0044854
,,,2022-09-29 13:05:52.262,0.0025439
,,,2022-09-29 13:05:52.887,0.0031464
,,,2022-09-29 13:05:53.537,0.0042845
,,,2022-09-29 13:05:54.200,0.0042845
,,,2022-09-29 13:05:54.856,0.0052218
,,,2022-09-29 13:05:55.521,0.003682
,,,2022-09-29 13:05:56.170,0.0041506
,,,2022-09-29 13:05:56.826,0.003749
,,,2022-09-29 13:05:57.512,0.0034812
,,,2022-09-29 13:05:58.168,0.0040167
,,,2022-09-29 13:05:58.824,0.0026778
,,,2022-09-29 13:05:59.474,0.0026778
,,,2022-09-29 13:06:00.116,0.0033473
,,,2022-09-29 13:06:00.763,0.0029456
,,,2022-09-29 13:06:01.402,0.0036151
,,,2022-09-29 13:06:02.055,0.0039498
,,,2022-09-29 13:06:02.706,0.0052218
,,,2022-09-29 13:06:03.367,0.0028117
,,,2022-09-29 13:06:04.041,0.0032134
,,,2022-09-29 13:06:04.696,0.0038828
,,,2022-09-29 13:06:05.363,0.0046192
,,,2022-09-29 13:06:06.023,0.0042845
,,,2022-09-29 13:06:06.692,0.0038828
,,,2022-09-29 13:06:07.354,0.0036151
,,,2022-09-29 13:06:07.999,0.0043515
,,,2022-09-29 13:06:08.649,0.0028117
,,,2022-09-29 13:06:09.299,0.003749
,,,2022-09-29 13:06:09.937,0.0044184
,,,2022-09-29 13:06:10.594,0.0060251
,,,2022-09-29 13:06:11.241,0.0030126
,,,2022-09-29 13:06:11.894,0.0032134
,,,2022-09-29 13:06:12.563,0.0034812
,,,2022-09-29 13:06:13.212,0.003749
,,,2022-09-29 13:06:13.865,0.0028787
,,,2022-09-29 13:06:14.514,0.0034812
,,,2022-09-29 13:06:15.183,0.0028117
,,,2022-09-29 13:06:15.835,0.0033473
,,,2022-09-29 13:06:16.479,0.0040167
,,,2022-09-29 13:06:17.129,0.0029456
,,,2022-09-29 13:06:17.794,0.0053556
,,,2022-09-29 13:06:18.436,0.0029456
,,,2022-09-29 13:06:19.095,0.0046862
,,,2022-09-29 13:06:19.752,0.0045523
,,,2022-09-29 13:06:20.398,0.0030795
,,,2022-09-29 13:06:21.051,0.003682
,,,2022-09-29 13:06:21.708,0.0025439
,,,2022-09-29 13:06:22.363,0.0028117
,,,2022-09-29 13:06:23.009,0.0031464
,,,2022-09-29 13:06:23.659,0.0036151
,,,2022-09-29 13:06:24.322,0.0042176
,,,2022-09-29 13:06:24.977,0.0042845
,,,2022-09-29 13:06:25.633,0.0032134
,,,2022-09-29 13:06:26.285,0.0036151
,,,2022-09-29 13:06:26.923,0.0032134
,,,2022-09-29 13:06:27.572,0.003682
,,,2022-09-29 13:06:28.224,0.0028117
,,,2022-09-29 13:06:28.875,0.0025439
,,,2022-09-29 13:06:29.525,0.0042845
,,,2022-09-29 13:06:30.176,0.0044854
,,,2022-09-29 13:06:30.837,0.0032134
,,,2022-09-29 13:06:31.478,0.0039498
,,,2022-09-29 13:06:32.131,0.0030795
,,,2022-09-29 13:06:32.780,0.0032134
,,,2022-09-29 13:06:33.440,0.0045523
,,,2022-09-29 13:06:34.190,0.003749
,,,2022-09-29 13:06:34.848,0.0042845
,,,2022-09-29 13:06:35.489,0.0031464
,,,2022-09-29 13:06:36.137,0.004954
,,,2022-09-29 13:06:36.790,0.0032134
,,,2022-09-29 13:06:37.423,0.0041506
,,,2022-09-29 13:06:38.074,0.0034812
,,,2022-09-29 13:06:38.725,0.003749
,,,2022-09-29 13:06:39.385,0.0028117
,,,2022-09-29 13:06:40.036,0.0052218
,,,2022-09-29 13:06:40.692,0.0026778
,,,2022-09-29 13:06:41.351,0.0035481
,,,2022-09-29 13:06:42.066,0.0046192
,,,2022-09-29 13:06:42.690,0.0030795
,,,2022-09-29 13:06:43.337,0.0054226
,,,2022-09-29 13:06:44.019,0.0048201
,,,2022-09-29 13:06:44.670,0.0034812
,,,2022-09-29 13:06:45.539,0.0029456
,,,2022-09-29 13:06:46.194,0.003749
,,,2022-09-29 13:06:46.853,0.0042176
,,,2022-09-29 13:06:47.498,0.0038828
,,,2022-09-29 13:06:48.150,0.0038159
,,,2022-09-29 13:06:48.802,0.0047531
,,,2022-09-29 13:06:49.442,0.0030795
,,,2022-09-29 13:06:50.094,0.0033473
,,,2022-09-29 13:06:50.757,0.0030795
,,,2022-09-29 13:06:51.402,0.0042845
,,,2022-09-29 13:06:52.050,0.0044184
,,,2022-09-29 13:06:52.699,0.0041506
,,,2022-09-29 13:06:53.354,0.0042845
,,,2022-09-29 13:06:53.991,0.0029456
,,,2022-09-29 13:06:54.648,0.0045523
,,,2022-09-29 13:06:55.300,0.0046862
,,,2022-09-29 13:06:55.938,0.0033473
,,,2022-09-29 13:06:56.587,0.0038828
,,,2022-09-29 13:06:57.238,0.0043515
,,,2022-09-29 13:06:57.899,0.0040167
,,,2022-09-29 13:06:58.554,0.0034812
,,,2022-09-29 13:06:59.211,0.0050879
,,,2022-09-29 13:06:59.857,0.0041506
,,,2022-09-29 13:07:00.499,0.0046862
,,,2022-09-29 13:07:01.150,0.0060921
,,,2022-09-29 13:07:01.803,0.0029456
,,,2022-09-29 13:07:02.503,0.0040167
,,,2022-09-29 13:07:03.147,0.0040167
,,,2022-09-29 13:07:03.801,0.0030795
,,,2022-09-29 13:07:04.452,0.003749
,,,2022-09-29 13:07:05.102,0.0056234
,,,2022-09-29 13:07:05.760,0.0040167
,,,2022-09-29 13:07:06.401,0.0042845
,,,2022-09-29 13:07:07.051,0.0040167
,,,2022-09-29 13:07:07.706,0.0038159
,,,2022-09-29 13:07:08.359,0.0029456
,,,2022-09-29 13:07:09.025,0.0029456
,,,2022-09-29 13:07:09.677,0.0040167
,,,2022-09-29 13:07:10.340,0.003749
,,,2022-09-29 13:07:10.984,0.0042176
,,,2022-09-29 13:07:11.637,0.0030795
,,,2022-09-29 13:07:12.291,0.0028117
,,,2022-09-29 13:07:12.913,0.0041506
,,,2022-09-29 13:07:13.566,0.003682
,,,2022-09-29 13:07:14.218,0.0048201
,,,2022-09-29 13:07:14.874,0.003749
,,,2022-09-29 13:07:15.534,0.0026778
,,,2022-09-29 13:07:16.179,0.0036151
,,,2022-09-29 13:07:16.832,0.0043515
,,,2022-09-29 13:07:17.468,0.0028117
,,,2022-09-29 13:07:18.129,0.0033473
,,,2022-09-29 13:07:18.800,0.0048201
,,,2022-09-29 13:07:19.447,0.0030795
,,,2022-09-29 13:07:20.099,0.0034812
,,,2022-09-29 13:07:20.757,0.0052218
,,,2022-09-29 13:07:21.396,0.0038828
,,,2022-09-29 13:07:22.051,0.0034812
,,,2022-09-29 13:07:22.698,0.0042845
,,,2022-09-29 13:07:23.357,0.0033473
,,,2022-09-29 13:07:24.003,0.0038828
,,,2022-09-29 13:07:24.673,0.0026778
,,,2022-09-29 13:07:25.323,0.0033473
,,,2022-09-29 13:07:26.082,0.0029456
,,,2022-09-29 13:07:26.738,0.0044184
,,,2022-09-29 13:07:27.377,0.0046192
,,,2022-09-29 13:07:28.026,0.0045523
,,,2022-09-29 13:07:28.673,0.0031464
,,,2022-09-29 13:07:29.327,0.0033473
,,,2022-09-29 13:07:29.971,0.0034812
,,,2022-09-29 13:07:30.619,0.0040837
,,,2022-09-29 13:07:31.280,0.0034142
,,,2022-09-29 13:07:31.921,0.0038828
,,,2022-09-29 13:07:32.568,0.0066946
,,,2022-09-29 13:07:33.217,0.0038828
,,,2022-09-29 13:07:33.876,0.0044184
,,,2022-09-29 13:07:34.541,0.0038828
,,,2022-09-29 13:07:35.189,0.0036151
,,,2022-09-29 13:07:35.839,0.0035481
,,,2022-09-29 13:07:36.486,0.0038828
,,,2022-09-29 13:07:37.132,0.0040167
,,,2022-09-29 13:07:37.767,0.003749
,,,2022-09-29 13:07:38.420,0.0046862
,,,2022-09-29 13:07:39.068,0.0040167
,,,2022-09-29 13:07:39.723,0.0032134
,,,2022-09-29 13:07:40.379,0.0044184
,,,2022-09-29 13:07:41.017,0.0045523
,,,2022-09-29 13:07:41.665,0.0029456
,,,2022-09-29 13:07:42.304,0.0041506
,,,2022-09-29 13:07:43.016,0.0041506
,,,2022-09-29 13:07:43.666,0.0033473
,,,2022-09-29 13:07:44.314,0.0042845
,,,2022-09-29 13:07:44.956,0.0028787
,,,2022-09-29 13:07:45.605,0.0029456
,,,2022-09-29 13:07:46.253,0.0028117
,,,2022-09-29 13:07:46.914,0.0029456
,,,2022-09-29 13:07:47.567,0.003749
,,,2022-09-29 13:07:48.215,0.0036151
,,,2022-09-29 13:07:48.871,0.0030795
,,,2022-09-29 13:07:49.524,0.0026109
,,,2022-09-29 13:07:50.178,0.0040167
,,,2022-09-29 13:07:50.820,0.0030795
,,,2022-09-29 13:07:51.468,0.0030795
,,,2022-09-29 13:07:52.115,0.0036151
,,,2022-09-29 13:07:52.771,0.0041506
,,,2022-09-29 13:07:53.396,0.0041506
,,,2022-09-29 13:07:54.042,0.0038828
,,,2022-09-29 13:07:54.690,0.0036151
,,,2022-09-29 13:07:55.335,0.0030795
,,,2022-09-29 13:07:56.015,0.0026778
,,,2022-09-29 13:07:56.673,0.0052218
,,,2022-09-29 13:07:57.323,0.0036151
,,,2022-09-29 13:07:57.963,0.0028117
,,,2022-09-29 13:07:58.610,0.0041506
,,,2022-09-29 13:07:59.261,0.0050879
,,,2022-09-29 13:07:59.884,0.0053556
,,,2022-09-29 13:08:00.531,0.0040167
,,,2022-09-29 13:08:01.154,0.0036151
,,,2022-09-29 13:08:01.798,0.0040167
,,,2022-09-29 13:08:02.458,0.0052887
,,,2022-09-29 13:08:03.104,0.0032134
,,,2022-09-29 13:08:03.755,0.0032134
,,,2022-09-29 13:08:04.402,0.0029456
,,,2022-09-29 13:08:05.052,0.0050209
,,,2022-09-29 13:08:05.699,0.0030795
,,,2022-09-29 13:08:06.344,0.0036151
,,,2022-09-29 13:08:06.977,0.0031464
,,,2022-09-29 13:08:07.626,0.0040167
,,,2022-09-29 13:08:08.279,0.0045523
,,,2022-09-29 13:08:08.916,0.0044184
,,,2022-09-29 13:08:09.568,0.0030795
,,,2022-09-29 13:08:10.219,0.0039498
,,,2022-09-29 13:08:10.863,0.0041506
,,,2022-09-29 13:08:11.516,0.0045523
,,,2022-09-29 13:08:12.161,0.0045523
,,,2022-09-29 13:08:12.814,0.0041506
,,,2022-09-29 13:08:13.457,0.0032134
,,,2022-09-29 13:08:14.105,0.0030795
,,,2022-09-29 13:08:14.748,0.0029456
,,,2022-09-29 13:08:15.372,0.003749
,,,2022-09-29 13:08:16.037,0.0029456
,,,2022-09-29 13:08:16.687,0.0036151
,,,2022-09-29 13:08:17.336,0.0058912
,,,2022-09-29 13:08:17.961,0.0042845
,,,2022-09-29 13:08:18.610,0.003749
,,,2022-09-29 13:08:19.257,0.0048201
,,,2022-09-29 13:08:19.884,0.0032134
,,,2022-09-29 13:08:20.536,0.0051548
,,,2022-09-29 13:08:21.198,0.0040167
,,,2022-09-29 13:08:21.839,0.0032134
,,,2022-09-29 13:08:22.554,0.0038828
,,,2022-09-29 13:08:23.300,0.0052218
,,,2022-09-29 13:08:23.924,0.0042845
,,,2022-09-29 13:08:24.550,0.0050879
,,,2022-09-29 13:08:25.325,0.0032134
,,,2022-09-29 13:08:25.953,0.003749
,,,2022-09-29 13:08:26.664,0.0029456
,,,2022-09-29 13:08:27.307,0.0036151
,,,2022-09-29 13:08:27.952,0.0036151
,,,2022-09-29 13:08:28.601,0.0033473
,,,2022-09-29 13:08:29.249,0.004954
,,,2022-09-29 13:08:29.873,0.0040167
,,,2022-09-29 13:08:30.524,0.0031464
,,,2022-09-29 13:08:31.176,0.003749
,,,2022-09-29 13:08:31.830,0.0033473
,,,2022-09-29 13:08:32.532,0.0028117
,,,2022-09-29 13:08:33.179,9.9E+37
,,,2022-09-29 13:08:33.380,0.0032134
,,,2022-09-29 13:08:34.034,0.0029456
,,,2022-09-29 13:08:34.688,0.0042845
,,,2022-09-29 13:08:35.343,0.0053556
,,,2022-09-29 13:08:35.999,0.0040167
,,,2022-09-29 13:08:36.652,0.0045523
,,,2022-09-29 13:08:37.304,0.0040167
,,,2022-09-29 13:08:37.971,0.0044184
,,,2022-09-29 13:08:38.623,0.0045523
,,,2022-09-29 13:08:39.279,0.0041506
,,,2022-09-29 13:08:39.915,0.003749
,,,2022-09-29 13:08:40.575,0.0029456
,,,2022-09-29 13:08:41.228,0.0033473
,,,2022-09-29 13:08:41.905,0.0041506
,,,2022-09-29 13:08:42.583,0.003749
,,,2022-09-29 13:08:43.235,0.0048201
,,,2022-09-29 13:08:43.888,0.002477
,,,2022-09-29 13:08:44.514,0.0047531
,,,2022-09-29 13:08:45.155,0.003749
,,,2022-09-29 13:08:45.811,0.0066946
,,,2022-09-29 13:08:46.445,0.0036151
,,,2022-09-29 13:08:47.069,0.0040167
,,,2022-09-29 13:08:47.717,0.003749
,,,2022-09-29 13:08:48.370,0.003749
,,,2022-09-29 13:08:49.019,0.0056904
,,,2022-09-29 13:08:49.665,0.0028117
,,,2022-09-29 13:08:50.324,0.0033473
,,,2022-09-29 13:08:50.969,0.0038159
,,,2022-09-29 13:08:51.623,0.0038828
,,,2022-09-29 13:08:52.274,0.003749
,,,2022-09-29 13:08:52.917,0.0032134
,,,2022-09-29 13:08:53.563,0.003749
,,,2022-09-29 13:08:54.204,0.0029456
,,,2022-09-29 13:08:54.861,0.0032134
,,,2022-09-29 13:08:55.511,0.0039498
,,,2022-09-29 13:08:56.162,0.0025439
,,,2022-09-29 13:08:56.813,0.0040837
,,,2022-09-29 13:08:57.438,0.003749
,,,2022-09-29 13:08:58.078,0.0032803
,,,2022-09-29 13:08:58.731,0.0036151
,,,2022-09-29 13:08:59.390,0.0032803
,,,2022-09-29 13:09:00.010,0.0036151
,,,2022-09-29 13:09:00.637,0.0028117
,,,2022-09-29 13:09:01.290,0.0029456
,,,2022-09-29 13:09:01.913,0.0038828
,,,2022-09-29 13:09:02.568,0.0036151
,,,2022-09-29 13:09:03.215,0.0032134
,,,2022-09-29 13:09:03.871,0.0038159
,,,2022-09-29 13:09:04.522,0.0042845
,,,2022-09-29 13:09:05.163,0.0030795
,,,2022-09-29 13:09:05.816,0.0041506
,,,2022-09-29 13:09:06.469,0.0036151
,,,2022-09-29 13:09:07.121,0.0041506
,,,2022-09-29 13:09:07.779,0.0036151
,,,2022-09-29 13:09:08.460,0.0054895
,,,2022-09-29 13:09:09.108,0.006159
,,,2022-09-29 13:09:09.747,0.0034812
,,,2022-09-29 13:09:10.388,0.0030126
,,,2022-09-29 13:09:11.029,0.0041506
,,,2022-09-29 13:09:11.680,0.0040167
,,,2022-09-29 13:09:12.327,0.0048201
,,,2022-09-29 13:09:12.971,0.0050879
,,,2022-09-29 13:09:13.621,0.0042845
,,,2022-09-29 13:09:14.271,0.0038828
,,,2022-09-29 13:09:14.911,0.0029456
,,,2022-09-29 13:09:15.568,0.0030795
,,,2022-09-29 13:09:16.210,0.0031464
,,,2022-09-29 13:09:16.866,0.0044184
,,,2022-09-29 13:09:17.519,0.0027448
,,,2022-09-29 13:09:18.166,0.0032134
,,,2022-09-29 13:09:18.817,0.0034142
,,,2022-09-29 13:09:19.439,0.0050209
,,,2022-09-29 13:09:20.094,0.0044854
,,,2022-09-29 13:09:20.750,0.0048201
,,,2022-09-29 13:09:21.402,0.0040167
,,,2022-09-29 13:09:22.083,0.0032134
,,,2022-09-29 13:09:22.734,0.0036151
,,,2022-09-29 13:09:23.388,0.0039498
,,,2022-09-29 13:09:24.033,0.0029456
,,,2022-09-29 13:09:24.685,0.0030795
,,,2022-09-29 13:09:25.308,0.0028117
,,,2022-09-29 13:09:25.932,0.0053556
,,,2022-09-29 13:09:26.578,0.0038828
,,,2022-09-29 13:09:27.222,0.0033473
,,,2022-09-29 13:09:27.876,0.0030795
,,,2022-09-29 13:09:28.530,0.0032134
,,,2022-09-29 13:09:29.180,0.0033473
,,,2022-09-29 13:09:29.833,0.0040167
,,,2022-09-29 13:09:30.475,0.0047531
,,,2022-09-29 13:09:31.123,0.0041506
,,,2022-09-29 13:09:31.774,0.0033473
,,,2022-09-29 13:09:32.429,0.0033473
,,,2022-09-29 13:09:33.071,0.0033473
,,,2022-09-29 13:09:33.720,0.0029456
,,,2022-09-29 13:09:34.374,0.0044854
,,,2022-09-29 13:09:35.021,0.0038828
,,,2022-09-29 13:09:35.672,0.0039498
,,,2022-09-29 13:09:36.327,0.0051548
,,,2022-09-29 13:09:36.969,0.0032803
,,,2022-09-29 13:09:37.619,0.0048201
,,,2022-09-29 13:09:38.250,0.0028117
,,,2022-09-29 13:09:38.888,0.003749
,,,2022-09-29 13:09:39.512,0.003749
,,,2022-09-29 13:09:40.151,0.0036151
,,,2022-09-29 13:09:40.801,0.0030795
,,,2022-09-29 13:09:41.462,0.0028117
,,,2022-09-29 13:09:42.092,0.0032134
,,,2022-09-29 13:09:42.745,0.0053556
,,,2022-09-29 13:09:43.389,0.0040837
,,,2022-09-29 13:09:44.032,0.0029456
,,,2022-09-29 13:09:44.680,0.003682
,,,2022-09-29 13:09:45.334,0.0033473
,,,2022-09-29 13:09:45.976,0.0045523
,,,2022-09-29 13:09:46.623,0.0033473
,,,2022-09-29 13:09:47.275,0.0032134
,,,2022-09-29 13:09:47.897,0.0034142
,,,2022-09-29 13:09:48.650,0.0053556
,,,2022-09-29 13:09:49.311,0.0032134
,,,2022-09-29 13:09:49.947,0.0033473
,,,2022-09-29 13:09:50.595,0.0040167
,,,2022-09-29 13:09:51.238,0.0036151
,,,2022-09-29 13:09:51.880,0.0041506
,,,2022-09-29 13:09:52.526,0.003682
,,,2022-09-29 13:09:53.176,0.0030795
,,,2022-09-29 13:09:53.823,0.003749
,,,2022-09-29 13:09:54.459,0.0036151
,,,2022-09-29 13:09:55.106,0.0039498
,,,2022-09-29 13:09:55.756,0.0040837
,,,2022-09-29 13:09:56.397,0.0042845
,,,2022-09-29 13:09:57.045,0.0040167
,,,2022-09-29 13:09:57.694,0.0038828
,,,2022-09-29 13:09:58.351,0.0048201
,,,2022-09-29 13:09:58.989,0.0032803
,,,2022-09-29 13:09:59.640,0.0032134
,,,2022-09-29 13:10:00.289,0.0029456
,,,2022-09-29 13:10:00.926,0.003749
,,,2022-09-29 13:10:01.590,0.0035481
,,,2022-09-29 13:10:02.251,0.0028787
,,,2022-09-29 13:10:02.875,0.0028787
,,,2022-09-29 13:10:03.535,0.0029456
,,,2022-09-29 13:10:04.201,0.0036151
,,,2022-09-29 13:10:04.859,0.0032803
,,,2022-09-29 13:10:05.509,0.0034812
,,,2022-09-29 13:10:06.159,0.0032134
,,,2022-09-29 13:10:06.826,0.0039498
,,,2022-09-29 13:10:07.468,0.0042845
,,,2022-09-29 13:10:08.120,0.0034142
,,,2022-09-29 13:10:08.774,0.0033473
,,,2022-09-29 13:10:09.422,0.0038828
,,,2022-09-29 13:10:10.070,0.0042845
,,,2022-09-29 13:10:10.709,0.0044184
,,,2022-09-29 13:10:11.369,0.0041506
,,,2022-09-29 13:10:12.023,0.0044184
,,,2022-09-29 13:10:12.688,0.0033473
,,,2022-09-29 13:10:13.340,0.0038828
,,,2022-09-29 13:10:14.002,0.003749
,,,2022-09-29 13:10:14.662,0.0029456
,,,2022-09-29 13:10:15.318,0.0048201
,,,2022-09-29 13:10:15.958,0.0046862
,,,2022-09-29 13:10:16.582,0.0040167
,,,2022-09-29 13:10:17.234,0.0028117
,,,2022-09-29 13:10:17.874,0.0042845
,,,2022-09-29 13:10:18.529,0.0034812
,,,2022-09-29 13:10:19.171,0.0047531
,,,2022-09-29 13:10:19.822,0.0028117
,,,2022-09-29 13:10:20.497,0.0033473
,,,2022-09-29 13:10:21.150,0.0036151
,,,2022-09-29 13:10:21.774,0.0033473
,,,2022-09-29 13:10:22.400,0.003749
,,,2022-09-29 13:10:23.047,0.0029456
,,,2022-09-29 13:10:23.703,0.003749
,,,2022-09-29 13:10:24.352,0.0028117
,,,2022-09-29 13:10:25.021,0.0044854
,,,2022-09-29 13:10:25.762,0.004954
,,,2022-09-29 13:10:26.511,0.003749
,,,2022-09-29 13:10:27.159,0.0050879
,,,2022-09-29 13:10:27.814,0.0030795
,,,2022-09-29 13:10:28.453,0.0030795
,,,2022-09-29 13:10:29.112,0.0038828
,,,2022-09-29 13:10:29.756,0.0036151
,,,2022-09-29 13:10:30.401,0.004954
,,,2022-09-29 13:10:31.054,0.0036151
,,,2022-09-29 13:10:31.696,0.0038828
,,,2022-09-29 13:10:32.354,0.0038828
,,,2022-09-29 13:10:32.979,0.0025439
,,,2022-09-29 13:10:33.633,0.0038828
,,,2022-09-29 13:10:34.279,0.0032134
,,,2022-09-29 13:10:34.935,0.0030795
,,,2022-09-29 13:10:35.589,0.004887
,,,2022-09-29 13:10:36.237,0.0046862
,,,2022-09-29 13:10:36.876,0.0036151
,,,2022-09-29 13:10:37.528,0.0028117
,,,2022-09-29 13:10:38.176,0.0033473
,,,2022-09-29 13:10:38.807,0.0042845
,,,2022-09-29 13:10:39.469,0.003749
,,,2022-09-29 13:10:40.114,0.0032134
,,,2022-09-29 13:10:40.767,0.004954
,,,2022-09-29 13:10:41.408,0.0033473
,,,2022-09-29 13:10:42.058,0.0034812
,,,2022-09-29 13:10:42.722,0.0034812
,,,2022-09-29 13:10:43.441,0.0034142
,,,2022-09-29 13:10:44.079,0.0041506
,,,2022-09-29 13:10:44.724,0.0044184
,,,2022-09-29 13:10:45.348,0.0046862
,,,2022-09-29 13:10:45.972,0.0032134
,,,2022-09-29 13:10:46.630,0.0040167
,,,2022-09-29 13:10:47.275,0.0033473
,,,2022-09-29 13:10:47.905,0.0042845
,,,2022-09-29 13:10:48.557,0.0036151
,,,2022-09-29 13:10:49.206,0.003749
,,,2022-09-29 13:10:49.859,0.0034812
,,,2022-09-29 13:10:50.489,0.0044854
,,,2022-09-29 13:10:51.137,0.0057573
,,,2022-09-29 13:10:51.794,0.0038828
,,,2022-09-29 13:10:52.419,0.0033473
,,,2022-09-29 13:10:53.072,0.0044184
,,,2022-09-29 13:10:53.727,0.003749
,,,2022-09-29 13:10:54.381,0.0036151
,,,2022-09-29 13:10:55.036,0.003749
,,,2022-09-29 13:10:55.690,0.0036151
,,,2022-09-29 13:10:56.346,0.0041506
,,,2022-09-29 13:10:56.971,0.0046862
,,,2022-09-29 13:10:57.625,0.0033473
,,,2022-09-29 13:10:58.272,0.0029456
,,,2022-09-29 13:10:58.920,0.0048201
,,,2022-09-29 13:10:59.570,0.0036151
,,,2022-09-29 13:11:00.219,0.0052218
,,,2022-09-29 13:11:00.868,0.0032134
,,,2022-09-29 13:11:01.519,0.0034812
,,,2022-09-29 13:11:02.177,0.0041506
,,,2022-09-29 13:11:02.825,0.0042176
,,,2022-09-29 13:11:03.472,0.003682
,,,2022-09-29 13:11:04.125,0.0035481
,,,2022-09-29 13:11:04.782,0.0041506
,,,2022-09-29 13:11:05.404,0.0035481
,,,2022-09-29 13:11:06.050,0.0046192
,,,2022-09-29 13:11:06.710,0.0056234
,,,2022-09-29 13:11:07.371,0.0032134
,,,2022-09-29 13:11:08.023,0.003749
,,,2022-09-29 13:11:08.673,0.0044854
,,,2022-09-29 13:11:09.330,0.0040837
,,,2022-09-29 13:11:09.976,0.0036151
,,,2022-09-29 13:11:10.636,0.0033473
,,,2022-09-29 13:11:11.288,0.0042845
,,,2022-09-29 13:11:11.947,0.0042176
,,,2022-09-29 13:11:12.599,0.0048201
,,,2022-09-29 13:11:13.249,0.0041506
,,,2022-09-29 13:11:13.882,0.0027448
,,,2022-09-29 13:11:14.530,0.0032134
,,,2022-09-29 13:11:15.174,0.0033473
,,,2022-09-29 13:11:15.830,0.0046862
,,,2022-09-29 13:11:16.487,0.0036151
,,,2022-09-29 13:11:17.139,0.0030795
,,,2022-09-29 13:11:17.792,0.0029456
,,,2022-09-29 13:11:18.445,0.0034812
,,,2022-09-29 13:11:19.096,0.0025439
,,,2022-09-29 13:11:19.754,0.0033473
,,,2022-09-29 13:11:20.379,0.003749
,,,2022-09-29 13:11:21.029,0.003749
,,,2022-09-29 13:11:21.693,0.0027448
,,,2022-09-29 13:11:22.350,0.0029456
,,,2022-09-29 13:11:22.997,0.0045523
,,,2022-09-29 13:11:23.644,0.0046862
,,,2022-09-29 13:11:24.295,0.0032803
,,,2022-09-29 13:11:24.933,0.0034142
,,,2022-09-29 13:11:25.583,0.0041506
,,,2022-09-29 13:11:26.233,0.0028117
,,,2022-09-29 13:11:26.889,0.003749
,,,2022-09-29 13:11:27.544,0.0058912
,,,2022-09-29 13:11:28.194,0.0044184
,,,2022-09-29 13:11:28.843,0.0034812
,,,2022-09-29 13:11:29.488,0.0029456
,,,2022-09-29 13:11:30.141,0.0029456
,,,2022-09-29 13:11:30.785,0.0033473
,,,2022-09-29 13:11:31.432,0.0032134
,,,2022-09-29 13:11:32.084,0.0034812
,,,2022-09-29 13:11:32.726,0.0044854
,,,2022-09-29 13:11:33.389,0.0043515
,,,2022-09-29 13:11:34.039,0.0028787
,,,2022-09-29 13:11:34.691,0.0033473
,,,2022-09-29 13:11:35.347,0.0060251
,,,2022-09-29 13:11:36.008,0.0038828
,,,2022-09-29 13:11:36.664,0.0042845
,,,2022-09-29 13:11:37.321,0.0048201
,,,2022-09-29 13:11:37.943,0.003749
,,,2022-09-29 13:11:38.594,0.0030795
,,,2022-09-29 13:11:39.222,0.0029456
,,,2022-09-29 13:11:39.880,0.0041506
,,,2022-09-29 13:11:40.528,0.0056234
,,,2022-09-29 13:11:41.181,0.0044184
,,,2022-09-29 13:11:41.831,0.003749
,,,2022-09-29 13:11:42.523,0.0044184
,,,2022-09-29 13:11:43.160,0.0030795
,,,2022-09-29 13:11:43.814,0.003682
,,,2022-09-29 13:11:44.536,0.0033473
,,,2022-09-29 13:11:45.192,0.0028117
,,,2022-09-29 13:11:45.841,0.0040837
,,,2022-09-29 13:11:46.495,0.0033473
,,,2022-09-29 13:11:47.142,0.0040167
,,,2022-09-29 13:11:47.799,0.0040167
,,,2022-09-29 13:11:48.421,0.0042176
,,,2022-09-29 13:11:49.076,0.0047531
,,,2022-09-29 13:11:49.735,0.0044854
,,,2022-09-29 13:11:50.386,0.0033473
,,,2022-09-29 13:11:51.043,0.0048201
,,,2022-09-29 13:11:51.692,0.0036151
,,,2022-09-29 13:11:52.352,0.0044184
,,,2022-09-29 13:11:52.989,0.0036151
,,,2022-09-29 13:11:53.650,0.0029456
,,,2022-09-29 13:11:54.301,0.0046862
,,,2022-09-29 13:11:54.921,0.0041506
,,,2022-09-29 13:11:55.583,0.0036151
,,,2022-09-29 13:11:56.250,0.0038828
,,,2022-09-29 13:11:56.888,0.003749
,,,2022-09-29 13:11:57.539,0.0034812
,,,2022-09-29 13:11:58.189,0.0029456
,,,2022-09-29 13:11:58.838,0.0035481
,,,2022-09-29 13:11:59.488,0.0044184
,,,2022-09-29 13:12:00.113,0.0034142
,,,2022-09-29 13:12:00.764,0.0033473
,,,2022-09-29 13:12:01.417,0.0045523
,,,2022-09-29 13:12:02.071,0.0044184
,,,2022-09-29 13:12:02.731,0.0034812
,,,2022-09-29 13:12:03.394,0.0030795
,,,2022-09-29 13:12:04.039,0.0036151
,,,2022-09-29 13:12:04.688,0.0029456
,,,2022-09-29 13:12:05.311,0.003749
,,,2022-09-29 13:12:05.932,0.0026778
,,,2022-09-29 13:12:06.582,0.0032134
,,,2022-09-29 13:12:07.231,0.0038828
,,,2022-09-29 13:12:07.897,0.0044184
,,,2022-09-29 13:12:08.552,0.0029456
,,,2022-09-29 13:12:09.181,0.0028117
,,,2022-09-29 13:12:09.834,0.0035481
,,,2022-09-29 13:12:10.494,0.0029456
,,,2022-09-29 13:12:11.146,0.0033473
,,,2022-09-29 13:12:11.801,0.0032134
,,,2022-09-29 13:12:12.441,0.0045523
,,,2022-09-29 13:12:13.083,0.0041506
,,,2022-09-29 13:12:13.735,0.0034812
,,,2022-09-29 13:12:14.384,0.0038828
,,,2022-09-29 13:12:15.028,0.0048201
,,,2022-09-29 13:12:15.678,0.0048201
,,,2022-09-29 13:12:16.331,0.0034812
,,,2022-09-29 13:12:16.957,0.0046862
,,,2022-09-29 13:12:17.611,0.0060251
,,,2022-09-29 13:12:18.260,0.0032134
,,,2022-09-29 13:12:18.906,0.0056234
,,,2022-09-29 13:12:19.559,0.0040167
,,,2022-09-29 13:12:20.208,0.0026778
,,,2022-09-29 13:12:20.865,0.0044184
,,,2022-09-29 13:12:21.519,0.0042845
,,,2022-09-29 13:12:22.171,0.0040167
,,,2022-09-29 13:12:22.826,0.004954
,,,2022-09-29 13:12:23.449,0.0041506
,,,2022-09-29 13:12:24.106,0.0029456
,,,2022-09-29 13:12:24.756,0.003749
,,,2022-09-29 13:12:25.379,0.0036151
,,,2022-09-29 13:12:26.028,0.0029456
,,,2022-09-29 13:12:26.688,0.0036151
,,,2022-09-29 13:12:27.345,0.0045523
,,,2022-09-29 13:12:28.010,0.0031464
,,,2022-09-29 13:12:28.669,0.0036151
,,,2022-09-29 13:12:29.340,0.0050879
,,,2022-09-29 13:12:29.981,0.0048201
,,,2022-09-29 13:12:30.635,0.0030795
,,,2022-09-29 13:12:31.277,0.0036151
,,,2022-09-29 13:12:31.925,0.0034142
,,,2022-09-29 13:12:32.565,0.0046862
,,,2022-09-29 13:12:33.211,0.0034812
,,,2022-09-29 13:12:33.870,0.0041506
,,,2022-09-29 13:12:34.524,0.0044184
,,,2022-09-29 13:12:35.145,0.0033473
,,,2022-09-29 13:12:35.789,0.0033473
,,,2022-09-29 13:12:36.413,0.0050879
,,,2022-09-29 13:12:37.077,0.0040167
,,,2022-09-29 13:12:37.734,0.0036151
,,,2022-09-29 13:12:38.388,0.0033473
,,,2022-09-29 13:12:39.041,0.0032134
,,,2022-09-29 13:12:39.670,0.0038828
,,,2022-09-29 13:12:40.333,0.0045523
,,,2022-09-29 13:12:40.955,0.0032134
,,,2022-09-29 13:12:41.610,0.0028117
,,,2022-09-29 13:12:42.236,0.0042176
,,,2022-09-29 13:12:42.883,0.0032134
,,,2022-09-29 13:12:43.544,0.0054895
,,,2022-09-29 13:12:44.204,0.0034812
,,,2022-09-29 13:12:44.949,0.0033473
,,,2022-09-29 13:12:45.602,0.0028117
,,,2022-09-29 13:12:46.250,0.0038828
,,,2022-09-29 13:12:46.879,0.0034812
,,,2022-09-29 13:12:47.534,0.0033473
,,,2022-09-29 13:12:48.185,0.0039498
,,,2022-09-29 13:12:48.834,0.0053556
,,,2022-09-29 13:12:49.488,0.0035481
,,,2022-09-29 13:12:50.137,0.0029456
,,,2022-09-29 13:12:50.792,0.0032134
,,,2022-09-29 13:12:51.447,0.003749
,,,2022-09-29 13:12:52.098,0.0038828
,,,2022-09-29 13:12:52.755,0.003749
,,,2022-09-29 13:12:53.379,0.0029456
,,,2022-09-29 13:12:54.032,0.0048201
,,,2022-09-29 13:12:54.691,0.0053556
,,,2022-09-29 13:12:55.343,0.0026778
,,,2022-09-29 13:12:55.983,0.0043515
,,,2022-09-29 13:12:56.638,0.0048201
,,,2022-09-29 13:12:57.296,0.0029456
,,,2022-09-29 13:12:57.946,0.0054895
,,,2022-09-29 13:12:58.603,0.0042845
,,,2022-09-29 13:12:59.261,0.0042845
,,,2022-09-29 13:12:59.882,0.0042845
,,,2022-09-29 13:13:00.539,0.004954
,,,2022-09-29 13:13:01.196,0.0053556
,,,2022-09-29 13:13:01.846,0.0032134
,,,2022-09-29 13:13:02.521,0.0033473
,,,2022-09-29 13:13:03.170,0.0044184
,,,2022-09-29 13:13:03.826,0.0030795
,,,2022-09-29 13:13:04.445,0.0034142
,,,2022-09-29 13:13:05.095,0.0050879
,,,2022-09-29 13:13:05.754,0.0030795
,,,2022-09-29 13:13:06.419,0.0036151
,,,2022-09-29 13:13:07.065,0.0040167
,,,2022-09-29 13:13:07.720,0.0033473
,,,2022-09-29 13:13:08.382,0.0030795
,,,2022-09-29 13:13:09.034,0.0032134
,,,2022-09-29 13:13:09.693,0.0026778
,,,2022-09-29 13:13:10.348,0.0048201
,,,2022-09-29 13:13:10.971,0.0069623
,,,2022-09-29 13:13:11.593,0.0044184
,,,2022-09-29 13:13:12.245,0.0040167
,,,2022-09-29 13:13:12.868,0.0038828
,,,2022-09-29 13:13:13.518,0.0035481
,,,2022-09-29 13:13:14.166,0.0036151
,,,2022-09-29 13:13:14.813,0.0046862
,,,2022-09-29 13:13:15.465,0.003749
,,,2022-09-29 13:13:16.112,0.0053556
,,,2022-09-29 13:13:16.758,0.0045523
,,,2022-09-29 13:13:17.382,0.003749
,,,2022-09-29 13:13:18.040,0.0042845
,,,2022-09-29 13:13:18.692,0.0040167
,,,2022-09-29 13:13:19.337,0.0044184
,,,2022-09-29 13:13:19.978,0.0036151
,,,2022-09-29 13:13:20.628,0.0045523
,,,2022-09-29 13:13:21.280,0.0038828
,,,2022-09-29 13:13:21.920,0.0053556
,,,2022-09-29 13:13:22.572,0.0040837
,,,2022-09-29 13:13:23.319,0.0066946
,,,2022-09-29 13:13:23.967,0.0034142
,,,2022-09-29 13:13:24.610,0.0030795
,,,2022-09-29 13:13:25.264,0.0033473
,,,2022-09-29 13:13:25.898,0.0040167
,,,2022-09-29 13:13:26.554,0.0036151
,,,2022-09-29 13:13:27.207,0.0038159
,,,2022-09-29 13:13:27.862,0.0026778
,,,2022-09-29 13:13:28.500,0.0032134
,,,2022-09-29 13:13:29.147,0.0036151
,,,2022-09-29 13:13:29.799,0.0044184
,,,2022-09-29 13:13:30.451,0.0030126
,,,2022-09-29 13:13:31.103,0.004954
,,,2022-09-29 13:13:31.752,0.0031464
,,,2022-09-29 13:13:32.403,0.0044184
,,,2022-09-29 13:13:33.023,0.0029456
,,,2022-09-29 13:13:33.674,0.0033473
,,,2022-09-29 13:13:34.329,0.0032134
,,,2022-09-29 13:13:34.952,0.0032134
,,,2022-09-29 13:13:35.602,0.0038828
,,,2022-09-29 13:13:36.254,0.0040167
,,,2022-09-29 13:13:36.906,0.0033473
,,,2022-09-29 13:13:37.530,0.0041506
,,,2022-09-29 13:13:38.174,0.0033473
,,,2022-09-29 13:13:38.835,0.0057573
,,,2022-09-29 13:13:39.462,0.0033473
,,,2022-09-29 13:13:40.099,0.003749
,,,2022-09-29 13:13:40.753,0.0044184
,,,2022-09-29 13:13:41.400,0.0046862
,,,2022-09-29 13:13:42.026,0.0034812
,,,2022-09-29 13:13:42.650,0.003749
,,,2022-09-29 13:13:43.276,0.0044854
,,,2022-09-29 13:13:43.897,0.0030795
,,,2022-09-29 13:13:44.524,0.0026778
,,,2022-09-29 13:13:45.147,0.0041506
,,,2022-09-29 13:13:45.771,0.0040837
,,,2022-09-29 13:13:46.396,0.003749
,,,2022-09-29 13:13:47.047,0.0038828
,,,2022-09-29 13:13:47.693,0.0029456
,,,2022-09-29 13:13:48.347,0.0032134
,,,2022-09-29 13:13:48.986,0.0031464
,,,2022-09-29 13:13:49.631,0.0040167
,,,2022-09-29 13:13:50.280,0.0034812
,,,2022-09-29 13:13:50.918,0.0042845
,,,2022-09-29 13:13:51.570,0.0028117
,,,2022-09-29 13:13:52.216,0.0036151
,,,2022-09-29 13:13:52.868,0.0029456
,,,2022-09-29 13:13:53.492,0.0044184
,,,2022-09-29 13:13:54.131,0.0032134
,,,2022-09-29 13:13:54.776,0.0046862
,,,2022-09-29 13:13:55.400,0.0042845
,,,2022-09-29 13:13:56.043,0.0036151
,,,2022-09-29 13:13:56.700,0.0026778
,,,2022-09-29 13:13:57.359,0.0046862
,,,2022-09-29 13:13:57.994,0.0048201
,,,2022-09-29 13:13:58.647,0.0041506
,,,2022-09-29 13:13:59.271,0.0034812
,,,2022-09-29 13:13:59.914,0.003682
,,,2022-09-29 13:14:00.565,0.0045523
,,,2022-09-29 13:14:01.219,0.0026778
,,,2022-09-29 13:14:01.877,0.0026778
,,,2022-09-29 13:14:02.531,0.0033473
,,,2022-09-29 13:14:03.175,0.004954
,,,2022-09-29 13:14:03.843,0.0038828
,,,2022-09-29 13:14:04.490,0.0041506
,,,2022-09-29 13:14:05.138,0.0050879
,,,2022-09-29 13:14:05.792,0.003749
,,,2022-09-29 13:14:06.443,0.0031464
,,,2022-09-29 13:14:07.094,0.0053556
,,,2022-09-29 13:14:07.740,0.0040167
,,,2022-09-29 13:14:08.396,0.0034812
,,,2022-09-29 13:14:09.045,0.0043515
,,,2022-09-29 13:14:09.700,0.0038828
,,,2022-09-29 13:14:10.345,0.0029456
,,,2022-09-29 13:14:10.994,0.0029456
,,,2022-09-29 13:14:11.639,0.0033473
,,,2022-09-29 13:14:12.313,0.0028117
,,,2022-09-29 13:14:12.953,0.0026778
,,,2022-09-29 13:14:13.598,0.0035481
,,,2022-09-29 13:14:14.256,0.0029456
,,,2022-09-29 13:14:14.903,0.0030795
,,,2022-09-29 13:14:15.556,0.0028117
,,,2022-09-29 13:14:16.205,0.0030795
,,,2022-09-29 13:14:16.849,0.0029456
,,,2022-09-29 13:14:17.494,0.0040837
,,,2022-09-29 13:14:18.137,0.0029456
,,,2022-09-29 13:14:18.793,0.003749
,,,2022-09-29 13:14:19.440,0.0041506
,,,2022-09-29 13:14:20.077,0.003682
,,,2022-09-29 13:14:20.732,0.0040167
,,,2022-09-29 13:14:21.394,0.0038828
,,,2022-09-29 13:14:22.037,0.0038828
,,,2022-09-29 13:14:22.687,0.0038159
,,,2022-09-29 13:14:23.335,0.0054895
,,,2022-09-29 13:14:23.972,0.0032134
,,,2022-09-29 13:14:24.621,0.0047531
,,,2022-09-29 13:14:25.258,0.0046862
,,,2022-09-29 13:14:25.924,0.0033473
,,,2022-09-29 13:14:26.573,0.0032134
,,,2022-09-29 13:14:27.222,0.004954
,,,2022-09-29 13:14:27.882,0.0029456
,,,2022-09-29 13:14:28.527,0.0054895
,,,2022-09-29 13:14:29.174,0.0036151
,,,2022-09-29 13:14:29.828,0.0026778
,,,2022-09-29 13:14:30.470,0.0032134
,,,2022-09-29 13:14:31.107,0.0038828
,,,2022-09-29 13:14:31.751,0.0029456
,,,2022-09-29 13:14:32.376,0.0041506
,,,2022-09-29 13:14:33.022,0.0044184
,,,2022-09-29 13:14:33.666,0.0040167
,,,2022-09-29 13:14:34.319,0.0047531
,,,2022-09-29 13:14:34.954,0.0044184
,,,2022-09-29 13:14:35.598,0.0039498
,,,2022-09-29 13:14:36.247,0.0029456
,,,2022-09-29 13:14:36.894,0.0044854
,,,2022-09-29 13:14:37.548,0.0042845
,,,2022-09-29 13:14:38.197,0.0048201
,,,2022-09-29 13:14:38.852,0.003749
,,,2022-09-29 13:14:39.493,0.0029456
,,,2022-09-29 13:14:40.120,0.0042845
,,,2022-09-29 13:14:40.776,0.0072301
,,,2022-09-29 13:14:41.436,0.004954
,,,2022-09-29 13:14:42.104,0.0030126
,,,2022-09-29 13:14:42.763,0.0032803
,,,2022-09-29 13:14:43.448,0.003749
,,,2022-09-29 13:14:44.100,0.0036151
,,,2022-09-29 13:14:44.759,0.0044184
,,,2022-09-29 13:14:45.445,0.0030795
,,,2022-09-29 13:14:46.095,0.0058912
,,,2022-09-29 13:14:46.746,0.0028117
,,,2022-09-29 13:14:47.394,0.0046192
,,,2022-09-29 13:14:48.040,0.0052218
,,,2022-09-29 13:14:48.683,0.0033473
,,,2022-09-29 13:14:49.349,0.0041506
,,,2022-09-29 13:14:49.974,0.0034812
,,,2022-09-29 13:14:50.628,0.0040167
,,,2022-09-29 13:14:51.276,0.0028117
,,,2022-09-29 13:14:51.938,0.0038828
,,,2022-09-29 13:14:52.583,0.0029456
,,,2022-09-29 13:14:53.226,0.0036151
,,,2022-09-29 13:14:53.879,0.0034812
,,,2022-09-29 13:14:54.535,0.0042845
,,,2022-09-29 13:14:55.183,0.0036151
,,,2022-09-29 13:14:55.835,0.0033473
,,,2022-09-29 13:14:56.474,0.003749
,,,2022-09-29 13:14:57.112,0.003749
,,,2022-09-29 13:14:57.767,0.0041506
,,,2022-09-29 13:14:58.420,0.0040167
,,,2022-09-29 13:14:59.065,0.0045523
,,,2022-09-29 13:14:59.722,0.0026778
,,,2022-09-29 13:15:00.373,0.0030795
,,,2022-09-29 13:15:01.021,0.0029456
,,,2022-09-29 13:15:01.671,0.0036151
,,,2022-09-29 13:15:02.323,0.0040837
,,,2022-09-29 13:15:02.982,0.0042845
,,,2022-09-29 13:15:03.639,0.0028117
,,,2022-09-29 13:15:04.306,0.0036151
,,,2022-09-29 13:15:04.955,0.0034812
,,,2022-09-29 13:15:05.605,0.0032134
,,,2022-09-29 13:15:06.252,0.0028117
,,,2022-09-29 13:15:06.905,0.0057573
,,,2022-09-29 13:15:07.553,0.003749
,,,2022-09-29 13:15:08.199,0.0046862
,,,2022-09-29 13:15:08.843,0.0042845
,,,2022-09-29 13:15:09.467,0.0040167
,,,2022-09-29 13:15:10.112,0.0036151
,,,2022-09-29 13:15:10.770,0.0040167
,,,2022-09-29 13:15:11.394,0.0042845
,,,2022-09-29 13:15:12.046,0.0036151
,,,2022-09-29 13:15:12.699,0.0043515
,,,2022-09-29 13:15:13.354,0.0029456
,,,2022-09-29 13:15:14.002,0.0026778
,,,2022-09-29 13:15:14.650,0.0032134
,,,2022-09-29 13:15:15.303,0.003749
,,,2022-09-29 13:15:15.956,0.0048201
,,,2022-09-29 13:15:16.609,0.0050879
,,,2022-09-29 13:15:17.258,0.0029456
,,,2022-09-29 13:15:17.887,0.0029456
,,,2022-09-29 13:15:18.534,0.0039498
,,,2022-09-29 13:15:19.182,0.0036151
,,,2022-09-29 13:15:19.827,0.0036151
,,,2022-09-29 13:15:20.470,0.0038828
,,,2022-09-29 13:15:21.122,0.0031464
,,,2022-09-29 13:15:21.779,0.0034812
,,,2022-09-29 13:15:22.469,0.0039498
,,,2022-09-29 13:15:23.106,0.0036151
,,,2022-09-29 13:15:23.762,0.0036151
,,,2022-09-29 13:15:24.387,0.0052218
,,,2022-09-29 13:15:25.032,0.0026778
,,,2022-09-29 13:15:25.682,0.0040167
,,,2022-09-29 13:15:26.333,0.003749
,,,2022-09-29 13:15:26.988,0.0036151
,,,2022-09-29 13:15:27.629,0.0035481
,,,2022-09-29 13:15:28.272,0.0030795
,,,2022-09-29 13:15:28.919,0.0042845
,,,2022-09-29 13:15:29.570,0.0028117
,,,2022-09-29 13:15:30.213,0.0026778
,,,2022-09-29 13:15:30.868,0.0033473
,,,2022-09-29 13:15:31.513,0.0029456
,,,2022-09-29 13:15:32.162,0.0029456
,,,2022-09-29 13:15:32.811,0.0032134
,,,2022-09-29 13:15:33.435,0.0030795
,,,2022-09-29 13:15:34.082,0.0046192
,,,2022-09-29 13:15:34.729,0.0036151
,,,2022-09-29 13:15:35.388,0.0036151
,,,2022-09-29 13:15:36.027,0.0044184
,,,2022-09-29 13:15:36.676,0.0041506
,,,2022-09-29 13:15:37.317,0.0025439
,,,2022-09-29 13:15:37.943,0.0041506
,,,2022-09-29 13:15:38.590,0.0029456
,,,2022-09-29 13:15:39.254,0.0036151
,,,2022-09-29 13:15:39.901,0.0046862
,,,2022-09-29 13:15:40.528,0.0040167
,,,2022-09-29 13:15:41.173,0.0040167
,,,2022-09-29 13:15:41.824,0.0043515
,,,2022-09-29 13:15:42.450,0.0034812
,,,2022-09-29 13:15:43.098,0.0028117
,,,2022-09-29 13:15:43.769,0.0044184
,,,2022-09-29 13:15:44.392,0.0031464
,,,2022-09-29 13:15:45.017,0.0041506
,,,2022-09-29 13:15:45.658,0.0034812
,,,2022-09-29 13:15:46.304,0.003682
,,,2022-09-29 13:15:46.982,0.0038159
,,,2022-09-29 13:15:47.605,0.0028117
,,,2022-09-29 13:15:48.258,0.0033473
,,,2022-09-29 13:15:48.905,0.0030795
,,,2022-09-29 13:15:49.556,0.0038828
,,,2022-09-29 13:15:50.196,0.0031464
,,,2022-09-29 13:15:50.853,0.0048201
,,,2022-09-29 13:15:51.506,0.0029456
,,,2022-09-29 13:15:52.164,0.0044184
,,,2022-09-29 13:15:52.805,0.0028787
,,,2022-09-29 13:15:53.463,0.0029456
,,,2022-09-29 13:15:54.113,0.0026778
,,,2022-09-29 13:15:54.755,0.0040167
,,,2022-09-29 13:15:55.388,0.0030126
,,,2022-09-29 13:15:56.033,0.0052218
,,,2022-09-29 13:15:56.678,0.0045523
,,,2022-09-29 13:15:57.328,0.0030795
,,,2022-09-29 13:15:57.970,0.0041506
,,,2022-09-29 13:15:58.618,0.0064937
,,,2022-09-29 13:15:59.280,0.0035481
,,,2022-09-29 13:15:59.929,0.0034812
,,,2022-09-29 13:16:00.587,0.0040167
,,,2022-09-29 13:16:01.237,0.0034812
,,,2022-09-29 13:16:01.890,0.0030795
,,,2022-09-29 13:16:02.535,0.0033473
,,,2022-09-29 13:16:03.186,0.0050209
,,,2022-09-29 13:16:03.836,0.0052218
,,,2022-09-29 13:16:04.482,0.0038159
,,,2022-09-29 13:16:05.124,0.0041506
,,,2022-09-29 13:16:05.769,0.0032134
,,,2022-09-29 13:16:06.411,0.0032134
,,,2022-09-29 13:16:07.056,0.003749
,,,2022-09-29 13:16:07.714,0.003749
,,,2022-09-29 13:16:08.375,0.0028117
,,,2022-09-29 13:16:08.999,0.0045523
,,,2022-09-29 13:16:09.624,0.0034812
,,,2022-09-29 13:16:10.268,0.0038159
,,,2022-09-29 13:16:10.893,0.0033473
,,,2022-09-29 13:16:11.535,0.0043515
,,,2022-09-29 13:16:12.163,0.0032134
,,,2022-09-29 13:16:12.808,0.0038828
,,,2022-09-29 13:16:13.431,0.003749
,,,2022-09-29 13:16:14.085,0.0045523
,,,2022-09-29 13:16:14.731,0.0033473
,,,2022-09-29 13:16:15.396,0.0046862
,,,2022-09-29 13:16:16.018,0.0030795
,,,2022-09-29 13:16:16.640,0.0046862
,,,2022-09-29 13:16:17.296,0.0026778
,,,2022-09-29 13:16:17.937,0.0034812
,,,2022-09-29 13:16:18.597,0.0041506
,,,2022-09-29 13:16:19.220,0.0032134
,,,2022-09-29 13:16:19.871,0.004954
,,,2022-09-29 13:16:20.517,0.0044184
,,,2022-09-29 13:16:21.159,0.0053556
,,,2022-09-29 13:16:21.797,0.0028787
,,,2022-09-29 13:16:22.421,0.0033473
,,,2022-09-29 13:16:23.077,0.0044184
,,,2022-09-29 13:16:23.730,0.0036151
,,,2022-09-29 13:16:24.377,0.0035481
,,,2022-09-29 13:16:25.021,0.0053556
,,,2022-09-29 13:16:25.675,0.003749
,,,2022-09-29 13:16:26.335,0.0032134
,,,2022-09-29 13:16:26.985,0.0028117
,,,2022-09-29 13:16:27.644,0.0034812
,,,2022-09-29 13:16:28.299,0.0057573
,,,2022-09-29 13:16:28.936,0.0028117
,,,2022-09-29 13:16:29.585,0.0034812
,,,2022-09-29 13:16:30.232,0.0034812
,,,2022-09-29 13:16:30.897,0.0032134
,,,2022-09-29 13:16:31.559,0.0026778
,,,2022-09-29 13:16:32.207,0.0026778
,,,2022-09-29 13:16:32.860,0.0032134
,,,2022-09-29 13:16:33.507,0.0026778
,,,2022-09-29 13:16:34.157,0.0032134
,,,2022-09-29 13:16:34.809,0.0030795
,,,2022-09-29 13:16:35.431,0.0045523
,,,2022-09-29 13:16:36.054,0.0033473
,,,2022-09-29 13:16:36.696,0.0025439
,,,2022-09-29 13:16:37.321,0.0028117
,,,2022-09-29 13:16:37.967,0.0032134
,,,2022-09-29 13:16:38.612,0.003749
,,,2022-09-29 13:16:39.263,0.0036151
,,,2022-09-29 13:16:39.924,0.0030795
,,,2022-09-29 13:16:40.563,0.0032803
,,,2022-09-29 13:16:41.212,0.0044184
,,,2022-09-29 13:16:41.865,0.0034812
,,,2022-09-29 13:16:42.488,0.0042845
,,,2022-09-29 13:16:43.112,0.0036151
,,,2022-09-29 13:16:43.738,0.0030795
,,,2022-09-29 13:16:44.465,0.0030126
,,,2022-09-29 13:16:45.110,0.0026778
,,,2022-09-29 13:16:45.738,0.004954
,,,2022-09-29 13:16:46.392,0.0034812
,,,2022-09-29 13:16:47.029,0.0032134
,,,2022-09-29 13:16:47.673,0.0028117
,,,2022-09-29 13:16:48.322,0.0029456
,,,2022-09-29 13:16:48.947,0.0041506
,,,2022-09-29 13:16:49.609,0.0034812
,,,2022-09-29 13:16:50.277,0.0033473
,,,2022-09-29 13:16:50.936,0.0030795
,,,2022-09-29 13:16:51.587,0.003749
,,,2022-09-29 13:16:52.237,0.003749
,,,2022-09-29 13:16:52.883,0.0028117
,,,2022-09-29 13:16:53.528,0.0033473
,,,2022-09-29 13:16:54.168,0.0042845
,,,2022-09-29 13:16:54.812,0.0032134
,,,2022-09-29 13:16:55.474,0.0032134
,,,2022-09-29 13:16:56.116,0.0030795
,,,2022-09-29 13:16:56.766,0.0026778
,,,2022-09-29 13:16:57.411,0.0033473
,,,2022-09-29 13:16:58.064,0.0036151
,,,2022-09-29 13:16:58.707,0.0038828
,,,2022-09-29 13:16:59.356,0.0039498
,,,2022-09-29 13:17:00.006,0.0046862
,,,2022-09-29 13:17:00.682,0.0034812
,,,2022-09-29 13:17:01.326,0.0033473
,,,2022-09-29 13:17:01.974,0.0034812
,,,2022-09-29 13:17:02.624,0.0039498
,,,2022-09-29 13:17:03.272,0.0035481
,,,2022-09-29 13:17:03.907,0.006159
,,,2022-09-29 13:17:04.552,0.0044184
,,,2022-09-29 13:17:05.190,0.0036151
,,,2022-09-29 13:17:05.839,0.0034812
,,,2022-09-29 13:17:06.487,0.0046192
,,,2022-09-29 13:17:07.132,0.0032134
,,,2022-09-29 13:17:07.782,0.0038159
,,,2022-09-29 13:17:08.431,0.0032134
,,,2022-09-29 13:17:09.077,0.0029456
,,,2022-09-29 13:17:09.720,0.0034812
,,,2022-09-29 13:17:10.374,0.0045523
,,,2022-09-29 13:17:11.021,0.0042845
,,,2022-09-29 13:17:11.678,0.00241
,,,2022-09-29 13:17:12.318,0.0038828
,,,2022-09-29 13:17:12.942,0.0069623
,,,2022-09-29 13:17:13.597,0.0033473
,,,2022-09-29 13:17:14.245,0.0044184
,,,2022-09-29 13:17:14.888,0.0040167
,,,2022-09-29 13:17:15.543,0.0044184
,,,2022-09-29 13:17:16.194,0.0029456
,,,2022-09-29 13:17:16.845,0.0042845
,,,2022-09-29 13:17:17.488,0.0055565
,,,2022-09-29 13:17:18.134,0.0032134
,,,2022-09-29 13:17:18.787,0.0042845
,,,2022-09-29 13:17:19.456,0.0040167
,,,2022-09-29 13:17:20.133,0.0038828
,,,2022-09-29 13:17:20.782,0.0026778
,,,2022-09-29 13:17:21.459,0.0036151
,,,2022-09-29 13:17:22.103,0.0052218
,,,2022-09-29 13:17:22.754,0.00241
,,,2022-09-29 13:17:23.400,0.0039498
,,,2022-09-29 13:17:24.041,0.0036151
,,,2022-09-29 13:17:24.691,0.004954
,,,2022-09-29 13:17:25.338,0.0045523
,,,2022-09-29 13:17:25.993,0.0034812
,,,2022-09-29 13:17:26.647,0.003749
,,,2022-09-29 13:17:27.297,0.0028117
,,,2022-09-29 13:17:27.941,0.0038828
,,,2022-09-29 13:17:28.591,0.004954
,,,2022-09-29 13:17:29.234,0.003682
,,,2022-09-29 13:17:29.881,0.0033473
,,,2022-09-29 13:17:30.534,0.0032134
,,,2022-09-29 13:17:31.181,0.0041506
,,,2022-09-29 13:17:31.836,0.0033473
,,,2022-09-29 13:17:32.478,0.0048201
,,,2022-09-29 13:17:33.124,0.0036151
,,,2022-09-29 13:17:33.778,0.0033473
,,,2022-09-29 13:17:34.403,0.0048201
,,,2022-09-29 13:17:35.051,0.0033473
,,,2022-09-29 13:17:35.690,0.0034812
,,,2022-09-29 13:17:36.337,0.0042845
,,,2022-09-29 13:17:36.980,0.0039498
,,,2022-09-29 13:17:37.627,0.0034812
,,,2022-09-29 13:17:38.284,0.0028117
,,,2022-09-29 13:17:38.904,0.0034812
,,,2022-09-29 13:17:39.555,0.0036151
,,,2022-09-29 13:17:40.201,0.0030795
,,,2022-09-29 13:17:40.835,0.003749
,,,2022-09-29 13:17:41.476,0.0033473
,,,2022-09-29 13:17:42.103,0.0044184
,,,2022-09-29 13:17:42.744,0.0030795
,,,2022-09-29 13:17:43.367,0.00241
,,,2022-09-29 13:17:43.987,0.0026778
,,,2022-09-29 13:17:44.614,0.0032134
,,,2022-09-29 13:17:45.242,0.0041506
,,,2022-09-29 13:17:45.879,0.0034812
,,,2022-09-29 13:17:46.529,0.003749
,,,2022-09-29 13:17:47.178,0.0041506
,,,2022-09-29 13:17:47.825,0.0030795
,,,2022-09-29 13:17:48.473,0.0045523
,,,2022-09-29 13:17:49.118,0.0042845
,,,2022-09-29 13:17:49.769,0.0029456
,,,2022-09-29 13:17:50.392,0.0034812
,,,2022-09-29 13:17:51.043,0.0041506
,,,2022-09-29 13:17:51.798,0.0029456
,,,2022-09-29 13:17:52.420,0.0042845
,,,2022-09-29 13:17:53.067,0.0050879
,,,2022-09-29 13:17:53.732,0.0042845
,,,2022-09-29 13:17:54.381,0.0026778
,,,2022-09-29 13:17:55.022,0.0029456
,,,2022-09-29 13:17:55.669,0.0041506
,,,2022-09-29 13:17:56.321,0.0041506
,,,2022-09-29 13:17:56.945,0.0038159
,,,2022-09-29 13:17:57.565,0.0033473
,,,2022-09-29 13:17:58.214,0.0038828
,,,2022-09-29 13:17:58.872,0.0025439
,,,2022-09-29 13:17:59.520,0.003749
,,,2022-09-29 13:18:00.178,0.0042845
,,,2022-09-29 13:18:00.831,0.0034812
,,,2022-09-29 13:18:01.466,0.0038828
,,,2022-09-29 13:18:02.113,0.0054895
,,,2022-09-29 13:18:02.763,0.0045523
,,,2022-09-29 13:18:03.387,0.0060251
,,,2022-09-29 13:18:04.042,0.0038828
,,,2022-09-29 13:18:04.696,0.0040167
,,,2022-09-29 13:18:05.353,0.003749
,,,2022-09-29 13:18:05.987,0.0032803
,,,2022-09-29 13:18:06.639,0.0044184
,,,2022-09-29 13:18:07.295,0.0043515
,,,2022-09-29 13:18:07.937,0.003682
,,,2022-09-29 13:18:08.583,0.0030795
,,,2022-09-29 13:18:09.227,0.0051548
,,,2022-09-29 13:18:09.878,0.0032134
,,,2022-09-29 13:18:10.521,0.0033473
,,,2022-09-29 13:18:11.170,0.0044184
,,,2022-09-29 13:18:11.824,0.0050879
,,,2022-09-29 13:18:12.477,0.0030795
,,,2022-09-29 13:18:13.127,0.003749
,,,2022-09-29 13:18:13.769,0.0040167
,,,2022-09-29 13:18:14.393,0.0044184
,,,2022-09-29 13:18:15.043,0.0032803
,,,2022-09-29 13:18:15.664,0.0042176
,,,2022-09-29 13:18:16.309,0.0032134
,,,2022-09-29 13:18:16.930,0.004954
,,,2022-09-29 13:18:17.579,0.0033473
,,,2022-09-29 13:18:18.228,0.0052218
,,,2022-09-29 13:18:18.871,0.0034812
,,,2022-09-29 13:18:19.517,0.0045523
,,,2022-09-29 13:18:20.158,0.0029456
,,,2022-09-29 13:18:20.808,0.0029456
,,,2022-09-29 13:18:21.431,0.0036151
,,,2022-09-29 13:18:22.083,0.0034812
,,,2022-09-29 13:18:22.738,0.0036151
,,,2022-09-29 13:18:23.407,0.0026778
,,,2022-09-29 13:18:24.051,0.003749
,,,2022-09-29 13:18:24.697,0.0034812
,,,2022-09-29 13:18:25.344,0.0028117
,,,2022-09-29 13:18:25.994,0.0034142
,,,2022-09-29 13:18:26.621,0.0028117
,,,2022-09-29 13:18:27.276,0.0053556
,,,2022-09-29 13:18:27.901,0.0045523
,,,2022-09-29 13:18:28.550,0.0030795
,,,2022-09-29 13:18:29.193,0.0028117
,,,2022-09-29 13:18:29.845,0.003749
,,,2022-09-29 13:18:30.469,0.0028117
,,,2022-09-29 13:18:31.152,0.0038828
,,,2022-09-29 13:18:31.779,0.0030795
,,,2022-09-29 13:18:32.442,0.0034142
,,,2022-09-29 13:18:33.093,0.0057573
,,,2022-09-29 13:18:33.749,0.003749
,,,2022-09-29 13:18:34.393,0.0052218
,,,2022-09-29 13:18:35.038,0.0028117
,,,2022-09-29 13:18:35.695,0.0030795
,,,2022-09-29 13:18:36.350,0.003749
,,,2022-09-29 13:18:37.002,0.003682
,,,2022-09-29 13:18:37.682,0.0026778
,,,2022-09-29 13:18:38.335,0.0036151
,,,2022-09-29 13:18:38.977,0.0032134
,,,2022-09-29 13:18:39.636,0.0030795
,,,2022-09-29 13:18:40.283,0.003682
,,,2022-09-29 13:18:40.908,0.0026109
,,,2022-09-29 13:18:41.564,0.0036151
,,,2022-09-29 13:18:42.222,0.0033473
,,,2022-09-29 13:18:42.946,0.0036151
,,,2022-09-29 13:18:43.614,0.0054895
,,,2022-09-29 13:18:44.238,0.003749
,,,2022-09-29 13:18:44.862,0.0030126
,,,2022-09-29 13:18:45.483,0.0038828
,,,2022-09-29 13:18:46.132,0.0032134
,,,2022-09-29 13:18:46.787,0.0034812
,,,2022-09-29 13:18:47.437,0.0046862
,,,2022-09-29 13:18:48.097,0.0032134
,,,2022-09-29 13:18:48.753,0.0038828
,,,2022-09-29 13:18:49.399,0.003682
,,,2022-09-29 13:18:50.048,0.0026778
,,,2022-09-29 13:18:50.701,0.003749
,,,2022-09-29 13:18:51.362,0.0042176
,,,2022-09-29 13:18:52.006,0.0033473
,,,2022-09-29 13:18:52.658,0.0041506
,,,2022-09-29 13:18:53.310,0.0029456
,,,2022-09-29 13:18:53.963,0.0044184
,,,2022-09-29 13:18:54.613,0.0040167
,,,2022-09-29 13:18:55.267,0.0053556
,,,2022-09-29 13:18:55.918,0.0030795
,,,2022-09-29 13:18:56.575,0.0044184
,,,2022-09-29 13:18:57.225,0.0036151
,,,2022-09-29 13:18:57.883,0.0041506
,,,2022-09-29 13:18:58.537,0.0034812
,,,2022-09-29 13:18:59.183,0.0033473
,,,2022-09-29 13:18:59.842,0.0032134
,,,2022-09-29 13:19:00.495,0.0034812
,,,2022-09-29 13:19:01.152,0.0026778
,,,2022-09-29 13:19:01.804,0.0033473
,,,2022-09-29 13:19:02.427,0.0038828
,,,2022-09-29 13:19:03.082,0.0038828
,,,2022-09-29 13:19:03.750,0.0046862
,,,2022-09-29 13:19:04.407,0.0056904
,,,2022-09-29 13:19:05.058,0.0028117
,,,2022-09-29 13:19:05.707,0.0031464
,,,2022-09-29 13:19:06.364,0.0028787
,,,2022-09-29 13:19:07.011,0.0045523
,,,2022-09-29 13:19:07.656,0.003749
,,,2022-09-29 13:19:08.309,0.0050879
,,,2022-09-29 13:19:08.948,0.0028117
,,,2022-09-29 13:19:09.622,0.0034812
,,,2022-09-29 13:19:10.276,0.0042845
,,,2022-09-29 13:19:11.039,0.0042845
,,,2022-09-29 13:19:11.703,0.0041506
,,,2022-09-29 13:19:12.348,0.0029456
,,,2022-09-29 13:19:13.006,0.0036151
,,,2022-09-29 13:19:13.662,0.0040167
,,,2022-09-29 13:19:14.329,0.0044184
,,,2022-09-29 13:19:14.975,0.0041506
,,,2022-09-29 13:19:15.627,0.0028117
,,,2022-09-29 13:19:16.273,0.0038828
,,,2022-09-29 13:19:16.927,0.0040167
,,,2022-09-29 13:19:17.585,0.003749
,,,2022-09-29 13:19:18.233,0.003749
,,,2022-09-29 13:19:18.882,0.0041506
,,,2022-09-29 13:19:19.543,0.0029456
,,,2022-09-29 13:19:20.187,0.0030795
,,,2022-09-29 13:19:20.839,0.0042845
,,,2022-09-29 13:19:21.461,0.0036151
,,,2022-09-29 13:19:22.105,0.0044184
,,,2022-09-29 13:19:22.752,0.0038828
,,,2022-09-29 13:19:23.395,0.0050879
,,,2022-09-29 13:19:24.044,0.0027448
,,,2022-09-29 13:19:24.700,0.0025439
,,,2022-09-29 13:19:25.343,0.0042845
,,,2022-09-29 13:19:25.981,0.0041506
,,,2022-09-29 13:19:26.637,0.0028117
,,,2022-09-29 13:19:27.290,0.0041506
,,,2022-09-29 13:19:27.935,0.0053556
,,,2022-09-29 13:19:28.593,0.0028117
,,,2022-09-29 13:19:29.238,0.0030795
,,,2022-09-29 13:19:29.898,0.006159
,,,2022-09-29 13:19:30.549,0.0028117
,,,2022-09-29 13:19:31.202,0.0034812
,,,2022-09-29 13:19:31.852,0.004954
,,,2022-09-29 13:19:32.510,0.0029456
,,,2022-09-29 13:19:33.167,0.0032134
,,,2022-09-29 13:19:33.825,0.0052218
,,,2022-09-29 13:19:34.466,0.0032134
,,,2022-09-29 13:19:35.117,0.0036151
,,,2022-09-29 13:19:35.764,0.0034812
,,,2022-09-29 13:19:36.388,0.0038828
,,,2022-09-29 13:19:37.040,0.003749
,,,2022-09-29 13:19:37.690,0.0038828
,,,2022-09-29 13:19:38.348,0.003749
,,,2022-09-29 13:19:38.998,0.0032134
,,,2022-09-29 13:19:39.650,0.0040167
,,,2022-09-29 13:19:40.332,0.0040167
,,,2022-09-29 13:19:40.963,0.0038828
,,,2022-09-29 13:19:41.615,0.0029456
,,,2022-09-29 13:19:42.246,0.0046862
,,,2022-09-29 13:19:42.868,0.003749
,,,2022-09-29 13:19:43.494,0.0033473
,,,2022-09-29 13:19:44.154,0.0033473
,,,2022-09-29 13:19:44.827,0.0033473
,,,2022-09-29 13:19:45.449,0.0041506
,,,2022-09-29 13:19:46.093,0.0033473
,,,2022-09-29 13:19:46.746,0.0029456
,,,2022-09-29 13:19:47.391,0.003749
,,,2022-09-29 13:19:48.036,0.0046192
,,,2022-09-29 13:19:48.687,0.0025439
,,,2022-09-29 13:19:49.351,0.003749
,,,2022-09-29 13:19:49.976,0.0036151
,,,2022-09-29 13:19:50.642,0.0030795
,,,2022-09-29 13:19:51.295,0.0041506
,,,2022-09-29 13:19:51.921,0.003749
,,,2022-09-29 13:19:52.576,0.0028117
,,,2022-09-29 13:19:53.228,0.0029456
,,,2022-09-29 13:19:53.893,0.0029456
,,,2022-09-29 13:19:54.549,0.0041506
,,,2022-09-29 13:19:55.203,0.0040167
,,,2022-09-29 13:19:55.859,0.0035481
,,,2022-09-29 13:19:56.512,0.0030795
,,,2022-09-29 13:19:57.152,0.004954
,,,2022-09-29 13:19:57.799,0.0030795
,,,2022-09-29 13:19:58.448,0.0050879
,,,2022-09-29 13:19:59.097,0.0044184
,,,2022-09-29 13:19:59.758,0.0038828
,,,2022-09-29 13:20:00.399,0.0051548
,,,2022-09-29 13:20:01.048,0.0033473
,,,2022-09-29 13:20:01.707,0.0036151
,,,2022-09-29 13:20:02.358,0.004887
,,,2022-09-29 13:20:02.981,0.0036151
,,,2022-09-29 13:20:03.631,0.0036151
,,,2022-09-29 13:20:04.287,0.0045523
,,,2022-09-29 13:20:04.955,0.003749
,,,2022-09-29 13:20:05.607,0.0036151
,,,2022-09-29 13:20:06.260,0.0032134
,,,2022-09-29 13:20:06.885,0.0044184
,,,2022-09-29 13:20:07.538,0.0041506
,,,2022-09-29 13:20:08.194,0.0028117
,,,2022-09-29 13:20:08.846,0.0038828
,,,2022-09-29 13:20:09.482,0.0033473
,,,2022-09-29 13:20:10.131,0.0029456
,,,2022-09-29 13:20:10.789,0.0029456
,,,2022-09-29 13:20:11.414,0.0038828
,,,2022-09-29 13:20:12.059,0.0038159
,,,2022-09-29 13:20:12.682,0.0038828
,,,2022-09-29 13:20:13.343,0.0038828
,,,2022-09-29 13:20:13.986,0.0040837
,,,2022-09-29 13:20:14.636,0.004954
,,,2022-09-29 13:20:15.292,0.0029456
,,,2022-09-29 13:20:15.937,0.0042845
,,,2022-09-29 13:20:16.592,0.0039498
,,,2022-09-29 13:20:17.239,0.0034142
,,,2022-09-29 13:20:17.924,0.0035481
,,,2022-09-29 13:20:18.586,0.0038828
,,,2022-09-29 13:20:19.242,0.0042845
,,,2022-09-29 13:20:19.892,0.0035481
,,,2022-09-29 13:20:20.542,0.0041506
,,,2022-09-29 13:20:21.216,0.0028117
,,,2022-09-29 13:20:21.867,0.0042845
,,,2022-09-29 13:20:22.526,0.0030795
,,,2022-09-29 13:20:23.172,0.0046862
,,,2022-09-29 13:20:23.832,0.0032803
,,,2022-09-29 13:20:24.474,0.0034812
,,,2022-09-29 13:20:25.120,0.0034812
,,,2022-09-29 13:20:25.776,0.0030795
,,,2022-09-29 13:20:26.434,0.0028787
,,,2022-09-29 13:20:27.084,0.0035481
,,,2022-09-29 13:20:27.740,0.0028117
,,,2022-09-29 13:20:28.431,0.0053556
,,,2022-09-29 13:20:29.091,0.0029456
,,,2022-09-29 13:20:29.716,0.0034812
,,,2022-09-29 13:20:30.365,0.0033473
,,,2022-09-29 13:20:30.985,0.0046862
,,,2022-09-29 13:20:31.606,0.0028117
,,,2022-09-29 13:20:32.265,0.0028117
,,,2022-09-29 13:20:32.888,0.0045523
,,,2022-09-29 13:20:33.511,0.0062929
,,,2022-09-29 13:20:34.164,0.0040167
,,,2022-09-29 13:20:34.818,0.0040837
,,,2022-09-29 13:20:35.445,0.004887
,,,2022-09-29 13:20:36.095,0.0038828
,,,2022-09-29 13:20:36.750,0.0030795
,,,2022-09-29 13:20:37.400,0.0029456
,,,2022-09-29 13:20:38.026,0.0040167
,,,2022-09-29 13:20:38.649,0.0041506
,,,2022-09-29 13:20:39.303,0.0034812
,,,2022-09-29 13:20:39.927,0.0026778
,,,2022-09-29 13:20:40.578,0.0025439
,,,2022-09-29 13:20:41.212,0.003749
,,,2022-09-29 13:20:41.946,0.0028117
,,,2022-09-29 13:20:42.591,0.0032134
,,,2022-09-29 13:20:43.216,0.0029456
,,,2022-09-29 13:20:43.845,0.0042845
,,,2022-09-29 13:20:44.470,0.0034812
,,,2022-09-29 13:20:45.094,0.0045523
,,,2022-09-29 13:20:45.717,0.0032134
,,,2022-09-29 13:20:46.370,0.0042845
,,,2022-09-29 13:20:47.018,0.0029456
,,,2022-09-29 13:20:47.676,0.0032803
,,,2022-09-29 13:20:48.326,0.0044184
,,,2022-09-29 13:20:48.948,0.0032134
,,,2022-09-29 13:20:49.599,0.003749
,,,2022-09-29 13:20:50.246,0.0028787
,,,2022-09-29 13:20:50.867,0.0029456
,,,2022-09-29 13:20:51.513,0.0036151
,,,2022-09-29 13:20:52.170,0.0032134
,,,2022-09-29 13:20:52.816,0.0038828
,,,2022-09-29 13:20:53.442,0.0033473
,,,2022-09-29 13:20:54.091,0.0028117
,,,2022-09-29 13:20:54.747,0.0030795
,,,2022-09-29 13:20:55.402,0.0036151
,,,2022-09-29 13:20:56.073,0.0034812
,,,2022-09-29 13:20:56.729,0.0042845
,,,2022-09-29 13:20:57.381,0.0045523
,,,2022-09-29 13:20:58.037,0.0040837
,,,2022-09-29 13:20:58.677,0.0028787
,,,2022-09-29 13:20:59.334,0.0036151
,,,2022-09-29 13:20:59.972,0.0033473
,,,2022-09-29 13:21:00.627,0.0039498
,,,2022-09-29 13:21:01.276,0.0036151
,,,2022-09-29 13:21:01.922,0.0035481
,,,2022-09-29 13:21:02.579,0.0033473
,,,2022-09-29 13:21:03.220,0.0038828
,,,2022-09-29 13:21:03.842,0.0029456
,,,2022-09-29 13:21:04.486,0.002477
,,,2022-09-29 13:21:05.139,0.0029456
,,,2022-09-29 13:21:05.784,9.9E+37
,,,2022-09-29 13:21:05.902,0.0038828
,,,2022-09-29 13:21:06.550,0.0026778
,,,2022-09-29 13:21:07.188,0.0030795
,,,2022-09-29 13:21:07.831,0.0038828
,,,2022-09-29 13:21:08.475,0.0034812
,,,2022-09-29 13:21:09.125,0.0025439
,,,2022-09-29 13:21:09.775,0.0033473
,,,2022-09-29 13:21:10.406,0.0033473
,,,2022-09-29 13:21:11.056,0.0033473
,,,2022-09-29 13:21:11.708,0.003749
,,,2022-09-29 13:21:12.364,0.0033473
,,,2022-09-29 13:21:13.000,0.0029456
,,,2022-09-29 13:21:13.655,0.0046192
,,,2022-09-29 13:21:14.314,0.0038828
,,,2022-09-29 13:21:14.934,0.0034812
,,,2022-09-29 13:21:15.584,0.0032134
,,,2022-09-29 13:21:16.224,0.0032134
,,,2022-09-29 13:21:16.880,0.0034142
,,,2022-09-29 13:21:17.533,0.0036151
,,,2022-09-29 13:21:18.183,0.0038828
,,,2022-09-29 13:21:18.834,0.0044184
,,,2022-09-29 13:21:19.475,0.0040167
,,,2022-09-29 13:21:20.115,0.0036151
,,,2022-09-29 13:21:20.766,0.0030795
,,,2022-09-29 13:21:21.431,0.0042845
,,,2022-09-29 13:21:22.082,0.0028117
,,,2022-09-29 13:21:22.737,0.0043515
,,,2022-09-29 13:21:23.383,0.0036151
,,,2022-09-29 13:21:24.031,0.0044184
,,,2022-09-29 13:21:24.683,0.0047531
,,,2022-09-29 13:21:25.331,0.0029456
,,,2022-09-29 13:21:25.955,0.0052218
,,,2022-09-29 13:21:26.611,0.0038828
,,,2022-09-29 13:21:27.251,0.003749
,,,2022-09-29 13:21:27.876,0.0026778
,,,2022-09-29 13:21:28.500,0.0029456
,,,2022-09-29 13:21:29.147,0.0029456
,,,2022-09-29 13:21:29.800,0.0041506
,,,2022-09-29 13:21:30.446,0.0046862
,,,2022-09-29 13:21:31.100,0.0050879
,,,2022-09-29 13:21:31.758,0.0029456
,,,2022-09-29 13:21:32.399,0.0032134
,,,2022-09-29 13:21:33.044,0.0028117
,,,2022-09-29 13:21:33.695,0.0045523
,,,2022-09-29 13:21:34.352,0.0040167
,,,2022-09-29 13:21:34.998,0.0030795
,,,2022-09-29 13:21:35.646,0.0044854
,,,2022-09-29 13:21:36.290,0.0045523
,,,2022-09-29 13:21:36.931,0.004954
,,,2022-09-29 13:21:37.580,0.0040167
,,,2022-09-29 13:21:38.224,0.0048201
,,,2022-09-29 13:21:38.881,0.0032134
,,,2022-09-29 13:21:39.555,0.0029456
,,,2022-09-29 13:21:40.214,0.0038828
,,,2022-09-29 13:21:40.858,0.0030795
,,,2022-09-29 13:21:41.489,0.0036151
,,,2022-09-29 13:21:42.163,0.0053556
,,,2022-09-29 13:21:42.792,0.0042845
,,,2022-09-29 13:21:43.416,0.0036151
,,,2022-09-29 13:21:44.065,0.0028117
,,,2022-09-29 13:21:44.697,0.0032803
,,,2022-09-29 13:21:45.323,0.0029456
,,,2022-09-29 13:21:46.106,0.0028117
,,,2022-09-29 13:21:46.763,0.003749
,,,2022-09-29 13:21:47.399,0.0032134
,,,2022-09-29 13:21:48.042,0.0030126
,,,2022-09-29 13:21:48.690,0.0032134
,,,2022-09-29 13:21:49.361,0.0036151
,,,2022-09-29 13:21:50.001,0.0031464
,,,2022-09-29 13:21:50.645,0.0042845
,,,2022-09-29 13:21:51.290,0.0029456
,,,2022-09-29 13:21:51.940,0.0030126
,,,2022-09-29 13:21:52.590,0.0034812
,,,2022-09-29 13:21:53.232,0.0034142
,,,2022-09-29 13:21:53.881,0.0040837
,,,2022-09-29 13:21:54.546,0.0048201
,,,2022-09-29 13:21:55.188,0.004954
,,,2022-09-29 13:21:55.844,0.0031464
,,,2022-09-29 13:21:56.485,0.0028117
,,,2022-09-29 13:21:57.138,0.0029456
,,,2022-09-29 13:21:57.784,0.0029456
,,,2022-09-29 13:21:58.408,0.0029456
,,,2022-09-29 13:21:59.057,0.0044854
,,,2022-09-29 13:21:59.710,0.0033473
,,,2022-09-29 13:22:00.359,0.0030795
,,,2022-09-29 13:22:01.010,0.0030795
,,,2022-09-29 13:22:01.665,0.0038159
,,,2022-09-29 13:22:02.317,0.0035481
,,,2022-09-29 13:22:02.953,0.0029456
,,,2022-09-29 13:22:03.598,0.0048201
,,,2022-09-29 13:22:04.246,0.0029456
,,,2022-09-29 13:22:04.897,0.003749
,,,2022-09-29 13:22:05.550,0.0036151
,,,2022-09-29 13:22:06.200,0.0029456
,,,2022-09-29 13:22:06.857,0.0030126
,,,2022-09-29 13:22:07.513,0.0029456
,,,2022-09-29 13:22:08.163,0.0028117
,,,2022-09-29 13:22:08.816,0.0044854
,,,2022-09-29 13:22:09.464,0.0052218
,,,2022-09-29 13:22:10.117,0.0044184
,,,2022-09-29 13:22:10.770,0.0030795
,,,2022-09-29 13:22:11.412,0.0041506
,,,2022-09-29 13:22:12.063,0.0029456
,,,2022-09-29 13:22:12.714,0.0033473
,,,2022-09-29 13:22:13.363,0.0029456
,,,2022-09-29 13:22:14.013,0.0050879
,,,2022-09-29 13:22:14.665,0.0044854
,,,2022-09-29 13:22:15.318,0.0032134
,,,2022-09-29 13:22:15.977,0.0038828
,,,2022-09-29 13:22:16.629,0.0034142
,,,2022-09-29 13:22:17.280,0.0041506
,,,2022-09-29 13:22:17.971,0.0036151
,,,2022-09-29 13:22:18.630,0.0030795
,,,2022-09-29 13:22:19.286,0.0030126
,,,2022-09-29 13:22:19.931,0.0034812
,,,2022-09-29 13:22:20.683,0.0036151
,,,2022-09-29 13:22:21.342,0.0046862
,,,2022-09-29 13:22:21.981,0.0025439
,,,2022-09-29 13:22:22.635,0.0041506
,,,2022-09-29 13:22:23.307,0.0033473
,,,2022-09-29 13:22:23.950,0.0046862
,,,2022-09-29 13:22:24.607,0.0038828
,,,2022-09-29 13:22:25.252,0.0040167
,,,2022-09-29 13:22:25.906,0.0038159
,,,2022-09-29 13:22:26.553,0.0044184
,,,2022-09-29 13:22:27.202,0.0038159
,,,2022-09-29 13:22:27.868,0.0025439
,,,2022-09-29 13:22:28.531,0.0035481
,,,2022-09-29 13:22:29.185,0.0036151
,,,2022-09-29 13:22:29.835,0.0029456
,,,2022-09-29 13:22:30.540,0.0031464
,,,2022-09-29 13:22:31.190,0.0030126
,,,2022-09-29 13:22:31.846,0.0041506
,,,2022-09-29 13:22:32.493,0.0034812
,,,2022-09-29 13:22:33.142,0.0036151
,,,2022-09-29 13:22:33.788,0.0032134
,,,2022-09-29 13:22:34.429,0.0040167
